year,sport,school,conference,record,berth_type
2014,baseball,Binghamton,America East,25–25 (11–12),Tournament
2014,baseball,Houston,American,44–15 (14–9),Tournament
2014,baseball,Georgia Tech,Atlantic Coast,36–25 (14–16),Tournament
2014,baseball,Kennesaw State,Atlantic Sun,37–21 (17–9),Tournament
2014,baseball,George Mason,Atlantic 10,34–20 (16–9),Tournament
2014,baseball,TCU,Big 12,42–15 (17–7),Tournament
2014,baseball,Xavier,Big East,29–27 (8–10),Tournament
2014,baseball,Campbell,Big South,40–19 (18–8),Tournament
2014,baseball,Indiana,Big Ten,42–13 (21–3),Tournament
2014,baseball,Cal Poly,Big West,45–10 (19–5),Regular season
2014,baseball,College of Charleston,Colonial,41–17 (15–6),Tournament
2014,baseball,Rice,Conference USA,41–18 (23–7),Tournament
2014,baseball,Youngstown State,Horizon,16–36 (6–17),Tournament
2014,baseball,Columbia,Ivy League,29–18 (15–5),Championship series
2014,baseball,Siena,Metro Atlantic,26–31 (17–7),Tournament
2014,baseball,Kent State,Mid-American,36–21 (16–11),Tournament
2014,baseball,Bethune-Cookman,Mid-Eastern,26–31 (14–10),Tournament
2014,baseball,Dallas Baptist,Missouri Valley,40–19 (14–7),Tournament
2014,baseball,San Diego State,Mountain West,42–19 (17–13),Tournament
2014,baseball,Bryant,Northeast,42–14 (19–5),Tournament
2014,baseball,Jacksonville State,Ohio Valley,36–25 (18–12),Tournament
2014,baseball,Oregon State,Pac-12,42–12 (23–7),Regular season
2014,baseball,Bucknell,Patriot,30–19–1 (15–5),Tournament
2014,baseball,LSU,Southeastern,44–14–1 (17–11–1),Tournament
2014,baseball,Georgia Southern,Southern,39–21 (15–12),Tournament
2014,baseball,Southeastern Louisiana,Southland,37–23 (14–10),Tournament
2014,baseball,Jackson State,Southwestern Athletic,31–23 (9–15),Tournament
2014,baseball,North Dakota State,Summit,25–24 (9–12),Tournament
2014,baseball,Louisiana–Lafayette,Sun Belt,53–7 (26–4),Tournament
2014,baseball,Pepperdine,West Coast,39–16 (18–9),Tournament
2014,baseball,Sacramento State,Western Athletic,39–22 (21–6),Tournament
2014,baseball,SEC,10,"Alabama, Arkansas, Florida, Kentucky, LSU, Mississippi State, Ole Miss, South Carolina, Texas A&M, Vanderbilt",
2014,baseball,ACC,7,"Clemson, Florida State, Georgia Tech, Maryland, Miami (FL), North Carolina, Virginia",
2014,baseball,Big 12,5,"Kansas, Oklahoma State, TCU, Texas, Texas Tech",
2014,baseball,Pac-12,5,"Arizona State, Oregon, Oregon State, Stanford, Washington",
2014,baseball,Big West,4,"Cal Poly, Cal State Fullerton, Long Beach State, UC Irvine",
2014,baseball,American,2,"Houston, Louisville",
2014,baseball,Big South,2,"Campbell, Liberty",
2014,baseball,Big Ten,2,"Indiana, Nebraska",
2014,baseball,Conference USA,2,"Old Dominion, Rice",
2014,baseball,Missouri Valley,2,"Dallas Baptist, Indiana State",
2014,baseball,Mountain West,2,"San Diego State, UNLV",
2014,baseball,Southland,2,"Sam Houston State, Southeastern Louisiana",
2014,baseball,America East,1,Binghamton,
2014,baseball,Atlantic 10,1,George Mason,
2014,baseball,Atlantic Sun,1,Kennesaw State,
2014,baseball,Big East,1,Xavier,
2014,baseball,Colonial,1,College of Charleston,
2014,baseball,Horizon,1,Youngstown State,
2014,baseball,Ivy,1,Columbia,
2014,baseball,MAAC,1,Siena,
2014,baseball,Mid-American,1,Kent State,
2014,baseball,MEAC,1,Bethune-Cookman,
2014,baseball,NEC,1,Bryant,
2014,baseball,Ohio Valley,1,Jacksonville State,
2014,baseball,Patriot,1,Bucknell,
2014,baseball,Southern,1,Georgia Southern,
2014,baseball,SWAC,1,Jackson State,
2014,baseball,Summit,1,North Dakota State,
2014,baseball,Sun Belt,1,Louisiana–Lafayette,
2014,baseball,WAC,1,Sacramento State,
2014,baseball,West Coast,1,Pepperdine,
2014,baseball,Louisville,American,50–15 (19–5),Dan McDonnell
2014,baseball,Ole Miss,SEC,46–19 (19–11),Mike Bianco
2014,baseball,Texas,Big 12,43–19 (13–11),Augie Garrido
2014,baseball,Texas Tech,Big 12,45–19 (14–10),Tim Tadlock
2014,baseball,UC Irvine,Big West,40–23 (15–9),Mike Gillespie
2014,baseball,Vanderbilt,SEC,46–19 (17–13),Tim Corbin
2014,baseball,Virginia,ACC,49–14 (22–8),Brian O'Connor
2014,baseball,P,Artie Lewicki,Virginia,
2014,baseball,Brandon Waddell,Virginia,,
2014,baseball,C,Nate Irving,Virginia,
2014,baseball,1B,Kevin Cron,TCU,
2014,baseball,2B,Branden Cogswell,Virginia,
2014,baseball,3B,Tyler Campbell,Vanderbilt,
2014,baseball,SS,C. J. Hinojosa,Texas,
2014,baseball,OF,Brandon Downes,Virginia,
2014,baseball,John Norwood,Vanderbilt,,
2014,baseball,Rhett Wiseman,Vanderbilt,,
2014,baseball,DH,Dansby Swanson ( MOP ),Vanderbilt,
2014,baseball,1st,Vanderbilt,10–3,
2014,baseball,2nd,#3 Virginia,9–3,
2014,baseball,3rd,Ole Miss,7–3,
2014,baseball,5th,#7 TCU,6–3,
2014,baseball,7th,Louisville,5–2,
2014,baseball,9th,College of Charleston,3–2,
2014,baseball,#6 Louisiana–Lafayette,5–3,,
2014,baseball,Maryland,4–2,,
2014,baseball,Oklahoma State,3–2,,
2014,baseball,Stanford,5–3,,
2014,baseball,17th,Alabama,3–2,
2014,baseball,Arkansas,2–2,,
2014,baseball,Cal State Fullerton,2–2,,
2014,baseball,#4 Indiana,2–2,,
2014,baseball,Kentucky,2–2,,
2014,baseball,Long Beach State,2–2,,
2014,baseball,#8 LSU,2–2,,
2014,baseball,Miami (FL),3–2,,
2014,baseball,Mississippi State,2–2,,
2014,baseball,Oregon,2–2,,
2014,baseball,#1 Oregon State,3–2,,
2014,baseball,Sam Houston State,2–2,,
2014,baseball,South Carolina,2–2,,
2014,baseball,Texas A&M,3–2,,
2014,baseball,Washington,2–2,,
2014,baseball,33rd,Bethune-Cookman,1–2,
2014,baseball,Kansas,1–2,,
2014,baseball,Nebraska,1–2,,
2014,baseball,North Carolina,1–2,,
2014,baseball,UNLV,1–2,,
2014,baseball,49th,Arizona State,0–2,
2014,baseball,Clemson,0–2,,
2014,baseball,#2 Florida,0–2,,
2014,baseball,#5 Florida State,0–2,,
2014,baseball,Indiana State,0–2,,
2014,baseball,Liberty,0–2,,
2014,baseball,Old Dominion,0–2,,
2015,baseball,Stony Brook,America East,34–14 (18–4),Tournament
2015,baseball,East Carolina,American,40–20 (15–9),Tournament
2015,baseball,Florida State,ACC,41–19 (17–13),Tournament
2015,baseball,Lipscomb,Atlantic Sun,39–18 (13–8),Tournament
2015,baseball,VCU,Atlantic 10,37–22 (14–10),Tournament
2015,baseball,Texas,Big 12,29–25 (11–13),Tournament
2015,baseball,St. John's,Big East,39–14 (14–3),Tournament
2015,baseball,Radford,Big South,43–14 (20–4),Tournament
2015,baseball,Michigan,Big Ten,37–23 (14–10),Tournament
2015,baseball,Cal State Fullerton,Big West,34–22 (19–5),Regular season
2015,baseball,UNC Wilmington,Colonial,39–16 (18–6),Tournament
2015,baseball,FIU,Conference USA,28–29 (13–17),Tournament
2015,baseball,Wright State,Horizon,41–15 (21–8),Tournament
2015,baseball,Columbia,Ivy League,29–15 (16–4),Championship series
2015,baseball,Canisius,Metro Atlantic,34–28 (16–8),Tournament
2015,baseball,Ohio,Mid-American,36–19 (17–10),Tournament
2015,baseball,Florida A&M,Mid-Eastern,23–23 (15–9),Tournament
2015,baseball,Missouri State,Missouri Valley,45–10 (18–3),Tournament
2015,baseball,San Diego State,Mountain West,40–21 (19–10),Tournament
2015,baseball,Sacred Heart,Northeast,23–30 (13–11),Tournament
2015,baseball,Morehead State,Ohio Valley,37–20 (20–10),Tournament
2015,baseball,UCLA,Pac-12,42–14 (22–8),Regular season
2015,baseball,Lehigh,Patriot,25–27 (12–8),Tournament
2015,baseball,Florida,Southeastern,44–16 (19–11),Tournament
2015,baseball,Mercer,Southern,35–21 (16–7),Tournament
2015,baseball,Houston Baptist,Southland,28–25 (14–13),Tournament
2015,baseball,Texas Southern,Southwestern Athletic,31–17 (16–7),Tournament
2015,baseball,Oral Roberts,Summit,41–14 (25–5),Tournament
2015,baseball,Louisiana–Lafayette,Sun Belt,39–21 (18–11),Tournament
2015,baseball,Pepperdine,West Coast,30–27 (17–10),Tournament
2015,baseball,Cal State Bakersfield,Western Athletic,36–22 (17–9),Tournament
2015,baseball,SEC,7,"Arkansas, Auburn, Florida, LSU, Ole Miss, Texas A&M, Vanderbilt",
2015,baseball,ACC,7,"Clemson, Florida State, Louisville, Miami (FL), NC State, Notre Dame, Virginia",
2015,baseball,Pac-12,6,"Arizona State, California, Oregon, Oregon State, UCLA, USC",
2015,baseball,Big Ten,5,"Illinois, Indiana, Iowa, Maryland, Michigan",
2015,baseball,American,4,"East Carolina, Houston, South Florida, Tulane",
2015,baseball,Big 12,3,"Oklahoma State, TCU, Texas",
2015,baseball,Conference USA,3,"Florida Atlantic, FIU, Rice",
2015,baseball,Missouri Valley,3,"Bradley, Dallas Baptist, Missouri State",
2015,baseball,Big West,2,"Cal State Fullerton, UC Santa Barbara",
2015,baseball,Big South,2,"Coastal Carolina, Radford",
2015,baseball,Colonial,2,"College of Charleston, UNC Wilmington",
2015,baseball,America East,1,Stony Brook,
2015,baseball,Atlantic 10,1,VCU,
2015,baseball,Atlantic Sun,1,Lipscomb,
2015,baseball,Big East,1,St. John's,
2015,baseball,Horizon,1,Wright State,
2015,baseball,Ivy,1,Columbia,
2015,baseball,MAAC,1,Canisius,
2015,baseball,Mid-American,1,Ohio,
2015,baseball,MEAC,1,Florida A&M,
2015,baseball,Mountain West,1,San Diego State,
2015,baseball,NEC,1,Sacred Heart,
2015,baseball,Ohio Valley,1,Morehead State,
2015,baseball,Patriot,1,Lehigh,
2015,baseball,Southern,1,Mercer,
2015,baseball,SWAC,1,Texas Southern,
2015,baseball,Southland,1,Houston Baptist,
2015,baseball,Summit,1,Oral Roberts,
2015,baseball,Sun Belt,1,Louisiana–Lafayette,
2015,baseball,WAC,1,Cal State Bakersfield,
2015,baseball,West Coast,1,Pepperdine,
2015,baseball,Arkansas,SEC,40–23 (17–12),Dave Van Horn
2015,baseball,LSU,SEC,53–10 (21–8),Paul Mainieri
2015,baseball,Miami (FL),ACC,49–15 (22–8),Jim Morris
2015,baseball,TCU,Big 12,49–13 (18–5),Jim Schlossnagle
2015,baseball,Vanderbilt,SEC,47–19 (20–10),Tim Corbin
2015,baseball,Virginia,ACC,39–22 (15–15),Brian O'Connor
2015,baseball,P,Josh Sborz ( MOP ),Virginia,
2015,baseball,Brandon Waddell,Virginia,,
2015,baseball,C,Kade Scivicque,LSU,
2015,baseball,1B,Zander Wiel,Vanderbilt,
2015,baseball,2B,Ernie Clement,Virginia,
2015,baseball,3B,Kenny Towns,Virginia,
2015,baseball,SS,Daniel Pinero,Virginia,
2015,baseball,OF,Bryan Reynolds,Vanderbilt,
2015,baseball,Harrison Bader,Florida,,
2015,baseball,Jacob Heyward,Miami (FL),,
2015,baseball,DH,Connor Wanhanen,TCU,
2015,baseball,1st,Virginia,10–2,
2015,baseball,2nd,Vanderbilt,9–2,
2015,baseball,3rd,#4 Florida,8–2,
2015,baseball,#7 TCU,8–4,,
2015,baseball,5th,#2 LSU,6–2,
2015,baseball,#5 Miami (FL),6–3,,
2015,baseball,7th,Arkansas,5–3,
2015,baseball,9th,Florida State,3–2,
2015,baseball,#6 Illinois,3–2,,
2015,baseball,#3 Louisville,4–2,,
2015,baseball,Maryland,3–3,,
2015,baseball,#8 Missouri State,4–2,,
2015,baseball,Texas A&M,5–3,,
2015,baseball,17th,California,2–2,
2015,baseball,College of Charleston,2–2,,
2015,baseball,Dallas Baptist,3–2,,
2015,baseball,Florida Atlantic,2–2,,
2015,baseball,Iowa,2–2,,
2015,baseball,NC State,2–2,,
2015,baseball,Rice,2–2,,
2015,baseball,#1 UCLA,3–2,,
2015,baseball,USC,2–2,,
2015,baseball,33rd,Arizona State,1–2,
2015,baseball,Auburn,1–2,,
2015,baseball,Bradley,1–2,,
2015,baseball,Coastal Carolina,1–2,,
2015,baseball,Florida International,1–2,,
2015,baseball,Houston,1–2,,
2015,baseball,Indiana,1–2,,
2015,baseball,Notre Dame,1–2,,
2015,baseball,Oklahoma State,1–2,,
2015,baseball,Oregon,1–2,,
2015,baseball,Oregon State,1–2,,
2015,baseball,South Florida,1–2,,
2015,baseball,Tulane,1–2,,
2015,baseball,49th,Canisius,0–2,
2015,baseball,Clemson,0–2,,
2015,baseball,Ole Miss,0–2,,
2015,baseball,UC Santa Barbara,0–2,,
2016,baseball,Binghamton,America East,30–23 (19–5),Tournament
2016,baseball,Connecticut,American,37–23 (14–9),Tournament
2016,baseball,Clemson,ACC,42–18 (16–14),Tournament
2016,baseball,Stetson,Atlantic Sun,29–29 (9–12),Tournament
2016,baseball,Rhode Island,Atlantic 10,30–25 (18–6),Tournament
2016,baseball,TCU,Big 12,42–15 (15–9),Tournament
2016,baseball,Xavier,Big East,30–28 (14–4),Tournament
2016,baseball,Coastal Carolina,Big South,44–15 (21–3),Tournament
2016,baseball,Ohio State,Big Ten,43–18–1 (15–9),Tournament
2016,baseball,Cal State Fullerton,Big West,35–21 (17–7),Regular season
2016,baseball,William & Mary,Colonial,29–29 (14–9),Tournament
2016,baseball,Southern Miss,Conference USA,40–18 (20–10),Tournament
2016,baseball,Wright State,Horizon,44–15 (23–6),Tournament
2016,baseball,Princeton,Ivy League,24–19 (13–7),Championship series
2016,baseball,Fairfield,Metro Atlantic,32–24 (17–7),Tournament
2016,baseball,Western Michigan,Mid-American,22–32 (11–13),Tournament
2016,baseball,Bethune-Cookman,Mid-Eastern,29–25 (17–7),Tournament
2016,baseball,Dallas Baptist,Missouri Valley,41–17 (15–5),Tournament
2016,baseball,New Mexico,Mountain West,38–21 (20–10),Tournament
2016,baseball,Bryant,Northeast,47–10 (26–4),Tournament
2016,baseball,Southeast Missouri State,Ohio Valley,39–19 (22–8),Tournament
2016,baseball,Utah,Pac-12,25–27 (19–11),Regular season
2016,baseball,Navy,Patriot,42–14–1 (15–5),Tournament
2016,baseball,Texas A&M,Southeastern,45–14 (20–10),Tournament
2016,baseball,Western Carolina,Southern,30–29 (15–9),Tournament
2016,baseball,Sam Houston State,Southland,41–20 (24–6),Tournament
2016,baseball,Alabama State,Southwestern Athletic,38–15 (24–0),Tournament
2016,baseball,Oral Roberts,Summit,38–19 (22–8),Tournament
2016,baseball,Louisiana–Lafayette,Sun Belt,41–19 (21–9),Tournament
2016,baseball,Saint Mary's,West Coast,33–23 (18–9),Tournament
2016,baseball,Utah Valley,Western Athletic,37–21 (18–9),Tournament
2016,baseball,ACC,10,"Boston College, Clemson, Duke, Florida State, Georgia Tech, Louisville, Miami (FL), NC State, Virginia, Wake Forest",
2016,baseball,SEC,7,"Florida, LSU, Mississippi State, Ole Miss, South Carolina, Texas A&M, Vanderbilt",
2016,baseball,Conference USA,4,"Florida Atlantic, Louisiana Tech, Rice, Southern Miss",
2016,baseball,Pac-12,4,"Arizona, Arizona State, Utah, Washington",
2016,baseball,American,3,"East Carolina, Tulane, UConn",
2016,baseball,Big Ten,3,"Minnesota, Nebraska, Ohio State",
2016,baseball,Big 12,3,"Oklahoma State, TCU, Texas Tech",
2016,baseball,Big West,3,"Cal State Fullerton, Long Beach State, UC Santa Barbara",
2016,baseball,Colonial,2,"UNC Wilmington, William & Mary",
2016,baseball,Southland,2,"Sam Houston State, Southeastern Louisiana",
2016,baseball,Sun Belt,2,"Louisiana–Lafayette, South Alabama",
2016,baseball,West Coast,2,"Gonzaga, Saint Mary's (CA)",
2016,baseball,America East,1,Binghamton,
2016,baseball,Atlantic 10,1,Rhode Island,
2016,baseball,Atlantic Sun,1,Stetson,
2016,baseball,Big East,1,Xavier,
2016,baseball,Big South,1,Coastal Carolina,
2016,baseball,Horizon,1,Wright State,
2016,baseball,Ivy,1,Princeton,
2016,baseball,MAAC,1,Fairfield,
2016,baseball,Mid-American,1,Western Michigan,
2016,baseball,MEAC,1,Bethune-Cookman,
2016,baseball,Missouri Valley,1,Dallas Baptist,
2016,baseball,Mountain West,1,New Mexico,
2016,baseball,NEC,1,Bryant,
2016,baseball,Ohio Valley,1,Southeast Missouri State,
2016,baseball,Patriot,1,Navy,
2016,baseball,Southern,1,Western Carolina,
2016,baseball,SWAC,1,Alabama State,
2016,baseball,Summit,1,Oral Roberts,
2016,baseball,WAC,1,Utah Valley,
2016,baseball,Arizona,Pac-12,44–21 (16–14),Jay Johnson
2016,baseball,Florida,SEC,52–14 (19–10),Kevin O'Sullivan
2016,baseball,Miami (FL),ACC,50–12 (21–7),Jim Morris
2016,baseball,Oklahoma State,Big 12,39–20 (16–8),Josh Holliday
2016,baseball,Texas Tech,Big 12,44–16 (19–5),Tim Tadlock
2016,baseball,UC Santa Barbara,Big West,42–18–1 (13–11),Andrew Checketts
2016,baseball,P,Andrew Beckwith ( MOP ),Coastal Carolina,
2016,baseball,J. C. Cloney,Arizona,,
2016,baseball,C,David Parrett,Coastal Carolina,
2016,baseball,1B,Ryan Aguilar,Arizona,
2016,baseball,2B,Cody Ramer,Arizona,
2016,baseball,3B,Zach Remillard,Coastal Carolina,
2016,baseball,SS,Ryan Merrill,TCU,
2016,baseball,OF,Anthony Marks,Coastal Carolina,
2016,baseball,Zach Gibbons,Arizona,,
2016,baseball,Jared Oliva,Arizona,,
2016,baseball,DH,Luken Baker,TCU,
2016,baseball,1st,Coastal Carolina,11–3,
2016,baseball,2nd,Arizona,11–4,
2016,baseball,3rd,Oklahoma State,7–2,
2016,baseball,5th,UC Santa Barbara,6–2,
2016,baseball,No. 5 Texas Tech,6–4,,
2016,baseball,7th,No. 1 Florida,5–3,
2016,baseball,No. 3 Miami,5–3,,
2016,baseball,9th,Boston College,4–2,
2016,baseball,East Carolina,4–2,,
2016,baseball,Florida State,4–2,,
2016,baseball,No. 2 Louisville,3–2,,
2016,baseball,No. 8 LSU,3–3,,
2016,baseball,No. 6 Mississippi State,3–2,,
2016,baseball,South Carolina,4–3,,
2016,baseball,No. 4 Texas A&M,4–2,,
2016,baseball,17th,Arizona State,2–2,
2016,baseball,No. 7 Clemson,2–2,,
2016,baseball,Georgia Tech,2–2,,
2016,baseball,Long Beach State,2–2,,
2016,baseball,Louisiana Tech,2–2,,
2016,baseball,Minnesota,2–2,,
2016,baseball,NC State,3–2,,
2016,baseball,Rice,3–2,,
2016,baseball,South Alabama,2–2,,
2016,baseball,Tulane,2–2,,
2016,baseball,UNC Wilmington,2–2,,
2016,baseball,33rd,Cal State Fullerton,1–2,
2016,baseball,Florida Atlantic,1–2,,
2016,baseball,Gonzaga,1–2,,
2016,baseball,Southeastern Louisiana,1–2,,
2016,baseball,Virginia,1–2,,
2016,baseball,Wake Forest,1–2,,
2016,baseball,Washington,1–2,,
2016,baseball,49th,Alabama State,0–2,
2016,baseball,Duke,0–2,,
2016,baseball,Nebraska,0–2,,
2016,baseball,Ole Miss,0–2,,
2016,baseball,Saint Mary's (CA),0–2,,
2016,baseball,Vanderbilt,0–2,,
2017,baseball,UMBC,America East,23–23 (11–9),Tournament
2017,baseball,Houston,American,40–19 (15–9),Tournament
2017,baseball,Florida State,ACC,39–20 (14–14),Tournament
2017,baseball,Florida Gulf Coast,Atlantic Sun,42–18 (13–8),Tournament
2017,baseball,Davidson,Atlantic 10,32–24 (13–11),Tournament
2017,baseball,Oklahoma State,Big 12,30–25 (8–14),Tournament
2017,baseball,Xavier,Big East,32–25 (10–6),Tournament
2017,baseball,Radford,Big South,27–30 (11–13),Tournament
2017,baseball,Iowa,Big Ten,38–20 (15–9),Tournament
2017,baseball,Long Beach State,Big West,37–17–1 (20–4),Regular season
2017,baseball,Delaware,Colonial,34–21 (15–9),Tournament
2017,baseball,Rice,Conference USA,31–29 (17–14),Tournament
2017,baseball,UIC,Horizon,39–15 (22–8),Tournament
2017,baseball,Yale,Ivy League,30–16 (16–4),Championship series
2017,baseball,Marist,Metro Atlantic,32–21 (16–8),Tournament
2017,baseball,Ohio,Mid-American,31–26 (13–11),Tournament
2017,baseball,Bethune–Cookman,Mid–Eastern,33–23 (15–8),Tournament
2017,baseball,Dallas Baptist,Missouri Valley,40–19 (15–6),Tournament
2017,baseball,San Diego State,Mountain West,41–19 (20–10),Tournament
2017,baseball,Central Connecticut,Northeast,36–20 (21–7),Tournament
2017,baseball,Tennessee Tech,Ohio Valley,40–19 (23–7),Tournament
2017,baseball,Oregon State,Pac–12,49–4 (27–3),Regular season
2017,baseball,Holy Cross,Patriot,23–25 (12–8),Tournament
2017,baseball,LSU,Southeastern,43–17 (21–9),Tournament
2017,baseball,UNC Greensboro,Southern,35–22 (14–10),Tournament
2017,baseball,Sam Houston,Southland,40–20 (19–11),Tournament
2017,baseball,Texas Southern,Southwestern Athletic,20–32 (14–10),Tournament
2017,baseball,Oral Roberts,Summit,42–14 (25–4),Tournament
2017,baseball,South Alabama,Sun Belt,39–19 (22–8),Tournament
2017,baseball,BYU,West Coast,37–19 (20–7),Tournament
2017,baseball,Sacramento State,Western Athletic,32–27 (12–12),Tournament
2017,baseball,SEC,8,"Arkansas , Auburn , Florida , Kentucky , LSU , Mississippi State , Texas A&M , Vanderbilt",
2017,baseball,ACC,7,"Clemson , Florida State , Louisville , North Carolina , NC State , Virginia , Wake Forest",
2017,baseball,Big 12,7,"Baylor , Oklahoma , Oklahoma State , TCU , Texas , Texas Tech , West Virginia",
2017,baseball,Big Ten,5,"Indiana , Iowa , Maryland , Michigan , Nebraska",
2017,baseball,Pac-12,4,"Arizona , Oregon State , Stanford , UCLA",
2017,baseball,American,3,"Houston , South Florida , UCF",
2017,baseball,Big East,2,"St. John's , Xavier",
2017,baseball,Big West,2,"Cal State Fullerton , Long Beach State",
2017,baseball,Conference USA,2,"Rice , Southern Miss",
2017,baseball,Missouri Valley,2,"Dallas Baptist , Missouri State",
2017,baseball,Southland,2,"Sam Houston State , Southeastern Louisiana",
2017,baseball,America East,1,UMBC,
2017,baseball,Atlantic 10,1,Davidson,
2017,baseball,Atlantic Sun,1,Florida Gulf Coast,
2017,baseball,Big South,1,Radford,
2017,baseball,Colonial,1,Delaware,
2017,baseball,Horizon,1,UIC,
2017,baseball,Ivy,1,Yale,
2017,baseball,MAAC,1,Marist,
2017,baseball,Mid-American,1,Ohio,
2017,baseball,MEAC,1,Bethune-Cookman,
2017,baseball,Mountain West,1,San Diego State,
2017,baseball,NEC,1,Central Connecticut,
2017,baseball,Ohio Valley,1,Tennessee Tech,
2017,baseball,Patriot,1,Holy Cross,
2017,baseball,Southern,1,UNC Greensboro,
2017,baseball,Summit,1,Oral Roberts,
2017,baseball,Sun Belt,1,South Alabama,
2017,baseball,SWAC,1,Texas Southern,
2017,baseball,West Coast,1,BYU,
2017,baseball,WAC,1,Sacramento State,
2017,baseball,Cal State Fullerton,Big West,39–22 (15–9),Rick Vanderhook
2017,baseball,Florida,SEC,47–18 (21–9),Kevin O'Sullivan
2017,baseball,Louisville,ACC,52–10 (23–6),Dan McDonnell
2017,baseball,TCU,Big 12,47–16 (16–8),Jim Schlossnagle
2017,baseball,Texas A&M,SEC,41–21 (16–14),Rob Childress
2017,baseball,P,Alex Faedo ( MOP ),Florida,
2017,baseball,Brady Singer,Florida,,
2017,baseball,C,Michael Papierski,LSU,
2017,baseball,1B,Drew Mendoza,Florida State,
2017,baseball,2B,Nick Madrigal,Oregon State,
2017,baseball,3B,Dylan Busby,Florida State,
2017,baseball,SS,Timmy Richards,Cal State Fullerton,
2017,baseball,OF,Antoine Duplantis,LSU,
2017,baseball,Austin Langworthy,Florida,,
2017,baseball,Zach Watson,LSU,,
2017,baseball,DH,Brendan McKay,Louisville,
2017,baseball,1st,No. 3 Florida,10–3,
2017,baseball,2nd,No. 4 LSU,9–3,
2017,baseball,3rd,No. 1 Oregon St,7–2,
2017,baseball,No. 6 TCU,8–2,,
2017,baseball,5th,Florida State,7–3,
2017,baseball,No. 7 Louisville,6–2,,
2017,baseball,7th,Cal State Fullerton,5–3,
2017,baseball,9th,Davidson,3–2,
2017,baseball,Kentucky,4–3,,
2017,baseball,Long Beach St.,5–3,,
2017,baseball,Mississippi State,4–3,,
2017,baseball,Missouri State,3–3,,
2017,baseball,Sam Houston St.,4–3,,
2017,baseball,Vanderbilt,3–3,,
2017,baseball,Wake Forest,4–2,,
2017,baseball,17th,Arkansas,3–2,
2017,baseball,Auburn,2–2,,
2017,baseball,Clemson,3–2,,
2017,baseball,NC State,2–2,,
2017,baseball,No. 2 North Carolina,2–2,,
2017,baseball,Southern Miss,2–2,,
2017,baseball,No. 8 Stanford,2–2,,
2017,baseball,Texas,2–2,,
2017,baseball,No. 5 Texas Tech,2–2,,
2017,baseball,West Virginia,2–2,,
2017,baseball,33rd,Arizona,1–2,
2017,baseball,Indiana,1–2,,
2017,baseball,Maryland,1–2,,
2017,baseball,Oklahoma,1–2,,
2017,baseball,South Florida,1–2,,
2017,baseball,Southeastern Louisiana,1–2,,
2017,baseball,Virginia,1–2,,
2017,baseball,49th,Baylor,0–2,
2017,baseball,Central Connecticut State,0–2,,
2017,baseball,Michigan,0–2,,
2017,baseball,Nebraska,0–2,,
2017,baseball,St. John's,0–2,,
2017,baseball,UCF,0–2,,
2017,baseball,UCLA,0–2,,
2018,baseball,Hartford,America East,26–29 (17–8),Tournament
2018,baseball,East Carolina,American,43–16 (15–10),Tournament
2018,baseball,Florida State,ACC,43–17 (16–13),Tournament
2018,baseball,Stetson,Atlantic Sun,45–11 (15–3),Tournament
2018,baseball,Saint Louis,Atlantic 10,38–18 (20–4),Tournament
2018,baseball,Baylor,Big 12,36–19 (14–11),Tournament
2018,baseball,St. John's,Big East,39–15 (15–3),Tournament
2018,baseball,Campbell,Big South,35–24 (22–6),Tournament
2018,baseball,Minnesota,Big Ten,40–13 (18–4),Tournament
2018,baseball,Cal State Fullerton,Big West,32–23 (18–6),Regular season
2018,baseball,UNC Wilmington,Colonial,37–21 (14–9),Tournament
2018,baseball,Southern Miss,Conference USA,43–16 (23–6),Tournament
2018,baseball,Wright State,Horizon,39–15 (23–6),Tournament
2018,baseball,Columbia,Ivy League,20–27 (13–8),Championship series
2018,baseball,Canisius,Metro Atlantic,35–20 (16–8),Tournament
2018,baseball,Kent State,Mid-American,39–16 (19–8),Tournament
2018,baseball,North Carolina A&T,Mid-Eastern,32–23 (16–8),Tournament
2018,baseball,Missouri State,Missouri Valley,39–15 (18–3),Tournament
2018,baseball,San Diego State,Mountain West,39–19 (19–12),Tournament
2018,baseball,LIU Brooklyn,Northeast,31–24 (16–12),Tournament
2018,baseball,Morehead State,Ohio Valley,37–24 (20–12),Tournament
2018,baseball,Stanford,Pac-12,44–10 (22–8),Regular season
2018,baseball,Army,Patriot,35–22 (18–7),Tournament
2018,baseball,Ole Miss,Southeastern,46–15 (18–12),Tournament
2018,baseball,Samford,Southern,36–24 (16–8),Tournament
2018,baseball,Northwestern State,Southland,37–22 (18–12),Tournament
2018,baseball,Texas Southern,Southwestern Athletic,27–26 (17–6),Tournament
2018,baseball,Oral Roberts,Summit,38–18 (24–6),Tournament
2018,baseball,Coastal Carolina,Sun Belt,42–17 (23–7),Tournament
2018,baseball,Gonzaga,West Coast,32–22 (16–11),Tournament
2018,baseball,New Mexico State,Western Athletic,40–20 (17–7),Tournament
2018,baseball,SEC,10,"Arkansas , Auburn , Florida , Georgia , South Carolina , Ole Miss , Texas A&M , LSU , Mississippi State , Vanderbilt",
2018,baseball,ACC,6,"NC State , Duke , Louisville , Florida State , Clemson , North Carolina",
2018,baseball,Big 12,5,"Texas Tech , Texas , Oklahoma State , Oklahoma , Baylor",
2018,baseball,American,4,"East Carolina , Houston , South Florida , Connecticut",
2018,baseball,Big Ten,4,"Minnesota , Indiana , Ohio State , Purdue",
2018,baseball,Pac-12,4,"Oregon State , UCLA , Stanford , Washington",
2018,baseball,Atlantic Sun,2,"Stetson , Jacksonville",
2018,baseball,Colonial,2,"Northeastern , UNC Wilmington",
2018,baseball,Conference USA,2,"Southern Miss , Florida Atlantic",
2018,baseball,Missouri Valley,2,"Missouri State , Dallas Baptist",
2018,baseball,Ohio Valley,2,"Tennessee Tech , Morehead State",
2018,baseball,Sun Belt,2,"Coastal Carolina , Troy",
2018,baseball,America East,1,Hartford,
2018,baseball,Atlantic 10,1,Saint Louis,
2018,baseball,Big East,1,St. John's,
2018,baseball,Big South,1,Campbell,
2018,baseball,Big West,1,Cal State Fullerton,
2018,baseball,Horizon,1,Wright State,
2018,baseball,Ivy,1,Columbia,
2018,baseball,MAAC,1,Canisius,
2018,baseball,Mid-American,1,Kent State,
2018,baseball,MEAC,1,North Carolina A&T,
2018,baseball,Mountain West,1,San Diego State,
2018,baseball,NEC,1,LIU Brooklyn,
2018,baseball,Patriot,1,Army,
2018,baseball,Southern,1,Samford,
2018,baseball,Southland,1,Northwestern State,
2018,baseball,Summit,1,Oral Roberts,
2018,baseball,SWAC,1,Texas Southern,
2018,baseball,West Coast,1,Gonzaga,
2018,baseball,WAC,1,New Mexico State,
2018,baseball,Arkansas,SEC,44–19 (18–12),Dave Van Horn
2018,baseball,Florida,SEC,47–19 (20–10),Kevin O'Sullivan
2018,baseball,Mississippi State,SEC,37–27 (15–15),Gary Henderson
2018,baseball,North Carolina,ACC,43–18 (22–8),Mike Fox
2018,baseball,Oregon State,Pac-12,49–10–1 (20–9–1),Pat Casey
2018,baseball,Texas,Big 12,42–21 (17–7),David Pierce
2018,baseball,Texas Tech,Big 12,44–16 (15–9),Tim Tadlock
2018,baseball,Washington,Pac-12,35–24 (20–10),Lindsay Meggs
2018,baseball,P,Kevin Abel,Oregon State,
2018,baseball,Blaine Knight,Arkansas,,
2018,baseball,C,Adley Rutschman ( MOP ),Oregon State,
2018,baseball,1B,Jared Gates,Arkansas,
2018,baseball,2B,Hunter Stovall,Mississippi State,
2018,baseball,3B,Casey Martin,Arkansas,
2018,baseball,SS,Cadyn Grenier,Oregon State,
2018,baseball,OF,Dominic Fletcher,Arkansas,
2018,baseball,Heston Kjerstad,Arkansas,,
2018,baseball,Trevor Larnach,Oregon State,,
2018,baseball,DH,Tyler Malone,Oregon State,
2018,baseball,1st,No. 3 Oregon State,11–2,
2018,baseball,2nd,No. 5 Arkansas,9–3,
2018,baseball,3rd,No. 1 Florida,7–4,
2018,baseball,5th,No. 6 North Carolina,6–2,
2018,baseball,No. 9 Texas Tech,6–3,,
2018,baseball,7th,No. 13 Texas,5–3,
2018,baseball,9th,Auburn,4–2,
2018,baseball,Duke,5–3,,
2018,baseball,No. 14 Minnesota,3–2,,
2018,baseball,South Carolina,4–2,,
2018,baseball,No. 11 Stetson,3–2,,
2018,baseball,Tennessee Tech,5–3,,
2018,baseball,Vanderbilt,4–2,,
2018,baseball,17th,No. 10 Clemson,2–2,
2018,baseball,Connecticut,2–2,,
2018,baseball,Dallas Baptist,2–2,,
2018,baseball,Florida Atlantic,3–2,,
2018,baseball,No. 8 Georgia,2–2,,
2018,baseball,Houston,2–2,,
2018,baseball,Indiana,2–2,,
2018,baseball,Louisville,2–2,,
2018,baseball,LSU,2–2,,
2018,baseball,No. 16 NC State,2–2,,
2018,baseball,Oklahoma,2–2,,
2018,baseball,Oklahoma State,2–2,,
2018,baseball,No. 4 Ole Miss,2–2,,
2018,baseball,No. 2 Stanford,2–2,,
2018,baseball,UCLA,2–2,,
2018,baseball,33rd,Army,1–2,
2018,baseball,No. 15 Coastal Carolina,1–2,,
2018,baseball,No. 12 East Carolina,1–2,,
2018,baseball,Jacksonville,1–2,,
2018,baseball,Purdue,1–2,,
2018,baseball,South Florida,1–2,,
2018,baseball,Texas A&M,1–2,,
2018,baseball,Troy,1–2,,
2018,baseball,49th,Campbell,0–2,
2018,baseball,No. 7 Florida State,0–2,,
2018,baseball,Northeastern,0–2,,
2018,baseball,Ohio State,0–2,,
2019,baseball,Stony Brook,America East,31–21 (15–9),Tournament
2019,baseball,Cincinnati,American,28–29 (13–11),Tournament
2019,baseball,North Carolina,Atlantic Coast,46–19 (17–13),Tournament
2019,baseball,Liberty,Atlantic Sun,42–19 (15–9),Tournament
2019,baseball,Fordham,Atlantic 10,38–22 (15–9),Tournament
2019,baseball,Creighton,Big East,38–11 (13–4),Tournament
2019,baseball,Campbell,Big South,35–19 (19–7),Tournament
2019,baseball,Ohio State,Big Ten,35–25 (12–12),Tournament
2019,baseball,Oklahoma State,Big 12,36–18 (14–9),Tournament
2019,baseball,UC Santa Barbara,Big West,45–9 (19–5),Regular season
2019,baseball,UNC Wilmington,Colonial,32–29 (12–12),Tournament
2019,baseball,Southern Miss,Conference USA,38–19 (21–10),Tournament
2019,baseball,UIC,Horizon,29–21 (18–11),Tournament
2019,baseball,Harvard,Ivy League,27–14 (14–7),Championship series
2019,baseball,Quinnipiac,MAAC,29–27 (17–7),Tournament
2019,baseball,Central Michigan,Mid-American,46–12 (22–5),Tournament
2019,baseball,Florida A&M,Mid-Eastern,27–32 (14–10),Tournament
2019,baseball,Indiana State,Missouri Valley,41–16 (13–8),Tournament
2019,baseball,Fresno State,Mountain West,38–14–1 (21–8–1),Tournament
2019,baseball,Central Connecticut,Northeast,30–21 (16–8),Tournament
2019,baseball,Jacksonville State,Ohio Valley,37–21 (22–8),Tournament
2019,baseball,UCLA,Pac-12,47–8 (24–5),Regular season
2019,baseball,Army,Patriot,35–24 (15–10),Tournament
2019,baseball,Vanderbilt,Southeastern,49–10 (23–7),Tournament
2019,baseball,Mercer,SoCon,35–27 (14–10),Tournament
2019,baseball,McNeese State,Southland,35–24 (16–14),Tournament
2019,baseball,Southern,Southwestern Athletic,32–22 (18–6),Tournament
2019,baseball,Omaha,Summit,30–22–1 (21–11),Tournament
2019,baseball,Coastal Carolina,Sun Belt,35–24–1 (16–13),Tournament
2019,baseball,Loyola Marymount,West Coast,32–23 (15–12),Tournament
2019,baseball,Sacramento State,Western Athletic,39–23 (18–9),Tournament
2019,baseball,SEC,10,"Arkansas , Auburn , Florida , Georgia , LSU , Mississippi State , Ole Miss , Tennessee , Texas A&M , Vanderbilt",
2019,baseball,ACC,8,"Clemson , Duke , Florida State , Georgia Tech , Louisville , Miami (FL) , NC State , North Carolina",
2019,baseball,Big Ten,5,"Illinois , Indiana , Michigan , Nebraska , Ohio State",
2019,baseball,Big 12,5,"Baylor , Oklahoma State , TCU , Texas Tech , West Virginia",
2019,baseball,Pac-12,5,"Arizona State , California , Oregon State , Stanford , UCLA",
2019,baseball,American,3,"Cincinnati , UConn , East Carolina",
2019,baseball,Missouri Valley,3,"Dallas Baptist , Illinois State , Indiana State",
2019,baseball,Conference USA,2,"Florida Atlantic , Southern Miss",
2019,baseball,America East,1,Stony Brook,
2019,baseball,Atlantic Sun,1,Liberty,
2019,baseball,Atlantic 10,1,Fordham,
2019,baseball,Big East,1,Creighton,
2019,baseball,Big South,1,Campbell,
2019,baseball,Big West,1,UC Santa Barbara,
2019,baseball,Colonial,1,UNC Wilmington,
2019,baseball,Horizon,1,UIC,
2019,baseball,Ivy,1,Harvard,
2019,baseball,MAAC,1,Quinnipiac,
2019,baseball,Mid-American,1,Central Michigan,
2019,baseball,Mid-Eastern,1,Florida A&M,
2019,baseball,Mountain West,1,Fresno State,
2019,baseball,Northeast,1,Central Connecticut,
2019,baseball,Ohio Valley,1,Jacksonville State,
2019,baseball,Patriot,1,Army,
2019,baseball,SoCon,1,Mercer,
2019,baseball,Southland,1,McNeese State,
2019,baseball,Southwestern,1,Southern,
2019,baseball,Sun Belt,1,Coastal Carolina,
2019,baseball,Summit,1,Omaha,
2019,baseball,WAC,1,Sacramento State,
2019,baseball,West Coast,1,Loyola Marymount,
2019,baseball,Arkansas,SEC,46–18 (20–10),Dave Van Horn
2019,baseball,Auburn,SEC,38–26 (14–16),Butch Thompson
2019,baseball,Florida State,ACC,41–21 (17–13),Mike Martin
2019,baseball,Louisville,ACC,49–16 (21–9),Dan McDonnell
2019,baseball,Michigan,Big Ten,46–20 (16–7),Erik Bakich
2019,baseball,Mississippi State,SEC,51–13 (20–10),Chris Lemonis
2019,baseball,Texas Tech,Big 12,44–18 (16–8),Tim Tadlock
2019,baseball,P,Kumar Rocker ( MOP ),Vanderbilt,
2019,baseball,Tommy Henry,Michigan,,
2019,baseball,C,Philip Clarke,Vanderbilt,
2019,baseball,1B,Jimmy Kerr,Michigan,
2019,baseball,2B,Ako Thomas,Michigan,
2019,baseball,3B,Austin Martin,Vanderbilt,
2019,baseball,SS,Jack Blomgren,Michigan,
2019,baseball,OF,J. J. Bleday,Vanderbilt,
2019,baseball,Drew Campbell,Louisville,,
2019,baseball,Jesse Franklin,Michigan,,
2019,baseball,DH,Cameron Warren,Texas Tech,
2019,baseball,1st,No. 2 Vanderbilt,10–2,
2019,baseball,2nd,Michigan,9–4,
2019,baseball,3rd,No. 7 Louisville,8–3,
2019,baseball,No. 8 Texas Tech,7–3,,
2019,baseball,5th,Florida State,6–2,
2019,baseball,No. 6 Mississippi State,6–2,,
2019,baseball,7th,No. 5 Arkansas,5–3,
2019,baseball,9th,Duke,4–2,
2019,baseball,No. 10 East Carolina,4–3,,
2019,baseball,No. 13 LSU,3–2,,
2019,baseball,No. 14 North Carolina,4–2,,
2019,baseball,No. 9 Oklahoma State,4–3,,
2019,baseball,No. 12 Ole Miss,4–2,,
2019,baseball,No. 11 Stanford,4–3,,
2019,baseball,No. 1 UCLA,5–3,,
2019,baseball,17th,Campbell,2–2,
2019,baseball,Dallas Baptist,2–2,,
2019,baseball,No. 4 Georgia,2–2,,
2019,baseball,No. 3 Georgia Tech,2–2,,
2019,baseball,Illinois State,2–2,,
2019,baseball,Miami,2–2,,
2019,baseball,TCU,2–2,,
2019,baseball,Tennessee,2–2,,
2019,baseball,Texas A&M,2–2,,
2019,baseball,UConn,3–2,,
2019,baseball,33rd,Arizona State,1–2,
2019,baseball,Baylor,1–2,,
2019,baseball,Central Connecticut State,1–2,,
2019,baseball,Clemson,1–2,,
2019,baseball,Florida,1–2,,
2019,baseball,Florida Atlantic,1–2,,
2019,baseball,Indiana,1–2,,
2019,baseball,Nebraska,1–2,,
2019,baseball,No. 15 West Virginia,1–2,,
2019,baseball,49th,Army,0–2,
2019,baseball,California,0–2,,
2019,baseball,Illinois,0–2,,
2019,baseball,NC State,0–2,,
2019,baseball,No. 16 Oregon State,0–2,,
