year,sport,national_seed,host_city,host_state,host_team,regional_seed,team
2025,baseball,1,Nashville,TN,Vanderbilt,1,Vanderbilt
2025,baseball,1,Nashville,TN,Vanderbilt,2,Louisville
2025,baseball,1,Nashville,TN,Vanderbilt,3,East Tennessee State
2025,baseball,1,Nashville,TN,Vanderbilt,4,Wright State
2025,baseball,2,Austin,TX,Texas,1,Texas
2025,baseball,2,Austin,TX,Texas,2,UTSA
2025,baseball,2,Austin,TX,Texas,3,Kansas State
2025,baseball,2,Austin,TX,Texas,4,Houston Christian
2025,baseball,3,Fayetteville,AR,Arkansas,1,Arkansas
2025,baseball,3,Fayetteville,AR,Arkansas,2,Kansas
2025,baseball,3,Fayetteville,AR,Arkansas,3,Creighton
2025,baseball,3,Fayetteville,AR,Arkansas,4,North Dakota State
2025,baseball,4,Auburn,AL,Auburn,1,Auburn
2025,baseball,4,Auburn,AL,Auburn,2,NC State
2025,baseball,4,Auburn,AL,Auburn,3,Stetson
2025,baseball,4,Auburn,AL,Auburn,4,Central Connecticut
2025,baseball,5,Chapel Hill,NC,North Carolina,1,North Carolina
2025,baseball,5,Chapel Hill,NC,North Carolina,2,Oklahoma
2025,baseball,5,Chapel Hill,NC,North Carolina,3,Nebraska
2025,baseball,5,Chapel Hill,NC,North Carolina,4,Holy Cross
2025,baseball,6,Baton Rouge,LA,LSU,1,LSU
2025,baseball,6,Baton Rouge,LA,LSU,2,Dallas Baptist
2025,baseball,6,Baton Rouge,LA,LSU,3,Rhode Island
2025,baseball,6,Baton Rouge,LA,LSU,4,Little Rock
2025,baseball,7,Athens,GA,Georgia,1,Georgia
2025,baseball,7,Athens,GA,Georgia,2,Duke
2025,baseball,7,Athens,GA,Georgia,3,Oklahoma State
2025,baseball,7,Athens,GA,Georgia,4,Binghamton
2025,baseball,8,Corvallis,OR,Oregon State,1,Oregon State
2025,baseball,8,Corvallis,OR,Oregon State,2,TCU
2025,baseball,8,Corvallis,OR,Oregon State,3,USC
2025,baseball,8,Corvallis,OR,Oregon State,4,Saint Mary's (CA)
2025,baseball,9,Tallahassee,FL,Florida State,1,Florida State
2025,baseball,9,Tallahassee,FL,Florida State,2,Northeastern
2025,baseball,9,Tallahassee,FL,Florida State,3,Mississippi State
2025,baseball,9,Tallahassee,FL,Florida State,4,Bethune-Cookman
2025,baseball,10,Oxford,MS,Ole Miss,1,Ole Miss
2025,baseball,10,Oxford,MS,Ole Miss,2,Georgia Tech
2025,baseball,10,Oxford,MS,Ole Miss,3,Western Kentucky
2025,baseball,10,Oxford,MS,Ole Miss,4,Murray State
2025,baseball,11,Clemson,SC,Clemson,1,Clemson
2025,baseball,11,Clemson,SC,Clemson,2,West Virginia
2025,baseball,11,Clemson,SC,Clemson,3,Kentucky
2025,baseball,11,Clemson,SC,Clemson,4,USC Upstate
2025,baseball,12,Eugene,OR,Oregon,1,Oregon
2025,baseball,12,Eugene,OR,Oregon,2,Arizona
2025,baseball,12,Eugene,OR,Oregon,3,Cal Poly
2025,baseball,12,Eugene,OR,Oregon,4,Utah Valley
2025,baseball,13,Conway,SC,Coastal Carolina,1,Coastal Carolina
2025,baseball,13,Conway,SC,Coastal Carolina,2,Florida
2025,baseball,13,Conway,SC,Coastal Carolina,3,East Carolina
2025,baseball,13,Conway,SC,Coastal Carolina,4,Fairfield
2025,baseball,14,Knoxville,TN,Tennessee,1,Tennessee
2025,baseball,14,Knoxville,TN,Tennessee,2,Wake Forest
2025,baseball,14,Knoxville,TN,Tennessee,3,Cincinnati
2025,baseball,14,Knoxville,TN,Tennessee,4,Miami (OH)
2025,baseball,15,Los Angeles,CA,UCLA,1,UCLA
2025,baseball,15,Los Angeles,CA,UCLA,2,UC Irvine
2025,baseball,15,Los Angeles,CA,UCLA,3,Arizona State
2025,baseball,15,Los Angeles,CA,UCLA,4,Fresno State
2025,baseball,16,Hattiesburg,MS,Southern Miss,1,Southern Miss
2025,baseball,16,Hattiesburg,MS,Southern Miss,2,Alabama
2025,baseball,16,Hattiesburg,MS,Southern Miss,3,Miami (FL)
2025,baseball,16,Hattiesburg,MS,Southern Miss,4,Columbia
2024,baseball,1,Knoxville,TN,Tennessee,1,Tennessee
2024,baseball,1,Knoxville,TN,Tennessee,2,Southern Miss
2024,baseball,1,Knoxville,TN,Tennessee,3,Indiana
2024,baseball,1,Knoxville,TN,Tennessee,4,Northern Kentucky
2024,baseball,2,Lexington,KY,Kentucky,1,Kentucky
2024,baseball,2,Lexington,KY,Kentucky,2,Indiana State
2024,baseball,2,Lexington,KY,Kentucky,3,Illinois
2024,baseball,2,Lexington,KY,Kentucky,4,Western Michigan
2024,baseball,3,College Station,TX,Texas A&M,1,Texas A&M
2024,baseball,3,College Station,TX,Texas A&M,2,Louisiana
2024,baseball,3,College Station,TX,Texas A&M,3,Texas
2024,baseball,3,College Station,TX,Texas A&M,4,Grambling State
2024,baseball,4,Chapel Hill,NC,North Carolina,1,North Carolina
2024,baseball,4,Chapel Hill,NC,North Carolina,2,LSU
2024,baseball,4,Chapel Hill,NC,North Carolina,3,Wofford
2024,baseball,4,Chapel Hill,NC,North Carolina,4,LIU
2024,baseball,5,Fayetteville,AR,Arkansas,1,Arkansas
2024,baseball,5,Fayetteville,AR,Arkansas,2,Louisiana Tech
2024,baseball,5,Fayetteville,AR,Arkansas,3,Kansas State
2024,baseball,5,Fayetteville,AR,Arkansas,4,Southeast Missouri State
2024,baseball,6,Athens,GA,Georgia,1,Georgia
2024,baseball,6,Athens,GA,Georgia,2,UNC Wilmington
2024,baseball,6,Athens,GA,Georgia,3,Georgia Tech
2024,baseball,6,Athens,GA,Georgia,4,Army
2024,baseball,7,Corvallis,OR,Oregon State,1,Oregon State
2024,baseball,7,Corvallis,OR,Oregon State,2,UC Irvine
2024,baseball,7,Corvallis,OR,Oregon State,3,Nicholls
2024,baseball,7,Corvallis,OR,Oregon State,4,Tulane
2024,baseball,8,Tallahassee,FL,Florida State,1,Florida State
2024,baseball,8,Tallahassee,FL,Florida State,2,Alabama
2024,baseball,8,Tallahassee,FL,Florida State,3,UCF
2024,baseball,8,Tallahassee,FL,Florida State,4,Stetson
2024,baseball,9,Norman,OK,Oklahoma,1,Oklahoma
2024,baseball,9,Norman,OK,Oklahoma,2,Duke
2024,baseball,9,Norman,OK,Oklahoma,3,UConn
2024,baseball,9,Norman,OK,Oklahoma,4,Oral Roberts
2024,baseball,10,Raleigh,NC,NC State,1,NC State
2024,baseball,10,Raleigh,NC,NC State,2,South Carolina
2024,baseball,10,Raleigh,NC,NC State,3,James Madison
2024,baseball,10,Raleigh,NC,NC State,4,Bryant
2024,baseball,11,Stillwater,OK,Oklahoma State,1,Oklahoma State
2024,baseball,11,Stillwater,OK,Oklahoma State,2,Nebraska
2024,baseball,11,Stillwater,OK,Oklahoma State,3,Florida
2024,baseball,11,Stillwater,OK,Oklahoma State,4,Niagara
2024,baseball,12,Charlottesville,VA,Virginia,1,Virginia
2024,baseball,12,Charlottesville,VA,Virginia,2,Mississippi State
2024,baseball,12,Charlottesville,VA,Virginia,3,St. John's
2024,baseball,12,Charlottesville,VA,Virginia,4,Penn
2024,baseball,13,Tucson,AZ,Arizona,1,Arizona
2024,baseball,13,Tucson,AZ,Arizona,2,Dallas Baptist
2024,baseball,13,Tucson,AZ,Arizona,3,West Virginia
2024,baseball,13,Tucson,AZ,Arizona,4,Grand Canyon
2024,baseball,14,Santa Barbara,CA,UC Santa Barbara,1,UC Santa Barbara
2024,baseball,14,Santa Barbara,CA,UC Santa Barbara,2,San Diego
2024,baseball,14,Santa Barbara,CA,UC Santa Barbara,3,Oregon
2024,baseball,14,Santa Barbara,CA,UC Santa Barbara,4,Fresno State
2024,baseball,15,Greenville,NC,East Carolina,1,East Carolina
2024,baseball,15,Greenville,NC,East Carolina,2,Wake Forest
2024,baseball,15,Greenville,NC,East Carolina,3,VCU
2024,baseball,15,Greenville,NC,East Carolina,4,Evansville
2024,baseball,16,Clemson,SC,Clemson,1,Clemson
2024,baseball,16,Clemson,SC,Clemson,2,Vanderbilt
2024,baseball,16,Clemson,SC,Clemson,3,Coastal Carolina
2024,baseball,16,Clemson,SC,Clemson,4,High Point
2023,baseball,1,Winston-Salem,NC,Wake Forest,1,Wake Forest
2023,baseball,1,Winston-Salem,NC,Wake Forest,2,Maryland
2023,baseball,1,Winston-Salem,NC,Wake Forest,3,Northeastern
2023,baseball,1,Winston-Salem,NC,Wake Forest,4,George Mason
2023,baseball,2,Gainesville,FL,Florida,1,Florida
2023,baseball,2,Gainesville,FL,Florida,2,UConn
2023,baseball,2,Gainesville,FL,Florida,3,Texas Tech
2023,baseball,2,Gainesville,FL,Florida,4,Florida A&M
2023,baseball,3,Fayetteville,AR,Arkansas,1,Arkansas
2023,baseball,3,Fayetteville,AR,Arkansas,2,TCU
2023,baseball,3,Fayetteville,AR,Arkansas,3,Arizona
2023,baseball,3,Fayetteville,AR,Arkansas,4,Santa Clara
2023,baseball,4,Clemson,SC,Clemson,1,Clemson
2023,baseball,4,Clemson,SC,Clemson,2,Tennessee
2023,baseball,4,Clemson,SC,Clemson,3,Charlotte
2023,baseball,4,Clemson,SC,Clemson,4,Lipscomb
2023,baseball,5,Baton Rouge,LA,LSU,1,LSU
2023,baseball,5,Baton Rouge,LA,LSU,2,Oregon State
2023,baseball,5,Baton Rouge,LA,LSU,3,Sam Houston
2023,baseball,5,Baton Rouge,LA,LSU,4,Tulane
2023,baseball,6,Nashville,TN,Vanderbilt,1,Vanderbilt
2023,baseball,6,Nashville,TN,Vanderbilt,2,Xavier
2023,baseball,6,Nashville,TN,Vanderbilt,3,Eastern Illinois
2023,baseball,6,Nashville,TN,Vanderbilt,4,Belmont
2023,baseball,7,Charlottesville,VA,Virginia,1,Virginia
2023,baseball,7,Charlottesville,VA,Virginia,2,East Carolina
2023,baseball,7,Charlottesville,VA,Virginia,3,Oklahoma
2023,baseball,7,Charlottesville,VA,Virginia,4,Army
2023,baseball,8,Stanford,CA,Stanford,1,Stanford
2023,baseball,8,Stanford,CA,Stanford,2,Texas A&M
2023,baseball,8,Stanford,CA,Stanford,3,Cal State Fullerton
2023,baseball,8,Stanford,CA,Stanford,4,San Jose State
2023,baseball,9,Coral Gables,FL,Miami (FL),1,Miami (FL)
2023,baseball,9,Coral Gables,FL,Miami (FL),2,Texas
2023,baseball,9,Coral Gables,FL,Miami (FL),3,Louisiana
2023,baseball,9,Coral Gables,FL,Miami (FL),4,Maine
2023,baseball,10,Conway,SC,Coastal Carolina,1,Coastal Carolina
2023,baseball,10,Conway,SC,Coastal Carolina,2,Duke
2023,baseball,10,Conway,SC,Coastal Carolina,3,UNC Wilmington
2023,baseball,10,Conway,SC,Coastal Carolina,4,Rider
2023,baseball,11,Stillwater,OK,Oklahoma State,1,Oklahoma State
2023,baseball,11,Stillwater,OK,Oklahoma State,2,Dallas Baptist
2023,baseball,11,Stillwater,OK,Oklahoma State,3,Washington
2023,baseball,11,Stillwater,OK,Oklahoma State,4,Oral Roberts
2023,baseball,12,Lexington,KY,Kentucky,1,Kentucky
2023,baseball,12,Lexington,KY,Kentucky,2,Indiana
2023,baseball,12,Lexington,KY,Kentucky,3,West Virginia
2023,baseball,12,Lexington,KY,Kentucky,4,Ball State
2023,baseball,13,Auburn,AL,Auburn,1,Auburn
2023,baseball,13,Auburn,AL,Auburn,2,Florida A&M
2023,baseball,13,Auburn,AL,Auburn,3,Sam Houston
2023,baseball,13,Auburn,AL,Auburn,4,Tulane
2023,baseball,14,Terre Haute,IN,Indiana State,1,Indiana State
2023,baseball,14,Terre Haute,IN,Indiana State,2,Iowa
2023,baseball,14,Terre Haute,IN,Indiana State,3,North Carolina
2023,baseball,14,Terre Haute,IN,Indiana State,4,Wright State
2023,baseball,15,Columbia,SC,South Carolina,1,South Carolina
2023,baseball,15,Columbia,SC,South Carolina,2,Campbell
2023,baseball,15,Columbia,SC,South Carolina,3,NC State
2023,baseball,15,Columbia,SC,South Carolina,4,Central Connecticut
2023,baseball,16,Tuscaloosa,AL,Alabama,1,Alabama
2023,baseball,16,Tuscaloosa,AL,Alabama,2,Boston College
2023,baseball,16,Tuscaloosa,AL,Alabama,3,Troy
2023,baseball,16,Tuscaloosa,AL,Alabama,4,Nicholls
2022,baseball,1,Knoxville,TN,Tennessee,1,Tennessee
2022,baseball,1,Knoxville,TN,Tennessee,2,Georgia Tech
2022,baseball,1,Knoxville,TN,Tennessee,3,Campbell
2022,baseball,1,Knoxville,TN,Tennessee,4,Alabama State
2022,baseball,2,Stanford,CA,Stanford,1,Stanford
2022,baseball,2,Stanford,CA,Stanford,2,Texas State
2022,baseball,2,Stanford,CA,Stanford,3,UC Santa Barbara
2022,baseball,2,Stanford,CA,Stanford,4,Binghamton
2022,baseball,3,Corvallis,OR,Oregon State,1,Oregon State
2022,baseball,3,Corvallis,OR,Oregon State,2,Vanderbilt
2022,baseball,3,Corvallis,OR,Oregon State,3,San Diego
2022,baseball,3,Corvallis,OR,Oregon State,4,New Mexico State
2022,baseball,4,Blacksburg,VA,Virginia Tech,1,Virginia Tech
2022,baseball,4,Blacksburg,VA,Virginia Tech,2,Gonzaga
2022,baseball,4,Blacksburg,VA,Virginia Tech,3,Columbia
2022,baseball,4,Blacksburg,VA,Virginia Tech,4,Wright State
2022,baseball,5,College Station,TX,Texas A&M,1,Texas A&M
2022,baseball,5,College Station,TX,Texas A&M,2,TCU
2022,baseball,5,College Station,TX,Texas A&M,3,Louisiana
2022,baseball,5,College Station,TX,Texas A&M,4,Oral Roberts
2022,baseball,6,Coral Gables,FL,Miami (FL),1,Miami (FL)
2022,baseball,6,Coral Gables,FL,Miami (FL),2,Arizona
2022,baseball,6,Coral Gables,FL,Miami (FL),3,Ole Miss
2022,baseball,6,Coral Gables,FL,Miami (FL),4,Canisius
2022,baseball,7,Stillwater,OK,Oklahoma State,1,Oklahoma State
2022,baseball,7,Stillwater,OK,Oklahoma State,2,Arkansas
2022,baseball,7,Stillwater,OK,Oklahoma State,3,Grand Canyon
2022,baseball,7,Stillwater,OK,Oklahoma State,4,Missouri State
2022,baseball,8,Greenville,NC,East Carolina,1,East Carolina
2022,baseball,8,Greenville,NC,East Carolina,2,Virginia
2022,baseball,8,Greenville,NC,East Carolina,3,Coastal Carolina
2022,baseball,8,Greenville,NC,East Carolina,4,Coppin State
2022,baseball,9,Austin,TX,Texas,1,Texas
2022,baseball,9,Austin,TX,Texas,2,Louisiana Tech
2022,baseball,9,Austin,TX,Texas,3,Dallas Baptist
2022,baseball,9,Austin,TX,Texas,4,Air Force
2022,baseball,10,Chapel Hill,NC,North Carolina,1,North Carolina
2022,baseball,10,Chapel Hill,NC,North Carolina,2,Georgia
2022,baseball,10,Chapel Hill,NC,North Carolina,3,VCU
2022,baseball,10,Chapel Hill,NC,North Carolina,4,Hofstra
2022,baseball,11,Hattiesburg,MS,Southern Miss,1,Southern Miss
2022,baseball,11,Hattiesburg,MS,Southern Miss,2,LSU
2022,baseball,11,Hattiesburg,MS,Southern Miss,3,Kennesaw State
2022,baseball,11,Hattiesburg,MS,Southern Miss,4,Army
2022,baseball,12,Louisville,KY,Louisville,1,Louisville
2022,baseball,12,Louisville,KY,Louisville,2,Oregon
2022,baseball,12,Louisville,KY,Louisville,3,Michigan
2022,baseball,12,Louisville,KY,Louisville,4,Southeast Missouri State
2022,baseball,13,Gainesville,FL,Florida,1,Florida
2022,baseball,13,Gainesville,FL,Florida,2,Oregon
2022,baseball,13,Gainesville,FL,Florida,3,Liberty
2022,baseball,13,Gainesville,FL,Florida,4,Central Michigan
2022,baseball,14,Auburn,AL,Auburn,1,Auburn
2022,baseball,14,Auburn,AL,Auburn,2,UCLA
2022,baseball,14,Auburn,AL,Auburn,3,Florida State
2022,baseball,14,Auburn,AL,Auburn,4,Southeastern Louisiana
2022,baseball,15,College Park,MD,Maryland,1,Maryland
2022,baseball,15,College Park,MD,Maryland,2,Wake Forest
2022,baseball,15,College Park,MD,Maryland,3,UConn
2022,baseball,15,College Park,MD,Maryland,4,LIU
2022,baseball,16,Statesboro,GA,Georgia Southern,1,Georgia Southern
2022,baseball,16,Statesboro,GA,Georgia Southern,2,Notre Dame
2022,baseball,16,Statesboro,GA,Georgia Southern,3,Texas Tech
2022,baseball,16,Statesboro,GA,Georgia Southern,4,UNC Greensboro
2021,baseball,1,Fayetteville,AR,Arkansas,1,Arkansas
2021,baseball,1,Fayetteville,AR,Arkansas,2,Nebraska
2021,baseball,1,Fayetteville,AR,Arkansas,3,Northeastern
2021,baseball,1,Fayetteville,AR,Arkansas,4,NJIT
2021,baseball,2,Austin,TX,Texas,1,Texas
2021,baseball,2,Austin,TX,Texas,2,Arizona State
2021,baseball,2,Austin,TX,Texas,3,Fairfield
2021,baseball,2,Austin,TX,Texas,4,Southern
2021,baseball,3,Knoxville,TN,Tennessee,1,Tennessee
2021,baseball,3,Knoxville,TN,Tennessee,2,Duke
2021,baseball,3,Knoxville,TN,Tennessee,3,Liberty
2021,baseball,3,Knoxville,TN,Tennessee,4,Wright State
2021,baseball,4,Nashville,TN,Vanderbilt,1,Vanderbilt
2021,baseball,4,Nashville,TN,Vanderbilt,2,Georgia Tech
2021,baseball,4,Nashville,TN,Vanderbilt,3,Indiana State
2021,baseball,4,Nashville,TN,Vanderbilt,4,Presbyterian
2021,baseball,5,Tucson,AZ,Arizona,1,Arizona
2021,baseball,5,Tucson,AZ,Arizona,2,Oklahoma State
2021,baseball,5,Tucson,AZ,Arizona,3,UC Santa Barbara
2021,baseball,5,Tucson,AZ,Arizona,4,Grand Canyon
2021,baseball,6,Fort Worth,TX,TCU,1,TCU
2021,baseball,6,Fort Worth,TX,TCU,2,Oregon State
2021,baseball,6,Fort Worth,TX,TCU,3,Dallas Baptist
2021,baseball,6,Fort Worth,TX,TCU,4,McNeese State
2021,baseball,7,Starkville,MS,Mississippi State,1,Mississippi State
2021,baseball,7,Starkville,MS,Mississippi State,2,Campbell
2021,baseball,7,Starkville,MS,Mississippi State,3,VCU
2021,baseball,7,Starkville,MS,Mississippi State,4,Samford
2021,baseball,8,Lubbock,TX,Texas Tech,1,Texas Tech
2021,baseball,8,Lubbock,TX,Texas Tech,2,UCLA
2021,baseball,8,Lubbock,TX,Texas Tech,3,North Carolina
2021,baseball,8,Lubbock,TX,Texas Tech,4,Army
2021,baseball,9,Stanford,CA,Stanford,1,Stanford
2021,baseball,9,Stanford,CA,Stanford,2,UC Irvine
2021,baseball,9,Stanford,CA,Stanford,3,Nevada
2021,baseball,9,Stanford,CA,Stanford,4,North Dakota State
2021,baseball,10,Notre Dame,IN,Notre Dame,1,Notre Dame
2021,baseball,10,Notre Dame,IN,Notre Dame,2,UConn
2021,baseball,10,Notre Dame,IN,Notre Dame,3,Michigan
2021,baseball,10,Notre Dame,IN,Notre Dame,4,Central Michigan
2021,baseball,11,Columbia,SC,Old Dominion,1,Old Dominion
2021,baseball,11,Columbia,SC,Old Dominion,2,South Carolina
2021,baseball,11,Columbia,SC,Old Dominion,3,Virginia
2021,baseball,11,Columbia,SC,Old Dominion,4,Jacksonville
2021,baseball,12,Oxford,MS,Ole Miss,1,Ole Miss
2021,baseball,12,Oxford,MS,Ole Miss,2,Southern Miss
2021,baseball,12,Oxford,MS,Ole Miss,3,Florida State
2021,baseball,12,Oxford,MS,Ole Miss,4,Southeast Missouri State
2021,baseball,13,Greenville,NC,East Carolina,1,East Carolina
2021,baseball,13,Greenville,NC,East Carolina,2,Charlotte
2021,baseball,13,Greenville,NC,East Carolina,3,Maryland
2021,baseball,13,Greenville,NC,East Carolina,4,Norfolk State
2021,baseball,14,Eugene,OR,Oregon,1,Oregon
2021,baseball,14,Eugene,OR,Oregon,2,Gonzaga
2021,baseball,14,Eugene,OR,Oregon,3,LSU
2021,baseball,14,Eugene,OR,Oregon,4,Central Connecticut
2021,baseball,15,Gainesville,FL,Florida,1,Florida
2021,baseball,15,Gainesville,FL,Florida,2,Miami (FL)
2021,baseball,15,Gainesville,FL,Florida,3,South Alabama
2021,baseball,15,Gainesville,FL,Florida,4,South Florida
2021,baseball,16,Ruston,LA,Louisiana Tech,1,Louisiana Tech
2021,baseball,16,Ruston,LA,Louisiana Tech,2,NC State
2021,baseball,16,Ruston,LA,Louisiana Tech,3,Alabama
2021,baseball,16,Ruston,LA,Louisiana Tech,4,Rider
2025,softball,1,College Station,TX,Texas A&M,1,Texas A&M
2025,softball,1,College Station,TX,Texas A&M,2,Marist
2025,softball,1,College Station,TX,Texas A&M,3,Saint Francis
2025,softball,1,College Station,TX,Texas A&M,4,Liberty
2025,softball,2,Norman,OK,Oklahoma,1,Oklahoma
2025,softball,2,Norman,OK,Oklahoma,2,California
2025,softball,2,Norman,OK,Oklahoma,3,Omaha
2025,softball,2,Norman,OK,Oklahoma,4,Boston University
2025,softball,3,Gainesville,FL,Florida,1,Florida
2025,softball,3,Gainesville,FL,Florida,2,Mercer
2025,softball,3,Gainesville,FL,Florida,3,Georgia Tech
2025,softball,3,Gainesville,FL,Florida,4,Florida Atlantic
2025,softball,4,Fayetteville,AR,Arkansas,1,Arkansas
2025,softball,4,Fayetteville,AR,Arkansas,2,Oklahoma State
2025,softball,4,Fayetteville,AR,Arkansas,3,Indiana
2025,softball,4,Fayetteville,AR,Arkansas,4,Saint Louis
2025,softball,5,Tallahassee,FL,Florida State,1,Florida State
2025,softball,5,Tallahassee,FL,Florida State,2,Auburn
2025,softball,5,Tallahassee,FL,Florida State,3,South Florida
2025,softball,5,Tallahassee,FL,Florida State,4,Robert Morris
2025,softball,6,Austin,TX,Texas,1,Texas
2025,softball,6,Austin,TX,Texas,2,Michigan
2025,softball,6,Austin,TX,Texas,3,UCF
2025,softball,6,Austin,TX,Texas,4,Eastern Illinois
2025,softball,7,Knoxville,TN,Tennessee,1,Tennessee
2025,softball,7,Knoxville,TN,Tennessee,2,Ohio State
2025,softball,7,Knoxville,TN,Tennessee,3,North Carolina
2025,softball,7,Knoxville,TN,Tennessee,4,Miami (OH)
2025,softball,8,Columbia,SC,South Carolina,1,South Carolina
2025,softball,8,Columbia,SC,South Carolina,2,Virginia
2025,softball,8,Columbia,SC,South Carolina,3,North Florida
2025,softball,8,Columbia,SC,South Carolina,4,Elon
2025,softball,9,Los Angeles,CA,UCLA,1,UCLA
2025,softball,9,Los Angeles,CA,UCLA,2,UC Santa Barbara
2025,softball,9,Los Angeles,CA,UCLA,3,San Diego State
2025,softball,9,Los Angeles,CA,UCLA,4,Arizona State
2025,softball,10,Baton Rouge,LA,LSU,1,LSU
2025,softball,10,Baton Rouge,LA,LSU,2,Nebraska
2025,softball,10,Baton Rouge,LA,LSU,3,UConn
2025,softball,10,Baton Rouge,LA,LSU,4,Southeastern Louisiana
2025,softball,11,Clemson,SC,Clemson,1,Clemson
2025,softball,11,Clemson,SC,Clemson,2,Northwestern
2025,softball,11,Clemson,SC,Clemson,3,Kentucky
2025,softball,11,Clemson,SC,Clemson,4,USC Upstate
2025,softball,12,Lubbock,TX,Texas Tech,1,Texas Tech
2025,softball,12,Lubbock,TX,Texas Tech,2,Mississippi State
2025,softball,12,Lubbock,TX,Texas Tech,3,Washington
2025,softball,12,Lubbock,TX,Texas Tech,4,Brown
2025,softball,13,Tucson,AZ,Arizona,1,Arizona
2025,softball,13,Tucson,AZ,Arizona,2,Ole Miss
2025,softball,13,Tucson,AZ,Arizona,3,Grand Canyon
2025,softball,13,Tucson,AZ,Arizona,4,Santa Clara
2025,softball,14,Durham,NC,Duke,1,Duke
2025,softball,14,Durham,NC,Duke,2,Georgia
2025,softball,14,Durham,NC,Duke,3,Coastal Carolina
2025,softball,14,Durham,NC,Duke,4,Howard
2025,softball,15,Tuscaloosa,AL,Alabama,1,Alabama
2025,softball,15,Tuscaloosa,AL,Alabama,2,Virginia Tech
2025,softball,15,Tuscaloosa,AL,Alabama,3,Belmont
2025,softball,15,Tuscaloosa,AL,Alabama,4,Jackson State
2025,softball,16,Eugene,OR,Oregon,1,Oregon
2025,softball,16,Eugene,OR,Oregon,2,Stanford
2025,softball,16,Eugene,OR,Oregon,3,Weber State
2025,softball,16,Eugene,OR,Oregon,4,Binghamton
2024,softball,1,Austin,TX,Texas,1,Texas
2024,softball,1,Austin,TX,Texas,2,Northwestern
2024,softball,1,Austin,TX,Texas,3,Siena
2024,softball,1,Austin,TX,Texas,4,Saint Francis (PA)
2024,softball,2,Norman,OK,Oklahoma,1,Oklahoma
2024,softball,2,Norman,OK,Oklahoma,2,Oregon
2024,softball,2,Norman,OK,Oklahoma,3,Boston University
2024,softball,2,Norman,OK,Oklahoma,4,Cleveland State
2024,softball,3,Knoxville,TN,Tennessee,1,Tennessee
2024,softball,3,Knoxville,TN,Tennessee,2,Virginia
2024,softball,3,Knoxville,TN,Tennessee,3,Miami (OH)
2024,softball,3,Knoxville,TN,Tennessee,4,Dayton
2024,softball,4,Gainesville,FL,Florida,1,Florida
2024,softball,4,Gainesville,FL,Florida,2,South Alabama
2024,softball,4,Gainesville,FL,Florida,3,Florida Atlantic
2024,softball,4,Gainesville,FL,Florida,4,Florida Gulf Coast
2024,softball,5,Stillwater,OK,Oklahoma State,1,Oklahoma State
2024,softball,5,Stillwater,OK,Oklahoma State,2,Kentucky
2024,softball,5,Stillwater,OK,Oklahoma State,3,Michigan
2024,softball,5,Stillwater,OK,Oklahoma State,4,Northern Colorado
2024,softball,6,Los Angeles,CA,UCLA,1,UCLA
2024,softball,6,Los Angeles,CA,UCLA,2,Virginia Tech
2024,softball,6,Los Angeles,CA,UCLA,3,San Diego State
2024,softball,6,Los Angeles,CA,UCLA,4,Grand Canyon
2024,softball,7,Columbia,MO,Missouri,1,Missouri
2024,softball,7,Columbia,MO,Missouri,2,Washington
2024,softball,7,Columbia,MO,Missouri,3,Indiana
2024,softball,7,Columbia,MO,Missouri,4,Omaha
2024,softball,8,Stanford,CA,Stanford,1,Stanford
2024,softball,8,Stanford,CA,Stanford,2,Mississippi State
2024,softball,8,Stanford,CA,Stanford,3,Cal State Fullerton
2024,softball,8,Stanford,CA,Stanford,4,Saint Mary's (CA)
2024,softball,9,Baton Rouge,LA,LSU,1,LSU
2024,softball,9,Baton Rouge,LA,LSU,2,California
2024,softball,9,Baton Rouge,LA,LSU,3,Southern Illinois
2024,softball,9,Baton Rouge,LA,LSU,4,Jackson State
2024,softball,10,Durham,NC,Duke,1,Duke
2024,softball,10,Durham,NC,Duke,2,South Carolina
2024,softball,10,Durham,NC,Duke,3,Utah
2024,softball,10,Durham,NC,Duke,4,Morgan State
2024,softball,11,Athens,GA,Georgia,1,Georgia
2024,softball,11,Athens,GA,Georgia,2,Charlotte
2024,softball,11,Athens,GA,Georgia,3,Liberty
2024,softball,11,Athens,GA,Georgia,4,UNC Wilmington
2024,softball,12,Fayetteville,AR,Arkansas,1,Arkansas
2024,softball,12,Fayetteville,AR,Arkansas,2,Arizona
2024,softball,12,Fayetteville,AR,Arkansas,3,Villanova
2024,softball,12,Fayetteville,AR,Arkansas,4,Southeast Missouri
2024,softball,13,Lafayette,LA,Louisiana,1,Louisiana
2024,softball,13,Lafayette,LA,Louisiana,2,Baylor
2024,softball,13,Lafayette,LA,Louisiana,3,Ole Miss
2024,softball,13,Lafayette,LA,Louisiana,4,Princeton
2024,softball,14,Tuscaloosa,AL,Alabama,1,Alabama
2024,softball,14,Tuscaloosa,AL,Alabama,2,Clemson
2024,softball,14,Tuscaloosa,AL,Alabama,3,Southeastern Louisiana
2024,softball,14,Tuscaloosa,AL,Alabama,4,USC Upstate
2024,softball,15,Tallahassee,FL,Florida State,1,Florida State
2024,softball,15,Tallahassee,FL,Florida State,2,Auburn
2024,softball,15,Tallahassee,FL,Florida State,3,UCF
2024,softball,15,Tallahassee,FL,Florida State,4,Chattanooga
2024,softball,16,College Station,TX,Texas A&M,1,Texas A&M
2024,softball,16,College Station,TX,Texas A&M,2,Texas State
2024,softball,16,College Station,TX,Texas A&M,3,Penn State
2024,softball,16,College Station,TX,Texas A&M,4,UAlbany
2023,softball,1,Norman,OK,Oklahoma,1,Oklahoma
2023,softball,1,Norman,OK,Oklahoma,2,Missouri
2023,softball,1,Norman,OK,Oklahoma,3,California
2023,softball,1,Norman,OK,Oklahoma,4,Hofstra
2023,softball,2,Los Angeles,CA,UCLA,1,UCLA
2023,softball,2,Los Angeles,CA,UCLA,2,Grand Canyon
2023,softball,2,Los Angeles,CA,UCLA,3,San Diego State
2023,softball,2,Los Angeles,CA,UCLA,4,Liberty
2023,softball,3,Tallahassee,FL,Florida State,1,Florida State
2023,softball,3,Tallahassee,FL,Florida State,2,UCF
2023,softball,3,Tallahassee,FL,Florida State,3,South Carolina
2023,softball,3,Tallahassee,FL,Florida State,4,Marist
2023,softball,4,Knoxville,TN,Tennessee,1,Tennessee
2023,softball,4,Knoxville,TN,Tennessee,2,Indiana
2023,softball,4,Knoxville,TN,Tennessee,3,Louisville
2023,softball,4,Knoxville,TN,Tennessee,4,Northern Kentucky
2023,softball,5,Tuscaloosa,AL,Alabama,1,Alabama
2023,softball,5,Tuscaloosa,AL,Alabama,2,Middle Tennessee
2023,softball,5,Tuscaloosa,AL,Alabama,3,Central Arkansas
2023,softball,5,Tuscaloosa,AL,Alabama,4,LIU
2023,softball,6,Stillwater,OK,Oklahoma State,1,Oklahoma State
2023,softball,6,Stillwater,OK,Oklahoma State,2,Wichita State
2023,softball,6,Stillwater,OK,Oklahoma State,3,Nebraska
2023,softball,6,Stillwater,OK,Oklahoma State,4,UMBC
2023,softball,7,Seattle,WA,Washington,1,Washington
2023,softball,7,Seattle,WA,Washington,2,McNeese
2023,softball,7,Seattle,WA,Washington,3,Minnesota
2023,softball,7,Seattle,WA,Washington,4,Northern Colorado
2023,softball,8,Durham,NC,Duke,1,Duke
2023,softball,8,Durham,NC,Duke,2,Charlotte
2023,softball,8,Durham,NC,Duke,3,Campbell
2023,softball,8,Durham,NC,Duke,4,George Mason
2023,softball,9,Stanford,CA,Stanford,1,Stanford
2023,softball,9,Stanford,CA,Stanford,2,Florida
2023,softball,9,Stanford,CA,Stanford,3,Loyola Marymount
2023,softball,9,Stanford,CA,Stanford,4,Long Beach State
2023,softball,10,Baton Rouge,LA,LSU,1,LSU
2023,softball,10,Baton Rouge,LA,LSU,2,Louisiana
2023,softball,10,Baton Rouge,LA,LSU,3,Omaha
2023,softball,10,Baton Rouge,LA,LSU,4,Prairie View A&M
2023,softball,11,Fayetteville,AR,Arkansas,1,Arkansas
2023,softball,11,Fayetteville,AR,Arkansas,2,Notre Dame
2023,softball,11,Fayetteville,AR,Arkansas,3,Oregon
2023,softball,11,Fayetteville,AR,Arkansas,4,Harvard
2023,softball,12,Evanston,IL,Northwestern,1,Northwestern
2023,softball,12,Evanston,IL,Northwestern,2,Kentucky
2023,softball,12,Evanston,IL,Northwestern,3,Miami (OH)
2023,softball,12,Evanston,IL,Northwestern,4,Eastern Illinois
2023,softball,13,Austin,TX,Texas,1,Texas
2023,softball,13,Austin,TX,Texas,2,Texas A&M
2023,softball,13,Austin,TX,Texas,3,Texas State
2023,softball,13,Austin,TX,Texas,4,Seton Hall
2023,softball,14,Athens,GA,Georgia,1,Georgia
2023,softball,14,Athens,GA,Georgia,2,Virginia Tech
2023,softball,14,Athens,GA,Georgia,3,Boston University
2023,softball,14,Athens,GA,Georgia,4,North Carolina Central
2023,softball,15,Salt Lake City,UT,Utah,1,Utah
2023,softball,15,Salt Lake City,UT,Utah,2,Ole Miss
2023,softball,15,Salt Lake City,UT,Utah,3,Baylor
2023,softball,15,Salt Lake City,UT,Utah,4,Southern Illinois
2023,softball,16,Clemson,SC,Clemson,1,Clemson
2023,softball,16,Clemson,SC,Clemson,2,Auburn
2023,softball,16,Clemson,SC,Clemson,3,Cal State Fullerton
2023,softball,16,Clemson,SC,Clemson,4,UNC Greensboro
2022,softball,1,Norman,OK,Oklahoma,1,Oklahoma
2022,softball,1,Norman,OK,Oklahoma,2,Texas A&M
2022,softball,1,Norman,OK,Oklahoma,3,Minnesota
2022,softball,1,Norman,OK,Oklahoma,4,UCF
2022,softball,2,Tallahassee,FL,Florida State,1,Florida State
2022,softball,2,Tallahassee,FL,Florida State,2,Mississippi State
2022,softball,2,Tallahassee,FL,Florida State,3,South Florida
2022,softball,2,Tallahassee,FL,Florida State,4,Arizona
2022,softball,3,Blacksburg,VA,Virginia Tech,1,Virginia Tech
2022,softball,3,Blacksburg,VA,Virginia Tech,2,Kentucky
2022,softball,3,Blacksburg,VA,Virginia Tech,3,Miami (OH)
2022,softball,3,Blacksburg,VA,Virginia Tech,4,Florida
2022,softball,4,Fayetteville,AR,Arkansas,1,Arkansas
2022,softball,4,Fayetteville,AR,Arkansas,2,Oregon
2022,softball,4,Fayetteville,AR,Arkansas,3,Wichita State
2022,softball,4,Fayetteville,AR,Arkansas,4,Texas
2022,softball,5,Los Angeles,CA,UCLA,1,UCLA
2022,softball,5,Los Angeles,CA,UCLA,2,Ole Miss
2022,softball,5,Los Angeles,CA,UCLA,3,Loyola Marymount
2022,softball,5,Los Angeles,CA,UCLA,4,Duke
2022,softball,6,Tuscaloosa,AL,Alabama,1,Alabama
2022,softball,6,Tuscaloosa,AL,Alabama,2,Stanford
2022,softball,6,Tuscaloosa,AL,Alabama,3,Tennessee
2022,softball,6,Tuscaloosa,AL,Alabama,4,Oregon State
2022,softball,7,Stillwater,OK,Oklahoma State,1,Oklahoma State
2022,softball,7,Stillwater,OK,Oklahoma State,2,Nebraska
2022,softball,7,Stillwater,OK,Oklahoma State,3,North Texas
2022,softball,7,Stillwater,OK,Oklahoma State,4,Clemson
2022,softball,8,Tempe,AZ,Arizona State,1,Arizona State
2022,softball,8,Tempe,AZ,Arizona State,2,San Diego State
2022,softball,8,Tempe,AZ,Arizona State,3,Cal State Fullerton
2022,softball,8,Tempe,AZ,Arizona State,4,Northwestern
2022,softball,9,Knoxville,TN,Tennessee,1,Tennessee
2022,softball,9,Knoxville,TN,Tennessee,2,Indiana
2022,softball,9,Knoxville,TN,Tennessee,3,Ohio State
2022,softball,9,Knoxville,TN,Tennessee,4,Campbell
2022,softball,10,Gainesville,FL,Florida,1,Florida
2022,softball,10,Gainesville,FL,Florida,2,Georgia Tech
2022,softball,10,Gainesville,FL,Florida,3,Wisconsin
2022,softball,10,Gainesville,FL,Florida,4,Canisius
2022,softball,11,Baton Rouge,LA,LSU,1,LSU
2022,softball,11,Baton Rouge,LA,LSU,2,Louisiana
2022,softball,11,Baton Rouge,LA,LSU,3,McNeese
2022,softball,11,Baton Rouge,LA,LSU,4,UL Monroe
2022,softball,12,Austin,TX,Texas,1,Texas
2022,softball,12,Austin,TX,Texas,2,Baylor
2022,softball,12,Austin,TX,Texas,3,Texas State
2022,softball,12,Austin,TX,Texas,4,Saint Francis (PA)
2022,softball,13,Seattle,WA,Washington,1,Washington
2022,softball,13,Seattle,WA,Washington,2,Michigan
2022,softball,13,Seattle,WA,Washington,3,Portland State
2022,softball,13,Seattle,WA,Washington,4,Weber State
2022,softball,14,Durham,NC,Duke,1,Duke
2022,softball,14,Durham,NC,Duke,2,UCF
2022,softball,14,Durham,NC,Duke,3,Georgia
2022,softball,14,Durham,NC,Duke,4,UMBC
2022,softball,15,Columbia,SC,South Carolina,1,South Carolina
2022,softball,15,Columbia,SC,South Carolina,2,Clemson
2022,softball,15,Columbia,SC,South Carolina,3,Auburn
2022,softball,15,Columbia,SC,South Carolina,4,Monmouth
2022,softball,16,Starkville,MS,Mississippi State,1,Mississippi State
2022,softball,16,Starkville,MS,Mississippi State,2,Arizona
2022,softball,16,Starkville,MS,Mississippi State,3,BYU
2022,softball,16,Starkville,MS,Mississippi State,4,UTEP
2021,softball,1,Norman,OK,Oklahoma,1,Oklahoma
2021,softball,1,Norman,OK,Oklahoma,2,Wichita State
2021,softball,1,Norman,OK,Oklahoma,3,Texas A&M
2021,softball,1,Norman,OK,Oklahoma,4,Morgan State
2021,softball,2,Los Angeles,CA,UCLA,1,UCLA
2021,softball,2,Los Angeles,CA,UCLA,2,Fresno State
2021,softball,2,Los Angeles,CA,UCLA,3,Minnesota
2021,softball,2,Los Angeles,CA,UCLA,4,Long Beach State
2021,softball,3,Tuscaloosa,AL,Alabama,1,Alabama
2021,softball,3,Tuscaloosa,AL,Alabama,2,Clemson
2021,softball,3,Tuscaloosa,AL,Alabama,3,Troy
2021,softball,3,Tuscaloosa,AL,Alabama,4,Alabama State
2021,softball,4,Gainesville,FL,Florida,1,Florida
2021,softball,4,Gainesville,FL,Florida,2,South Alabama
2021,softball,4,Gainesville,FL,Florida,3,Baylor
2021,softball,4,Gainesville,FL,Florida,4,South Florida
2021,softball,5,Stillwater,OK,Oklahoma State,1,Oklahoma State
2021,softball,5,Stillwater,OK,Oklahoma State,2,Mississippi State
2021,softball,5,Stillwater,OK,Oklahoma State,3,Campbell
2021,softball,5,Stillwater,OK,Oklahoma State,4,Boston University
2021,softball,6,Fayetteville,AR,Arkansas,1,Arkansas
2021,softball,6,Fayetteville,AR,Arkansas,2,Stanford
2021,softball,6,Fayetteville,AR,Arkansas,3,South Dakota State
2021,softball,6,Fayetteville,AR,Arkansas,4,Manhattan
2021,softball,7,Baton Rouge,LA,LSU,1,LSU
2021,softball,7,Baton Rouge,LA,LSU,2,Louisiana
2021,softball,7,Baton Rouge,LA,LSU,3,McNeese State
2021,softball,7,Baton Rouge,LA,LSU,4,George Washington
2021,softball,8,Columbia,MO,Missouri,1,Missouri
2021,softball,8,Columbia,MO,Missouri,2,Iowa State
2021,softball,8,Columbia,MO,Missouri,3,Northern Iowa
2021,softball,8,Columbia,MO,Missouri,4,UIC
2021,softball,9,Knoxville,TN,Tennessee,1,Tennessee
2021,softball,9,Knoxville,TN,Tennessee,2,James Madison
2021,softball,9,Knoxville,TN,Tennessee,3,Liberty
2021,softball,9,Knoxville,TN,Tennessee,4,Eastern Kentucky
2021,softball,10,Tallahassee,FL,Florida State,1,Florida State
2021,softball,10,Tallahassee,FL,Florida State,2,UCF
2021,softball,10,Tallahassee,FL,Florida State,3,Auburn
2021,softball,10,Tallahassee,FL,Florida State,4,Kennesaw State
2021,softball,11,Tucson,AZ,Arizona,1,Arizona
2021,softball,11,Tucson,AZ,Arizona,2,Ole Miss
2021,softball,11,Tucson,AZ,Arizona,3,Villanova
2021,softball,11,Tucson,AZ,Arizona,4,UMBC
2021,softball,12,Austin,TX,Texas,1,Texas
2021,softball,12,Austin,TX,Texas,2,Texas State
2021,softball,12,Austin,TX,Texas,3,Oregon
2021,softball,12,Austin,TX,Texas,4,Saint Francis (PA)
2021,softball,13,Athens,GA,Duke,1,Duke
2021,softball,13,Athens,GA,Duke,2,Georgia
2021,softball,13,Athens,GA,Duke,3,Western Kentucky
2021,softball,13,Athens,GA,Duke,4,UNC Greensboro
2021,softball,14,Lexington,KY,Kentucky,1,Kentucky
2021,softball,14,Lexington,KY,Kentucky,2,Northwestern
2021,softball,14,Lexington,KY,Kentucky,3,Notre Dame
2021,softball,14,Lexington,KY,Kentucky,4,Miami (OH)
2021,softball,15,Tempe,AZ,Arizona State,1,Arizona State
2021,softball,15,Tempe,AZ,Arizona State,2,Virginia Tech
2021,softball,15,Tempe,AZ,Arizona State,3,BYU
2021,softball,15,Tempe,AZ,Arizona State,4,Southern Illinois
2021,softball,16,Seattle,WA,Washington,1,Washington
2021,softball,16,Seattle,WA,Washington,2,Michigan
2021,softball,16,Seattle,WA,Washington,3,Seattle
2021,softball,16,Seattle,WA,Washington,4,Portland State
