team,conf,rpi_rank,rpi_value,wl,noncon_record,conf_record,road_wl,q1,q2,q3,q4,vs_top_100,vs_below_150,sos_rank,ncsos_rank,ncsos_value,dsr
UCLA,Big Ten,1,0.63886,43-4,19-4,24-0,15-0,7-0,17-1,9-1,10-2,25-2,2-0,36,78,,
Georgia Tech,ACC,2,0.62929,39-8,20-3,19-5,11-5,13-5,9-1,5-1,12-1,25-7,10-0,32,224,,
Texas,SEC,3,0.62399,35-10,20-2,15-8,7-6,13-6,5-3,5-1,12-0,21-8,7-0,12,159,,
Auburn,SEC,4,0.62088,32-14,18-4,14-10,7-6,11-11,7-3,6-0,8-0,20-14,5-0,1,17,,
Alabama,SEC,5,0.61728,32-16,19-5,13-11,8-10,13-9,3-5,9-2,7-0,23-15,6-0,2,23,,
North Carolina,ACC,6,0.61367,37-9-1,19-2-1,18-7,11-2,8-7,8-1-1,6-0,15-1,21-8-1,6-0,21,115,,
Florida St.,ACC,7,0.61106,33-14,18-5,15-9,8-8,5-9,7-4,12-1,9-0,21-11,8-0,5,29,,
Texas A&M,SEC,8,0.60901,35-10,20-2,15-8,9-4,12-9,0-0,7-1,16-0,16-10,14-0,28,197,,
Mississippi St.,SEC,9,0.60871,36-12,21-2,15-10,9-5,9-9,5-3,8-0,14-0,18-12,13-0,15,153,,
Southern California,Big Ten,10,0.60828,37-12,18-4,19-8,9-11,0-8,8-2,15-1,14-1,20-9,10-1,40,109,,
Southern Miss.,Sun Belt,11,0.60740,34-14,18-6,16-8,10-8,6-6,12-3,8-4,8-1,23-11,4-0,8,7,,
Florida,SEC,12,0.60378,31-17,18-6,13-11,11-5,15-11,2-1,5-2,9-3,21-14,6-1,3,35,,
Ole Miss,SEC,13,0.60043,32-17,20-4,12-13,6-8,11-14,2-3,7-0,12-0,20-16,11-0,4,92,,
Kansas,Big 12,14,0.59921,37-11,17-6,20-5,18-9,6-3,10-4,9-2,12-2,17-5,11-1,92,176,,
Oregon St.,DI Independent,15,0.59721,36-11,36-11,0-0,12-2,2-2,13-5,12-0,9-4,16-7,6-2,48,48,,
Georgia,SEC,16,0.59412,38-11,20-5,18-6,10-3,10-6,3-2,7-2,18-1,20-10,9-0,56,264,,
Coastal Carolina,Sun Belt,17,0.59384,33-14,14-9,19-5,13-6,8-5,5-3,10-4,10-2,18-11,11-2,24,3,,
Nebraska,Big Ten,18,0.59232,34-14,17-7,17-7,10-10,8-7,4-5,6-2,16-0,15-12,9-0,57,66,,
Oklahoma,SEC,19,0.59103,30-16,18-4,12-12,7-8,8-12,5-3,5-1,12-0,16-16,8-0,9,104,,
Virginia,ACC,20,0.59072,32-16,20-4,12-12,7-10,7-9,9-5,2-1,14-1,16-13,9-2,11,106,,
Wake Forest,ACC,21,0.59009,32-17,17-4,15-13,6-10,5-14,5-1,6-2,16-0,14-16,9-0,10,112,,
Cincinnati,Big 12,22,0.58716,32-17,19-6,13-11,14-11,10-10,6-3,5-3,11-1,17-15,6-1,27,77,,
Missouri St.,CUSA,23,0.58367,27-17,12-8,15-9,9-14,4-8,4-7,7-1,12-1,11-15,9-0,14,14,,
Boston College,ACC,24,0.58215,35-16,18-6,17-10,13-10,7-8,7-4,10-3,11-1,19-10,12-0,66,262,,
West Virginia,Big 12,25,0.58122,31-12,14-4,17-8,16-7,5-4,5-5,14-1,7-2,17-9,10-1,104,228,,
Liberty,CUSA,26,0.58098,35-13,17-7,18-6,17-5,7-8,10-3,7-0,11-2,17-11,14-1,81,80,,
Oregon,Big Ten,27,0.57802,35-12,18-5,17-7,12-7,8-6,5-2,5-3,17-1,14-9,14-1,112,148,,
Jacksonville St.,CUSA,28,0.57533,38-10,18-6,20-4,15-5,5-8,7-0,4-1,22-1,9-9,22-1,153,243,,
UCF,Big 12,29,0.57452,27-17,12-8,15-9,8-7,5-8,8-4,2-4,12-1,14-14,12-1,7,68,,
Arkansas,SEC,30,0.57378,32-17,19-6,13-11,8-5,11-10,3-2,8-2,10-3,17-12,7-3,31,182,,
UC Santa Barbara,Big West,31,0.57301,30-15,14-7,16-8,13-7,3-4,7-3,10-3,10-5,14-6,9-2,47,1,,
Oklahoma St.,Big 12,32,0.57259,31-17,17-7,14-10,9-10,6-8,7-4,9-3,9-2,16-13,11-2,50,139,,
Miami (FL),ACC,33,0.57222,33-14,20-3,13-11,10-6,7-8,6-4,8-2,12-0,16-13,10-0,71,172,,
Tennessee,SEC,34,0.57089,31-17,20-4,11-13,5-7,10-8,1-5,3-2,17-2,14-15,10-0,19,122,,
Kentucky,SEC,35,0.57070,29-16,18-3,11-13,10-10,6-6,4-4,12-3,7-3,16-9,6-1,67,186,,
Virginia Tech,ACC,36,0.56823,25-21,12-7,13-14,9-10,4-11,7-5,5-1,9-4,13-17,5-1,6,52,,
NC State,ACC,37,0.56627,30-17,18-5,12-12,5-9,7-10,4-2,7-2,12-3,17-14,10-3,34,217,,
UTSA,American,38,0.56576,33-14,18-8,15-6,11-9,2-1,5-3,16-8,10-2,15-6,13-5,120,210,,
Arizona St.,Big 12,39,0.56322,33-15,16-6,17-9,11-5,4-7,6-3,14-2,9-3,20-11,13-4,83,137,,
East Carolina,American,40,0.56321,29-19-1,16-11-1,13-8,7-11-1,3-6-1,5-7,13-4,8-2,17-13-1,7-2,29,27,,
Clemson,ACC,41,0.56172,28-20,20-3,8-17,7-10,6-9,4-10,6-0,12-1,10-14,13-1,17,169,,
Michigan,Big Ten,42,0.56062,30-17,14-8,16-9,13-9,2-8,7-3,9-4,12-2,7-10,13-5,88,200,,
Mercer,SoCon,43,0.55922,35-13,26-7,9-6,9-11,0-7,2-2,11-4,22-0,7-11,21-1,172,254,,
Louisiana,Sun Belt,44,0.55899,30-18,18-6,12-12,8-11,5-7,5-4,10-4,10-3,18-12,3-3,68,90,,
Kent St.,MAC,45,0.55879,34-11,13-4,21-7,17-6,3-2,6-5,2-2,23-2,9-7,25-3,163,87,,
UAB,American,46,0.55726,28-19,16-10,12-9,9-10,5-9,3-5,4-0,16-5,8-14,10-3,44,25,,
Miami (OH),MAC,47,0.55717,32-15,13-7,19-8,14-10,4-6,1-3,11-4,16-2,5-10,25-4,115,30,,
Western Caro.,SoCon,48,0.55684,31-17,19-11,12-6,11-9,3-2,9-5,9-6,10-4,13-8,10-4,72,192,,
Pittsburgh,ACC,49,0.55657,28-18,18-4,10-14,10-9,8-9,4-3,3-5,13-1,8-13,13-3,61,239,,
TCU,Big 12,50,0.55647,29-18,15-7,14-11,7-11,3-9,7-4,2-2,17-3,12-13,8-4,76,110,,
Arkansas St.,Sun Belt,51,0.55631,27-19,16-6,11-13,11-12,4-5,6-7,7-6,10-1,11-10,9-1,54,62,,
Purdue,Big Ten,52,0.55558,31-15,16-6,15-9,7-7,1-4,4-5,12-4,14-2,12-11,14-1,105,116,,
Gonzaga,WCC,53,0.55417,29-17,13-12,16-5,17-14,2-5,2-4,16-4,9-4,9-9,13-5,133,38,,
High Point,Big South,54,0.55306,30-17,18-11,12-6,11-9,3-4,2-4,10-3,15-6,8-9,14-3,82,34,,
LSU,SEC,55,0.55075,28-21,19-6,9-15,3-10,4-13,5-3,4-0,15-5,12-16,8-2,20,127,,
Eastern Ill.,OVC,56,0.55008,28-15,13-9,15-6,17-12,1-2,3-4,13-4,11-5,5-6,19-7,147,232,,
Texas St.,Sun Belt,57,0.54990,27-21,17-7,10-14,4-11,2-8,5-1,9-10,11-2,13-16,10-2,23,12,,
Tarleton St.,WAC,58,0.54951,31-16,20-12,11-4,13-6,1-3,1-3,15-5,14-5,6-7,22-7,89,94,,
The Citadel,SoCon,59,0.54885,25-22,19-13,6-9,11-15,1-10,6-9,4-1,14-2,5-16,13-1,38,85,,
Southeast Mo. St.,OVC,60,0.54831,31-16,19-7,12-9,12-11,1-4,4-4,9-3,17-5,4-5,18-4,116,80,,
Kansas St.,Big 12,61,0.54772,26-22,15-7,11-15,9-10,1-11,11-8,6-1,8-2,11-18,9-3,35,74,,
Saint Joseph's,Atlantic 10,61,0.54772,32-14,10-12,22-2,16-11,1-2,1-2,12-6,18-4,1-2,24-6,164,128,,
Campbell,CAA,63,0.54727,33-14,10-10,23-4,15-5,2-2,3-2,15-4,13-6,10-8,21-3,155,55,,
South Alabama,Sun Belt,64,0.54723,30-18,16-8,14-10,12-7,7-7,2-0,10-6,11-5,13-10,10-5,93,161,,
California Baptist,WAC,65,0.54693,37-11,27-6,10-5,19-6,1-2,7-2,2-1,27-6,7-3,27-7,243,271,,
Baylor,Big 12,66,0.54644,25-22,14-8,11-14,6-9,4-14,5-3,4-4,12-1,9-20,8-1,22,50,,
Troy,Sun Belt,67,0.54588,23-25,10-14,13-11,10-14,5-9,2-4,12-11,4-1,13-20,7-4,13,5,,
DBU,CUSA,68,0.54329,28-20,12-12,16-8,11-9,2-8,4-7,11-3,11-2,8-16,13-3,65,21,,
South Fla.,American,69,0.54291,29-18,21-5,8-13,8-10,4-7,3-4,6-3,16-4,10-13,13-2,95,149,,
Notre Dame,ACC,70,0.54158,24-20,13-4,11-16,8-10,2-14,6-4,5-1,11-1,7-16,9-0,64,293,,
Vanderbilt,SEC,71,0.54146,27-22,17-8,10-14,4-9,5-15,3-1,6-2,13-4,12-17,13-2,43,273,,
BYU,Big 12,72,0.53937,23-23,10-10,13-13,14-12,2-4,12-8,6-8,3-3,10-16,6-5,52,98,,
California,ACC,73,0.53873,24-23,16-7,8-16,11-10,5-13,3-3,3-3,13-4,6-16,10-5,39,259,,
Xavier,Big East,74,0.53834,22-27,12-22,10-5,14-19,5-13,4-5,3-3,10-6,8-19,10-3,33,9,,
Southeastern La.,Southland,75,0.53798,29-19,11-10,18-9,11-11,2-3,4-7,7-6,16-3,3-8,17-5,94,32,,
Louisiana Tech,CUSA,76,0.53750,28-21,13-12,15-9,10-10,3-4,6-7,7-7,12-3,11-13,13-5,79,46,,
Maryland,Big Ten,77,0.53730,22-26,16-8,6-18,11-17,1-10,5-10,5-5,11-1,7-22,11-0,25,69,,
ETSU,SoCon,78,0.53725,29-16,20-10,9-6,10-13,1-5,5-3,7-7,16-1,8-10,19-4,185,255,,
Iowa,Big Ten,79,0.53610,25-18,13-6,12-12,10-7,0-8,3-1,15-7,7-2,6-12,9-2,103,178,,
Rice,American,80,0.53561,29-20,18-10,11-10,11-9,0-3,9-6,8-4,12-7,9-8,11-4,106,168,,
Utah,Big 12,81,0.53385,23-19,12-5,11-14,9-13,2-10,3-4,4-3,14-2,9-16,11-3,111,270,,
Cal Poly,Big West,82,0.53373,27-19,10-12,17-7,12-9,0-7,6-6,5-3,16-3,4-13,16-4,101,41,,
UConn,Big East,83,0.53318,27-22,17-17,10-5,18-10,0-4,7-6,15-11,5-1,10-16,13-4,107,108,,
Duke,ACC,84,0.53265,23-24,14-8,9-16,4-14,4-15,4-3,2-2,13-4,10-20,8-2,26,198,,
NIU,MAC,85,0.53252,29-13,10-5,19-8,19-9,1-1,6-2,4-4,18-6,6-4,22-9,240,247,,
Minnesota,Big Ten,86,0.53160,29-18,19-4,10-14,7-11,2-5,3-7,8-4,16-2,7-12,16-3,139,166,,
Ohio St.,Big Ten,87,0.52993,24-21,11-10,13-11,8-8,3-9,7-5,4-4,10-3,10-13,11-5,78,184,,
Washington St.,Mountain West,88,0.52906,25-23,12-15,13-8,12-15,3-8,3-7,5-4,14-4,7-16,18-7,91,42,,
Illinois,Big Ten,89,0.52868,22-23,11-9,11-14,6-12,3-7,3-6,6-6,10-4,8-14,8-3,45,132,,
Creighton,Big East,90,0.52867,26-19,15-15,11-4,11-12,0-6,3-6,7-4,16-3,5-13,14-3,131,103,,
San Diego St.,Mountain West,90,0.52867,30-18,17-11,13-7,10-12,1-2,0-2,9-11,20-3,5-5,18-9,162,146,,
Charlotte,American,92,0.52637,23-24,15-11,8-13,7-12,2-9,6-1,5-12,10-2,8-18,3-4,46,60,,
Kennesaw St.,CUSA,93,0.52387,22-22,11-9,11-13,8-12,2-9,3-4,9-9,8-0,8-15,13-5,70,18,,
USC Upstate,Big South,94,0.52357,22-26,11-16,11-10,9-22,1-6,3-9,10-8,8-3,7-12,11-6,73,76,,
Little Rock,OVC,95,0.52340,28-20,14-13,14-7,11-14,0-5,3-2,9-6,16-7,5-8,14-6,152,181,,
UNCW,CAA,96,0.52328,26-20,12-10,14-10,11-8,1-3,1-4,13-7,11-6,5-11,18-9,108,45,,
App State,Sun Belt,97,0.52301,28-18,13-9,15-9,11-9,1-8,5-4,4-4,18-2,5-12,19-4,183,258,,
Samford,SoCon,98,0.52269,24-21,15-15,9-6,7-9,2-10,2-4,8-4,12-3,9-18,12-3,77,165,,
St. John's (NY),Big East,99,0.52231,26-21,15-17,11-4,16-11,0-6,7-3,7-7,12-5,8-14,17-7,138,150,,
Portland,WCC,100,0.52203,25-19,14-9,11-10,7-11,2-6,2-3,4-3,17-7,6-10,16-8,121,19,,
UTRGV,Southland,101,0.52193,24-25,7-12,17-13,13-15,2-6,2-8,12-4,8-7,4-11,15-6,80,15,,
South Carolina,SEC,102,0.52128,22-27,15-10,7-17,4-11,1-17,5-4,4-2,12-4,6-23,10-4,16,145,,
UC San Diego,Big West,103,0.51986,19-24,5-14,14-10,9-15,3-10,0-3,8-4,8-7,5-16,10-6,55,4,,
Louisville,ACC,104,0.51965,26-22,16-8,10-14,3-11,2-7,7-8,3-1,14-6,12-15,11-0,96,237,,
Cal St. Fullerton,Big West,105,0.51741,21-25,8-14,13-11,11-14,3-6,2-5,7-7,9-7,6-12,9-9,63,2,,
FGCU,ASUN,106,0.51697,29-17,16-7,13-10,10-10,2-3,0-0,9-5,18-9,3-4,20-5,202,75,,
Morehead St.,OVC,107,0.51687,24-23,15-11,9-12,13-16,4-7,2-5,5-3,13-8,5-9,18-8,109,209,,
Wofford,SoCon,108,0.51626,31-17,22-11,9-6,9-8,0-3,3-4,10-5,18-5,8-9,19-6,208,283,,
Western Ky.,CUSA,109,0.51508,26-22,15-9,11-13,5-10,1-7,0-4,10-7,15-4,8-14,13-4,97,119,,
Houston,Big 12,110,0.51418,19-28,15-8,4-20,6-11,5-13,1-2,6-10,7-3,8-23,8-2,30,67,,
Winthrop,Big South,111,0.51384,30-18,17-13,13-5,8-10,0-4,1-2,8-4,21-8,4-7,14-10,214,175,,
Indiana,Big Ten,112,0.51359,21-27,14-10,7-17,9-16,1-9,6-6,5-7,9-5,6-17,7-4,75,97,,
Memphis,American,113,0.51339,18-28,8-17,10-11,7-13,2-8,7-6,3-9,6-5,11-20,5-4,18,16,,
Lamar University,Southland,114,0.51265,25-23,8-13,17-10,9-12,1-6,1-2,10-11,13-4,4-12,13-9,113,83,,
Northeastern,CAA,115,0.51256,28-18,11-11,17-7,14-7,1-4,0-1,9-8,18-5,1-8,21-7,221,173,,
Stanford,ACC,116,0.51253,22-22,12-8,10-14,5-8,6-5,5-11,1-0,10-6,9-15,9-4,87,277,,
Rutgers,Big Ten,117,0.51196,22-26,13-11,9-15,10-12,1-9,5-7,7-5,9-5,7-17,11-6,85,131,,
VCU,Atlantic 10,118,0.51195,26-21,11-12,15-9,7-13,1-7,0-2,8-7,17-5,2-9,21-8,135,33,,
UC Irvine,Big West,119,0.51139,20-25,10-11,10-14,7-11,2-6,3-8,7-6,8-5,7-13,8-5,58,13,,
Old Dominion,Sun Belt,120,0.51115,24-23,13-10,11-13,8-10,1-4,3-5,8-11,12-3,7-16,12-5,90,101,,
Michigan St.,Big Ten,121,0.51102,16-28,6-9,10-19,9-13,0-10,5-6,8-10,3-2,7-19,5-3,37,105,,
Hawaii,Big West,122,0.51094,21-19,8-8,13-11,6-10,2-5,1-2,5-5,13-7,5-9,11-6,117,10,,
Missouri,SEC,123,0.51085,21-26,17-6,4-20,3-12,4-17,1-2,1-2,15-5,6-19,15-2,51,250,,
Maine,America East,124,0.51081,16-27,5-20,11-7,11-24,2-7,2-8,5-8,7-4,3-11,10-10,59,24,,
Georgia St.,Sun Belt,125,0.50941,22-25,12-11,10-14,7-14,2-9,0-1,6-10,14-5,4-14,14-8,74,95,,
Northwestern,Big Ten,126,0.50815,19-25-1,12-8-1,7-17,4-16,4-10,1-6,1-5,13-4-1,5-19,10-4-1,69,158,,
Northwestern St.,Southland,127,0.50720,25-20,9-9,16-11,9-12,0-2,3-4,7-9,15-5,1-6,16-5,178,194,,
Jacksonville,ASUN,128,0.50683,26-20,13-9,13-11,9-11,4-4,2-2,1-6,19-8,4-9,19-5,173,20,,
Longwood,Big South,129,0.50655,28-20,18-12,10-8,10-15,3-4,0-1,9-11,16-4,5-5,19-10,226,187,,
Sacramento St.,WAC,130,0.50623,22-27,16-21,6-6,12-14,4-4,1-4,8-5,9-14,8-10,13-12,84,39,,
Binghamton,America East,131,0.50617,24-18,11-13,13-5,10-11,1-2,0-3,4-5,19-8,1-5,19-8,184,177,,
Texas Tech,Big 12,132,0.50613,23-24,16-7,7-17,6-10,3-8,3-11,5-1,12-4,6-19,15-3,98,195,,
Richmond,Atlantic 10,133,0.50603,27-20,13-10,14-10,9-8,0-2,0-2,7-7,20-9,1-6,21-7,146,229,,
Indiana St.,MVC,134,0.50545,26-21,14-15,12-6,13-9,1-3,4-5,9-5,12-8,4-8,14-7,205,91,,
Saint Mary's (CA),WCC,135,0.50488,26-21,15-11,11-10,11-9,0-1,5-4,9-11,12-5,6-11,20-10,161,111,,
Fla. Atlantic,American,136,0.50405,24-23,14-12,10-11,7-7,0-2,7-11,5-6,12-4,8-17,10-2,101,167,,
Rider,MAAC,137,0.50379,25-16,8-9,17-7,15-13,0-0,0-2,7-10,18-4,0-2,24-13,255,272,,
Central Ark.,ASUN,138,0.50361,27-21,13-11,14-10,12-15,0-3,1-2,11-8,15-8,2-6,18-12,228,113,,
UNC Greensboro,SoCon,139,0.50349,20-28,14-16,6-12,8-13,2-8,2-9,1-7,15-4,5-20,15-5,42,88,,
Nicholls,Southland,140,0.50339,21-22,6-10,15-12,11-9,1-6,0-1,10-4,10-11,1-8,16-7,122,36,,
SIUE,OVC,141,0.50260,27-21,12-15,15-6,12-15,1-2,4-6,8-5,14-8,4-9,18-10,231,278,,
Air Force,Mountain West,142,0.50255,23-22,9-15,14-7,6-17,0-3,0-11,8-6,15-2,1-13,21-7,190,214,,
Oral Roberts,Summit League,143,0.50243,29-17,10-14,19-3,12-9,1-5,3-2,7-5,18-5,6-8,22-6,258,51,,
Illinois St.,MVC,144,0.50228,30-17,18-8,12-9,13-13,2-1,2-1,5-11,21-4,5-3,22-12,280,252,,
Tulane,American,145,0.50198,23-26,15-13,8-13,7-17,2-8,4-7,4-8,13-3,7-17,11-4,136,203,,
ULM,Sun Belt,146,0.50160,24-24,14-10,10-14,8-11,2-4,3-4,8-7,11-9,10-12,10-6,127,268,,
Monmouth,CAA,147,0.50139,25-19,9-11,16-8,13-10,0-1,1-3,11-7,13-8,0-1,21-10,209,227,,
Radford,Big South,148,0.50079,21-21,12-12,9-9,6-11,1-5,1-6,5-2,14-8,5-9,14-8,124,107,,
North Florida,ASUN,149,0.50049,26-20,9-13,17-7,9-9,0-5,1-2,6-3,19-10,0-6,17-11,191,218,,
Wright St.,Horizon,150,0.50010,22-22,7-19,15-3,11-13,3-5,3-7,1-4,15-6,7-14,15-4,159,6,,
Wichita St.,American,151,0.49983,25-23,15-12,10-11,7-12,3-11,2-2,6-5,14-5,7-15,13-3,144,242,,
UC Davis,Big West,152,0.49959,23-24,11-9,12-15,14-14,0-3,7-7,4-5,12-9,4-7,15-8,189,125,,
Nevada,Mountain West,153,0.49930,21-21,9-12,12-9,9-14,0-4,3-5,3-5,15-7,2-8,17-6,158,199,,
Hofstra,CAA,154,0.49896,17-24,6-11,11-13,10-19,0-6,4-4,4-7,9-7,2-9,9-10,119,100,,
Austin Peay,ASUN,155,0.49862,23-24,10-13,13-11,12-16,1-6,0-1,9-9,13-8,1-6,18-15,167,125,,
UT Arlington,WAC,156,0.49843,16-27,11-20,5-7,5-15,3-5,2-4,4-11,7-7,8-14,4-4,41,58,,
Utah Tech,WAC,157,0.49764,27-18,21-12,6-6,15-10,0-0,2-3,5-9,20-6,3-7,22-10,250,291,,
Murray St.,MVC,158,0.49737,26-21,14-15,12-6,9-17,0-9,0-0,6-6,20-6,0-10,22-11,262,213,,
Army West Point,Patriot,159,0.49723,28-18,11-9,17-9,12-12,0-4,1-3,3-4,24-7,0-4,26-11,253,269,,
Penn,Ivy League,160,0.49611,20-20,6-13,14-7,8-15,1-8,0-1,6-7,13-4,1-9,19-10,182,53,,
James Madison,Sun Belt,161,0.49591,20-26,10-12,10-14,5-15,2-8,2-2,5-11,11-5,6-14,11-4,99,120,,
Charleston So.,Big South,162,0.49439,24-19,15-10,9-9,6-12,0-1,1-7,4-7,19-4,2-8,18-6,222,206,,
Washington,Big Ten,163,0.49430,20-26,10-12,10-14,8-10,2-8,4-5,6-6,8-7,9-17,6-4,114,234,,
Abilene Christian,WAC,164,0.49422,23-24,17-18,6-6,9-11,1-3,2-5,10-10,10-6,5-11,13-7,149,220,,
Houston Christian,Southland,165,0.49373,21-25,9-10,12-15,11-16,2-4,2-7,7-6,10-8,4-12,14-7,156,152,,
Col. of Charleston,CAA,166,0.49367,22-24,10-12,12-12,7-6,1-1,4-6,6-11,11-6,7-16,12-4,118,114,,
McNeese,Southland,167,0.49366,23-23,10-9,13-14,11-9,1-3,3-3,10-7,9-10,6-4,13-13,156,133,,
Bryant,America East,168,0.49241,24-20,12-11,12-9,12-15,0-3,1-2,9-10,14-5,0-4,18-7,249,212,,
Niagara,MAAC,169,0.49169,22-16-1,5-9-1,17-7,13-13,0-3,1-5,3-3,18-5-1,1-5,19-7-1,270,256,,
Bucknell,Patriot,170,0.49162,24-22,7-13,17-9,11-15,0-2,0-1,6-11,18-8,1-4,22-16,200,155,,
Lindenwood,OVC,171,0.49153,24-22,14-11,10-11,8-12,0-0,4-3,6-15,14-4,6-11,14-8,171,265,,
Stony Brook,CAA,172,0.49046,19-25,7-13,12-12,9-18,0-7,0-1,10-11,9-6,2-8,13-10,141,156,,
Toledo,MAC,173,0.48999,24-24,6-15,18-9,11-18,0-4,2-6,7-8,15-6,3-9,20-13,210,223,,
Western Mich.,MAC,174,0.48987,22-20,6-9,16-11,12-9,0-1,4-7,2-3,16-9,3-8,18-12,227,185,,
A&M-Corpus Christi,Southland,175,0.48926,23-24,12-8,11-16,8-10,1-3,4-5,3-3,15-13,3-7,17-8,125,96,,
CSUN,Big West,176,0.48793,24-22,13-9,11-13,10-11,1-2,7-4,1-5,15-11,3-7,15-9,223,135,,
Yale,Ivy League,177,0.48732,23-13-1,12-7,11-6-1,12-8-1,0-0,0-0,7-6-1,16-7,0-0,23-13-1,293,285,,
Marshall,Sun Belt,178,0.48710,21-26,10-13,11-13,8-15,1-7,3-9,4-5,13-5,5-14,11-6,179,245,,
Arizona,Big 12,179,0.48644,16-30,8-11,8-19,4-11,3-11,3-5,4-9,6-5,9-23,5-4,53,204,,
Sam Houston,CUSA,180,0.48602,20-28,11-13,9-15,10-15,0-8,2-8,9-5,9-7,1-19,15-5,145,205,,
Fordham,Atlantic 10,181,0.48496,23-26,10-15,13-11,12-14,0-0,2-2,7-14,14-10,2-4,18-18,154,257,,
George Mason,Atlantic 10,182,0.48469,22-23,9-12,13-11,9-13,0-5,1-2,2-7,19-9,1-8,19-12,193,163,,
New Mexico St.,CUSA,183,0.48377,17-27,9-11,8-16,5-15,2-5,3-12,3-5,9-5,6-16,10-9,86,151,,
North Ala.,ASUN,184,0.48364,24-22,9-13,15-9,10-10,0-5,0-3,7-4,17-10,0-8,20-12,219,89,,
VMI,SoCon,185,0.48335,27-20,24-8,3-12,6-14,0-4,2-7,2-5,23-4,2-11,21-2,254,300,,
Fairfield,MAAC,186,0.48316,22-19,6-11,16-8,11-13,0-3,1-0,6-8,15-8,1-3,19-13,246,142,,
Gardner-Webb,Big South,187,0.48186,21-27,13-14,8-13,6-18,1-3,1-9,5-8,14-7,4-14,11-8,142,207,,
Bowling Green,MAC,188,0.48159,15-28,5-11,10-17,9-21,3-11,3-4,1-1,8-12,6-15,9-13,100,8,,
San Diego,WCC,189,0.48153,17-27,8-15,9-12,7-15,0-4,5-12,4-4,8-7,8-15,7-6,123,63,,
Rhode Island,Atlantic 10,190,0.48103,20-26,7-15,13-11,8-20,0-6,0-0,4-9,16-11,0-7,16-13,176,82,,
William & Mary,CAA,191,0.48090,20-25,9-12,11-13,9-14,0-4,2-7,2-6,16-8,1-13,15-7,174,138,,
Columbia,Ivy League,192,0.48019,15-23-1,5-13,10-10-1,7-17,1-6,1-5,2-3,11-9-1,2-11,13-12-1,143,22,,
Bethune-Cookman,SWAC,193,0.47984,33-15,13-10,20-5,13-7,2-2,1-1,6-4,24-8,4-3,27-9,301,261,,
San Jose St.,Mountain West,194,0.47979,20-25,9-14,11-11,9-14,0-0,1-4,8-14,11-7,6-7,13-12,166,188,,
Davidson,Atlantic 10,195,0.47973,24-21,9-12,15-9,9-11,0-2,0-4,2-2,22-13,0-3,22-11,247,246,,
Dayton,Atlantic 10,196,0.47938,27-20,16-7,11-13,12-9,0-1,0-1,5-9,22-9,0-5,21-11,268,302,,
SFA,Southland,197,0.47762,24-24,11-10,13-14,10-12,0-2,1-3,6-8,17-11,1-8,17-9,234,292,,
UNLV,Mountain West,198,0.47759,26-21,19-10,7-11,7-9,1-0,0-2,8-10,17-9,2-4,22-14,241,266,,
Penn St.,Big Ten,199,0.47758,13-31,7-13,6-18,3-17,1-9,1-3,6-14,5-5,6-18,4-3,49,130,,
Southern U.,SWAC,200,0.47700,21-21,3-13,18-8,12-11,0-2,0-6,3-6,18-7,0-8,19-11,235,59,,
Brown,Ivy League,201,0.47676,21-18,8-10,13-8,8-10,0-0,0-1,6-8,15-9,0-1,20-15,251,190,,
Alabama St.,SWAC,202,0.47674,26-19,7-11,19-8,9-9,0-5,0-1,2-4,24-9,1-7,22-11,267,231,,
Navy,Patriot,203,0.47558,30-17,14-7,16-10,11-8,0-0,0-1,8-5,22-11,0-2,28-14,297,306,,
Lipscomb,ASUN,204,0.47407,21-23,7-13,14-10,8-12,0-4,0-1,6-7,15-11,0-5,20-15,216,144,,
Middle Tenn.,CUSA,205,0.47366,23-25,13-11,10-14,3-16,0-9,0-4,4-4,19-8,2-14,18-8,203,274,,
Elon,CAA,206,0.47355,19-27,9-10,10-17,9-15,1-3,4-6,2-8,12-10,3-10,14-10,170,129,,
Quinnipiac,MAAC,207,0.47329,22-23,9-12,13-11,14-16,0-0,2-5,4-8,16-10,1-3,17-15,252,162,,
New Mexico,Mountain West,208,0.47290,25-20-1,14-11,11-9-1,5-8,0-0,1-2,7-10,17-8-1,4-6,20-10-1,245,287,,
Stetson,ASUN,209,0.47273,18-29,9-15,9-14,7-12,3-8,1-3,2-8,12-10,4-13,10-5,129,40,,
Ga. Southern,Sun Belt,210,0.47219,14-34,8-16,6-18,3-19,2-11,1-10,7-10,4-3,8-24,5-7,60,43,,
Evansville,MVC,211,0.47202,17-28,7-20,10-8,7-17,0-5,3-9,3-5,11-9,3-14,10-9,140,65,,
Florida A&M,SWAC,212,0.47099,21-22,5-12,16-10,7-10,0-3,0-2,1-4,20-13,1-8,20-12,175,102,,
Bellarmine,ASUN,213,0.47055,19-27,8-14,11-13,10-17,0-1,1-3,6-12,12-11,1-3,17-15,199,189,,
New Orleans,Southland,214,0.46919,20-30,10-13,10-17,9-19,0-2,3-7,6-11,11-10,3-8,11-9,194,230,,
UIW,Southland,215,0.46918,18-27,10-8,8-19,7-16,0-5,2-6,7-7,9-9,2-8,12-10,169,174,,
Wagner,NEC,216,0.46910,24-20,5-12,19-8,16-18,0-3,0-5,2-1,22-11,0-7,24-12,299,282,,
Southern Ind.,OVC,217,0.46839,25-23,17-10,8-13,7-18,0-4,1-5,6-8,18-6,1-6,22-11,274,301,,
Santa Clara,WCC,218,0.46808,18-28,11-14,7-14,4-16,2-4,3-4,3-5,10-15,7-10,10-14,137,71,,
Grand Canyon,Mountain West,219,0.46799,17-28,10-17,7-11,5-13,0-2,2-12,4-8,11-6,3-18,8-8,132,117,,
Merrimack,MAAC,220,0.46624,20-25,6-15,14-10,11-15,0-1,1-3,4-8,15-13,0-2,19-20,232,183,,
FIU,CUSA,221,0.46530,15-32,9-14,6-18,1-18,0-11,0-5,6-9,9-7,5-16,9-8,62,79,,
UMBC,America East,222,0.46485,22-20,12-12,10-8,8-13,0-0,0-0,3-13,19-7,0-1,16-7,278,251,,
Pepperdine,WCC,223,0.46430,18-28,6-19,12-9,9-15,1-6,1-4,3-3,13-15,3-10,13-17,181,121,,
Harvard,Ivy League,224,0.46287,11-26,2-14,9-12,8-18,0-3,1-6,5-8,5-9,1-9,10-13,128,11,,
Butler,Big East,225,0.46253,19-28,11-21,8-7,9-17,0-1,1-6,4-15,14-6,2-10,16-15,211,219,,
Marist,MAAC,226,0.46194,19-26,3-15,16-11,7-17,0-0,1-11,3-10,15-5,0-12,17-12,212,54,,
Princeton,Ivy League,227,0.46149,15-27,7-14,8-13,9-17,1-2,4-9,2-4,8-12,2-5,9-15,192,73,,
Ball St.,MAC,228,0.46141,19-26,5-13,14-13,5-15,1-6,0-1,6-10,12-9,3-8,15-13,220,201,,
CSU Bakersfield,Big West,229,0.46125,18-28,8-13,10-15,9-13,0-1,0-8,6-6,12-13,0-9,15-11,201,211,,
Holy Cross,Patriot,230,0.46051,21-27,8-14,13-13,13-19,0-0,0-7,6-8,15-12,0-4,21-20,265,276,,
Delaware,CUSA,231,0.46048,17-31,12-12,5-19,4-20,1-8,1-5,3-15,12-3,4-18,10-11,148,180,,
South Dakota St.,Summit League,232,0.45913,14-26,5-15,9-11,10-20,2-7,0-4,3-6,9-9,2-11,10-7,233,26,,
Sacred Heart,MAAC,233,0.45799,15-27,4-15,11-12,8-19,0-4,0-3,5-9,10-11,0-7,13-16,168,70,,
FDU,NEC,234,0.45731,29-15-1,7-10-1,22-5,11-11-1,0-0,1-0,4-3,24-12-1,1-0,28-14-1,308,296,,
Towson,CAA,235,0.45356,18-27,12-9,6-18,11-16,0-3,0-4,6-11,12-9,0-7,18-11,242,288,,
UMass Lowell,America East,236,0.45254,16-26,10-14,6-12,9-13,0-2,1-3,6-10,9-11,0-3,12-14,224,171,,
Tennessee Tech,OVC,237,0.45167,17-32,12-16,5-16,5-17,0-4,1-4,7-19,9-5,3-15,14-13,150,216,,
Southern Ill.,MVC,238,0.45130,18-28,9-19,9-9,6-13,0-1,0-2,2-9,16-16,0-5,14-17,188,160,,
UT Martin,OVC,239,0.45120,22-24,13-12,9-12,6-13,0-3,0-3,6-10,16-8,2-7,19-11,269,304,,
Belmont,MVC,240,0.45089,19-29,10-20,9-9,8-13,1-2,1-4,5-9,12-14,3-7,13-13,225,143,,
Central Mich.,MAC,241,0.45066,17-27,8-9,9-18,10-19,0-7,0-4,5-7,12-9,0-11,17-12,263,305,,
San Francisco,WCC,242,0.45024,22-23,9-15,13-8,6-11,0-0,1-3,4-8,17-12,2-7,20-14,275,249,,
UIC,MVC,243,0.45018,20-24-1,8-18-1,12-6,8-16-1,0-2,0-2,8-14-1,12-6,0-5,19-8,286,294,,
Seattle U,WCC,244,0.44889,14-25,3-15,11-10,7-15,0-0,0-5,7-8,7-12,2-7,10-17,207,118,,
Long Beach St.,Big West,245,0.44862,17-29,6-12,11-17,5-11,1-4,0-2,7-9,9-14,3-10,7-14,205,154,,
Milwaukee,Horizon,246,0.44861,16-29,6-21,10-8,8-24,0-7,1-6,2-8,13-8,1-13,13-11,248,191,,
Queens (NC),ASUN,247,0.44840,13-33,4-18,9-15,5-20,0-5,1-5,3-9,9-14,0-7,7-14,126,44,,
LIU,NEC,248,0.44706,22-18,1-12,21-6,13-12,0-0,0-3,0-5,22-10,0-3,22-9,303,123,,
Eastern Mich.,MAC,249,0.44596,15-30,6-12,9-18,6-20,0-3,2-8,3-10,10-9,2-11,11-16,197,179,,
Massachusetts,MAC,250,0.44593,16-24,4-9,12-15,9-12,0-1,0-3,3-9,13-11,1-6,15-18,259,289,,
Western Ill.,OVC,251,0.44577,14-30,6-17,8-13,5-20,0-0,0-2,5-19,9-9,2-6,10-16,165,233,,
Stonehill,NEC,252,0.44525,19-23,4-14,15-9,11-19,0-0,0-3,4-13,15-7,0-0,19-20,287,164,,
Pacific,WCC,253,0.44475,20-25,8-16,12-9,7-13,0-0,0-0,6-14,14-11,1-2,16-17,271,279,,
Ark.-Pine Bluff,SWAC,254,0.44401,19-29,6-18,13-11,4-19,0-4,0-4,3-13,16-8,1-7,17-15,230,124,,
Villanova,Big East,255,0.44394,16-26,13-14,3-12,10-18,0-0,0-3,7-15,9-8,1-6,14-17,276,281,,
Dartmouth,Ivy League,256,0.44309,15-22,8-11,7-11,4-16,0-3,0-0,3-11,12-8,0-3,15-19,260,157,,
Siena,MAAC,257,0.44267,18-26,8-12,10-14,7-19,0-6,0-0,3-10,15-10,0-6,18-16,273,263,,
North Dakota St.,Summit League,258,0.44234,10-28,4-16,6-12,7-24,0-2,3-9,4-9,3-8,3-8,4-12,218,61,,
Canisius,MAAC,259,0.44213,16-23,4-11,12-12,10-19,0-0,0-3,5-10,11-10,0-3,15-15,282,295,,
Cornell,Ivy League,260,0.43900,11-26,3-13,8-13,6-14,0-2,0-0,6-16,5-8,0-2,10-18,198,84,,
Saint Louis,Atlantic 10,261,0.43877,17-30,9-14,8-16,4-16,0-1,0-6,0-9,17-14,0-7,16-16,213,238,,
Le Moyne,NEC,262,0.43784,16-23,0-12,16-11,6-16,0-6,0-0,0-7,16-10,0-6,16-15,257,28,,
Akron,MAC,263,0.43747,19-28,9-10,10-18,11-15,0-4,0-4,2-8,17-12,1-10,18-18,283,307,,
Omaha,Summit League,264,0.43706,16-22,5-13,11-9,8-13,0-4,1-3,2-5,13-10,1-8,14-11,296,72,,
Georgetown,Big East,265,0.43679,23-25,18-15,5-10,8-10,0-1,2-5,6-7,15-12,2-10,20-13,289,298,,
Valparaiso,MVC,266,0.43617,10-33,7-18,3-15,7-23,0-4,1-3,5-16,4-10,1-6,7-18,160,99,,
West Ga.,ASUN,267,0.43614,13-35,3-21,10-14,5-20,0-4,0-8,3-10,10-13,0-14,8-12,177,86,,
Iona,MAAC,268,0.43531,16-24,4-13,12-11,8-13,0-0,0-0,4-10,12-14,0-0,15-22,256,170,,
LMU (CA),WCC,269,0.43511,12-37,9-19,3-18,1-25,0-11,0-3,3-10,9-13,2-17,9-17,134,49,,
Northern Ky.,Horizon,270,0.43489,22-24,11-14,11-10,6-18,0-4,1-3,4-5,17-12,3-4,14-13,305,244,,
La Salle,Atlantic 10,271,0.43469,21-28,16-9,5-19,9-17,0-4,0-3,3-10,18-11,0-7,21-15,284,308,,
UC Riverside,Big West,272,0.43439,14-32,5-17,9-15,5-16,0-0,1-8,1-9,12-15,1-8,12-16,186,141,,
St. Bonaventure,Atlantic 10,273,0.43430,12-31-1,6-13-1,6-18,4-24-1,0-1,0-6,2-15-1,10-9,0-4,11-23-1,187,193,,
Presbyterian,Big South,274,0.43365,10-38,4-26,6-12,3-24,1-6,1-6,1-17,7-9,2-15,4-10,110,147,,
Seton Hall,Big East,275,0.43354,14-25,12-12,2-13,2-12,0-1,0-6,1-12,13-6,0-10,14-9,236,225,,
Grambling,SWAC,275,0.43354,19-25,0-14,19-11,5-14,0-3,0-3,2-7,17-12,0-6,19-14,277,64,,
George Washington,Atlantic 10,277,0.43313,17-29,8-14,9-15,5-16,0-4,3-3,0-7,14-15,0-7,14-22,237,248,,
UAlbany,America East,278,0.43269,13-27,5-17,8-10,8-17,0-0,0-3,5-14,8-10,0-4,13-18,244,226,,
Lehigh,Patriot,279,0.43237,14-31,6-13,8-18,8-20,0-3,0-1,2-12,12-15,0-4,14-27,229,260,,
Fresno St.,Mountain West,280,0.43167,13-31-1,11-14,2-17-1,5-15-1,0-0,3-4,2-17-1,8-10,2-9,7-18-1,217,241,,
N.C. A&T,CAA,281,0.43057,12-34,9-13,3-21,4-15,0-1,2-6,4-14,6-13,3-11,8-17,151,140,,
Eastern Ky.,ASUN,282,0.42959,11-36,6-17,5-19,4-20,0-2,0-3,3-17,8-14,0-4,6-21,130,57,,
Lafayette,Patriot,283,0.42955,12-33,5-14,7-19,6-23,1-6,0-0,3-15,8-12,1-6,11-26,196,196,,
UNC Asheville,Big South,284,0.42882,18-30,12-18,6-12,5-16,0-2,2-6,1-3,15-19,2-7,13-12,263,280,,
Manhattan,MAAC,285,0.42773,16-27,8-11,8-16,11-17,0-0,1-0,5-13,10-14,0-0,14-23,281,303,,
Utah Valley,WAC,286,0.42717,12-30,11-19,1-11,5-18,0-5,0-5,3-13,9-7,0-11,11-11,215,286,,
Mount St. Mary's,MAAC,287,0.42417,19-25,8-9,11-16,10-9,0-0,0-0,6-10,13-15,0-1,18-19,294,290,,
St. Thomas (MN),Summit League,288,0.42035,9-33,3-19,6-14,6-23,1-3,0-3,2-15,6-12,1-7,8-18,195,56,,
Texas Southern,SWAC,289,0.42022,19-18,1-7,18-11,7-10,0-0,0-2,1-5,18-11,0-0,19-16,307,253,,
Ohio,MAC,290,0.41820,9-38,3-17,6-21,7-21,1-4,0-4,6-15,2-15,2-9,7-28,180,215,,
Bradley,MVC,291,0.41811,9-39,4-23,5-16,8-28,0-1,0-6,6-18,3-14,0-8,7-24,204,134,,
Youngstown St.,Horizon,292,0.41559,10-36,3-25,7-11,8-28,0-9,0-0,2-6,8-21,0-9,9-21,238,93,,
Jackson St.,SWAC,293,0.41244,19-23,4-7,15-16,7-12,0-2,0-0,1-4,18-17,0-2,19-20,304,240,,
NJIT,America East,294,0.41086,15-26-1,9-11-1,6-15,6-11,0-0,0-2,4-7,11-17-1,0-1,12-16-1,291,284,,
Oakland,Horizon,295,0.40995,9-33,4-17,5-16,6-21,1-8,1-2,2-7,5-16,1-8,5-18,239,31,,
Mississippi Val.,SWAC,296,0.40385,11-30,2-13,9-17,6-24,0-2,0-1,2-15,9-12,0-2,11-26,279,207,,
Northern Colo.,Summit League,297,0.40027,13-33,3-21,10-12,6-27,0-2,0-0,2-19,11-12,0-2,12-26,298,236,,
New Haven,NEC,298,0.39534,9-29,0-14,9-15,5-18,0-3,0-1,0-10,9-15,0-4,9-22,266,221,,
Mercyhurst,NEC,299,0.39164,13-27,1-12,12-15,5-12,0-2,0-4,0-4,13-17,0-3,13-21,285,37,,
Central Conn. St.,NEC,300,0.39088,14-23,3-7,11-16,5-14,0-0,0-0,1-8,13-15,0-1,14-21,302,235,,
Norfolk St.,NEC,301,0.37581,17-25,3-12,14-13,5-9,0-0,1-1,0-3,16-21,0-0,16-23,306,267,,
Prairie View,SWAC,302,0.37022,8-34,0-16,8-18,2-23,0-0,0-0,1-18,7-16,0-0,8-34,290,297,,
Coppin St.,NEC,303,0.36214,9-32,0-14,9-18,3-16,0-3,0-0,0-6,9-23,0-3,9-28,292,222,,
Alabama A&M,SWAC,304,0.35340,7-38,3-15,4-23,1-19,0-3,0-2,2-6,5-27,0-5,6-32,288,202,,
Alcorn,SWAC,305,0.35232,4-38,0-13,4-25,2-23,0-5,0-1,0-6,4-26,0-6,4-30,272,47,,
UMES,NEC,306,0.34928,8-33,1-13,7-20,4-17,0-0,0-0,0-8,8-25,0-0,8-33,300,275,,
Saint Peter's,MAAC,307,0.34900,5-40,4-17,1-23,4-27,0-0,0-0,1-6,4-34,0-0,4-40,295,299,,
Delaware St.,NEC,308,0.34658,4-39,0-16,4-23,1-27,0-0,0-0,0-11,4-28,0-0,4-39,261,136,,