id,team_id,total_attendance,average_attendance,capacity,capacity_percent,games,park_factor
1,422,447527,11188,10326,1.084,40,0
2,36,370940,9762,10737,0.909,38,0
3,488,332838,11095,15000,0.74,30,0
4,584,323047,10095,11477,0.88,32,0
5,265,259236,6029,7000,0.861,43,0
6,710,256075,7113,8242,0.863,36,0
7,781,242264,6730,7373,0.913,36,0
8,782,195183,5577,0,0,35,0
9,722,175740,5169,4300,1.202,34,0
10,776,171151,4388,4283,1.025,39,0
11,581,162378,4776,8000,0.597,34,0
12,160,157814,4265,6272,0.68,37,0
13,856,154507,3679,5919,0.622,42,0
14,220,149652,4402,5000,0.88,34,0
15,775,145744,4287,4500,0.953,34,0
16,8,137463,3617,5867,0.617,38,0
17,786,137306,3711,4432,0.837,37,0
18,267,134340,4478,6700,0.668,30,0
19,43,129948,3713,4096,0.906,35,0
20,419,128345,3775,6015,0.628,34,0
21,852,125732,3698,3626,1.02,34,0
22,525,112571,5117,8486,0.603,22,0
23,469,105141,2921,3550,0.823,36,0
24,372,104843,2912,5000,0.583,36,0
25,589,103470,3568,3587,0.995,29,0
26,543,102621,2851,4100,0.695,36,0
27,292,97401,2952,2760,1.069,33,0
28,32,96298,3106,5300,0.586,31,0
29,31,94939,3063,9000,0.34,31,0
30,523,90856,2753,3100,0.888,33,0
31,320,83762,3222,4312,0.747,26,0
32,163,81544,2146,5500,0.39,38,0
33,588,73809,1893,4000,0.473,39,0
34,282,71808,2394,3000,0.798,30,0
35,62,68457,1902,5000,0.38,36,0
36,421,67711,2052,4000,0.513,33,0
37,753,65917,1883,4500,0.419,35,0
38,643,65895,2059,6193,0.333,32,0
39,420,64919,2029,0,0,32,0
40,813,61558,1811,3600,0.503,34,0
41,888,59894,2496,3500,0.713,24,0
42,799,56474,1765,2000,0.882,32,0
43,416,53576,1913,3000,0.638,28,0
44,105,52960,1708,3138,0.544,31,0
45,785,52216,1632,2500,0.653,32,0
46,864,48766,1478,3823,0.387,33,0
47,367,48152,1783,2331,0.765,27,0
48,280,47761,1405,3575,0.393,34,0
49,906,47099,1570,8153,0.193,30,0
50,802,46115,1647,5000,0.329,28,0
51,845,45461,1515,5000,0.303,30,0
52,295,44304,1343,3194,0.42,33,0
53,580,43509,1611,3180,0.507,27,0
54,349,42424,1414,2500,0.566,30,0
55,186,42186,1834,25000,0.073,23,0
56,302,38821,1339,4000,0.335,29,0
57,337,38116,1361,3500,0.389,28,0
58,714,37572,1296,2000,0.648,29,0
59,709,37400,1206,3775,0.32,31,0
60,490,37133,1428,3031,0.471,26,0
61,858,36806,1187,3500,0.339,31,0
62,841,36793,1600,14511,0.11,23,0
63,388,36482,1351,3500,0.386,27,0
64,109,35806,1279,3500,0.365,28,0
65,457,35635,1018,1500,0.679,35,0
66,829,35614,1187,3500,0.339,30,0
67,101,35032,1592,2300,0.692,22,0
68,712,34592,1081,3211,0.337,32,0
69,627,34218,1555,2000,0.778,22,0
70,405,32204,1288,2500,0.515,25,0
71,201,30959,999,2000,0.499,31,0
72,870,30839,1234,2200,0.561,25,0
73,576,28897,1111,4450,0.25,26,0
74,820,28171,909,1800,0.505,31,0
75,145,28056,905,3300,0.274,31,0
76,872,27795,1112,3500,0.318,25,0
77,351,27719,1109,2000,0.554,25,0
78,446,26885,996,2500,0.398,27,0
79,471,26245,1050,4000,0.262,25,0
80,217,25692,714,10000,0.071,36,0
81,587,24377,903,2418,0.373,27,0
82,756,23834,681,2000,0.341,35,0
83,808,23762,849,3408,0.249,28,0
84,462,23742,719,1500,0.48,33,0
85,167,23376,615,2000,0.308,38,0
86,357,23369,779,1500,0.519,30,0
87,353,22878,880,3000,0.293,26,0
88,682,21901,811,1410,0.575,27,0
89,717,21887,684,2500,0.274,32,0
90,815,21595,745,1879,0.396,29,0
91,473,21585,744,2100,0.354,29,0
92,120,20659,861,1000,0.861,24,0
93,152,19941,767,3085,0.249,26,0
94,261,19913,569,2000,0.285,35,0
95,2,19653,562,4000,0.14,35,0
96,483,19371,717,1420,0.505,27,0
97,532,19064,657,1000,0.657,29,0
98,816,17983,817,0,0,22,0
99,561,17822,660,1200,0.55,27,0
100,87,17709,843,2500,0.337,21,0
101,366,17489,972,2500,0.389,18,0
102,262,17275,508,1718,0.296,34,0
103,345,16935,891,1500,0.594,19,0
104,805,16856,733,1000,0.733,23,0
105,492,16802,646,8000,0.081,26,0
106,472,16787,799,2500,0.32,21,0
107,601,16312,777,5406,0.144,21,0
108,684,16144,673,1700,0.396,24,0
109,370,16089,503,1500,0.335,32,0
110,846,16058,487,800,0.608,33,0
111,843,16018,728,3000,0.243,22,0
112,788,15926,468,6000,0.078,34,0
113,854,14959,499,12000,0.042,30,0
114,114,14811,673,2000,0.337,22,0
115,239,14310,477,2000,0.239,30,0
116,29,14259,528,1000,0.528,27,0
117,248,14243,528,1000,0.528,27,0
118,531,14034,501,1000,0.501,28,0
119,773,13773,459,1000,0.459,30,0
120,326,13628,487,550,0.885,28,0
121,533,13529,520,2900,0.179,26,0
122,356,13114,386,3000,0.129,34,0
123,461,13019,420,2000,0.21,31,0
124,586,13000,619,1500,0.413,21,0
125,116,12969,519,800,0.649,25,0
126,188,12886,444,2000,0.222,29,0
127,832,12737,579,3500,0.165,22,0
128,932,12667,437,2500,0.175,29,0
129,527,12513,501,3000,0.167,25,0
130,294,12355,412,1092,0.377,30,0
131,537,12141,434,3200,0.136,28,0
132,685,12096,448,3000,0.149,27,0
133,565,11998,500,2500,0.2,24,0
134,1,11908,397,500,0.794,30,0
135,842,11861,409,2200,0.186,29,0
136,660,11798,590,1500,0.393,20,0
137,582,11535,372,2000,0.186,31,0
138,200,11425,476,2000,0.238,24,0
139,299,11410,519,1500,0.346,22,0
140,827,11328,391,3500,0.112,29,0
141,910,11243,375,1000,0.375,30,0
142,936,10966,392,750,0.522,28,0
143,78,10836,417,2500,0.167,26,0
144,11,10836,361,500,0.722,30,0
145,719,10719,383,2000,0.191,28,0
146,522,10661,395,1500,0.263,27,0
147,250,10493,389,1200,0.324,27,0
148,644,10089,336,600,0.561,30,0
149,358,10073,387,1200,0.323,26,0
150,810,9929,331,1200,0.276,30,0
151,190,9831,364,1000,0.364,27,0
152,198,9791,316,700,0.451,31,0
153,891,9690,388,1500,0.258,25,0
154,229,9566,531,1200,0.443,18,0
155,683,9525,366,1000,0.366,26,0
156,37,9441,295,1200,0.246,32,0
157,547,9431,286,1000,0.286,33,0
158,411,9163,367,750,0.489,25,0
159,689,9139,352,1500,0.234,26,0
160,688,9124,397,5200,0.076,23,0
161,614,9002,429,900,0.476,21,0
162,919,8864,306,1800,0.17,29,0
163,371,8789,326,500,0.651,27,0
164,607,8784,382,1800,0.212,23,0
165,893,8641,247,1500,0.165,35,0
166,51,8623,375,800,0.469,23,0
167,725,8612,478,700,0.684,18,0
168,838,8538,407,1600,0.254,21,0
169,135,8514,294,1000,0.294,29,0
170,347,8411,443,1500,0.295,19,0
171,599,8355,440,1000,0.44,19,0
172,811,8128,325,1000,0.325,25,0
173,942,7836,412,6000,0.069,19,0
174,440,7666,295,0,0,26,0
175,414,7432,310,600,0.516,24,0
176,859,7395,224,1400,0.16,33,0
177,713,7384,273,2000,0.137,27,0
178,258,7379,284,1500,0.189,26,0
179,551,7375,307,2000,0.154,24,0
180,417,7364,295,500,0.589,25,0
181,817,7101,323,2500,0.129,22,0
182,228,6967,279,1000,0.279,25,0
183,740,6845,274,3500,0.078,25,0
184,619,6837,297,1300,0.229,23,0
185,137,6818,341,2046,0.167,20,0
186,720,6801,283,500,0.567,24,0
187,204,6783,234,1300,0.18,29,0
188,98,6752,375,500,0.75,18,0
189,807,6689,268,3500,0.076,25,0
190,668,6334,244,400,0.609,26,0
191,429,6203,365,4400,0.083,17,0
192,595,6171,281,2500,0.112,22,0
193,687,6135,236,1000,0.236,26,0
194,630,6010,223,650,0.343,27,0
195,839,5925,219,500,0.439,27,0
196,291,5857,293,1500,0.195,20,0
197,144,5745,250,500,0.5,23,0
198,39,5700,259,880,0.294,22,0
199,412,5555,185,1000,0.185,30,0
200,694,5554,252,1800,0.14,22,0
201,479,5433,286,4000,0.072,19,0
202,65,5421,175,500,0.35,31,0
203,16,5404,193,0,0,28,0
204,826,5383,179,1000,0.179,30,0
205,516,5364,173,800,0.216,31,0
206,559,5158,322,1000,0.322,16,0
207,270,5036,194,1000,0.194,26,0
208,663,5032,162,1200,0.135,31,0
209,777,4863,211,1100,0.192,23,0
210,837,4781,154,500,0.309,31,0
211,290,4770,159,1000,0.159,30,0
212,937,4727,249,500,0.498,19,0
213,622,4726,197,500,0.394,24,0
214,761,4718,197,1000,0.197,24,0
215,855,4691,213,750,0.284,22,0
216,89,4684,276,1100,0.251,17,0
217,505,4635,202,1200,0.168,23,0
218,90,4507,237,7500,0.032,19,0
219,697,4500,180,1000,0.18,25,0
220,318,4494,321,1600,0.201,14,0
221,824,4475,179,1000,0.179,25,0
222,499,4465,203,500,0.406,22,0
223,173,4431,341,600,0.568,13,0
224,77,4425,143,4200,0.034,31,0
225,569,4334,181,500,0.361,24,0
226,693,4188,182,700,0.26,23,0
227,573,4171,232,4000,0.058,18,0
228,251,4070,226,0,0,18,0
229,793,4035,139,1000,0.139,29,0
230,331,3933,197,600,0.328,20,0
231,397,3840,175,370,0.472,22,0
232,470,3739,170,1000,0.17,22,0
233,750,3714,286,800,0.357,13,0
234,7,3699,185,1500,0.123,20,0
235,519,3666,153,2000,0.076,24,0
236,266,3656,141,1500,0.094,26,0
237,286,3654,118,550,0.214,31,0
238,541,3652,135,1500,0.09,27,0
239,645,3629,242,1000,0.242,15,0
240,819,3620,139,1000,0.139,26,0
241,664,3560,170,0,0,21,0
242,509,3525,153,500,0.307,23,0
243,554,3521,141,500,0.282,25,0
244,542,3512,146,750,0.195,24,0
245,205,3507,185,200,0.923,19,0
246,100,3476,232,0,0,15,0
247,894,3456,247,1500,0.165,14,0
248,809,3428,143,0,0,24,0
249,670,3393,148,500,0.295,23,0
250,35,3379,141,1500,0.094,24,0
251,96,3377,188,0,0,18,0
252,332,3352,186,3000,0.062,18,0
253,536,3340,209,0,0,16,0
254,136,3337,159,0,0,21,0
255,736,3319,184,0,0,18,0
256,409,3253,141,1000,0.141,23,0
257,823,3184,177,0,0,18,0
258,289,3179,122,1000,0.122,26,0
259,432,3172,211,0,0,15,0
260,254,3159,132,500,0.263,24,0
261,634,3143,105,800,0.131,30,0
262,623,3112,259,0,0,12,0
263,181,2944,123,1500,0.082,24,0
264,540,2883,222,0,0,13,0
265,539,2831,157,2000,0.079,18,0
266,792,2790,164,1000,0.164,17,0
267,546,2767,252,4172,0.06,11,0
268,628,2763,154,500,0.307,18,0
269,705,2752,125,1000,0.125,22,0
270,640,2717,143,1000,0.143,19,0
271,227,2711,226,500,0.452,12,0
272,6,2678,141,1000,0.141,19,0
273,672,2624,109,1000,0.109,24,0
274,784,2595,113,600,0.188,23,0
275,825,2573,92,5200,0.018,28,0
276,338,2559,213,500,0.427,12,0
277,121,2488,156,1000,0.156,16,0
278,633,2384,132,0,0,18,0
279,851,2345,156,500,0.313,15,0
280,196,2322,166,2000,0.083,14,0
281,355,2318,97,0,0,24,0
282,702,2258,141,500,0.282,16,0
283,64,2210,116,300,0.388,19,0
284,56,2111,111,1500,0.074,19,0
285,806,2050,121,0,0,17,0
286,182,2036,204,500,0.407,10,0
287,938,2008,183,5000,0.037,11,0
288,352,1987,166,0,0,12,0
289,863,1915,91,7171,0.013,21,0
290,621,1850,123,512,0.241,15,0
291,466,1836,97,0,0,19,0
292,301,1835,102,1000,0.102,18,0
293,452,1735,91,3000,0.03,19,0
294,413,1734,75,500,0.151,23,0
295,97,1700,106,500,0.213,16,0
296,892,1657,118,502,0.236,14,0
297,760,1646,91,1000,0.091,18,0
298,489,1534,73,120,0.609,21,0
299,317,1489,135,1000,0.135,11,0
300,553,1413,109,1500,0.073,13,0
301,711,1389,126,500,0.253,11,0
302,384,1374,115,500,0.229,12,0
303,675,1349,84,500,0.169,16,0
304,9,1346,79,0,0,17,0
305,438,325,22,1000,0.022,15,0
306,27,31275,869,4000,0.217,36,0
307,172,15628,460,1500,0.306,34,0
308,883,10291,343,2500,0.137,30,0
309,917,9570,319,1000,0.319,30,0
310,828,9414,325,750,0.433,29,0
311,840,9287,344,1000,0.344,27,0
312,138,8949,263,1500,0.176,34,0
313,423,8517,304,3000,0.101,28,0
314,548,7981,249,500,0.499,32,0
315,655,7722,257,1000,0.257,30,0
316,632,7603,262,0,0,29,0
317,496,7561,210,600,0.35,36,0
318,222,7408,296,250,1.185,25,0
319,10,7354,283,1000,0.283,26,0
320,400,7272,235,500,0.469,31,0
321,189,7161,286,2500,0.115,25,0
322,654,7015,292,1200,0.244,24,0
323,191,6852,214,5000,0.043,32,0
324,715,6573,274,500,0.548,24,0
325,321,6442,258,1500,0.172,25,0
326,174,6372,255,2500,0.102,25,0
327,911,6328,218,501,0.436,29,0
328,592,6244,231,500,0.463,27,0
329,549,5909,191,500,0.381,31,0
330,835,5807,207,1000,0.207,28,0
331,669,5711,184,1000,0.184,31,0
332,552,5684,258,200,1.292,22,0
333,33,5684,237,1000,0.237,24,0
334,66,5671,196,1000,0.196,29,0
335,746,5601,215,2260,0.095,26,0
336,738,5532,198,500,0.395,28,0
337,617,5416,201,750,0.268,27,0
338,795,5338,172,0,0,31,0
339,881,5238,218,1500,0.146,24,0
340,207,5197,226,1000,0.226,23,0
341,390,5147,198,1000,0.198,26,0
342,534,5111,150,500,0.301,34,0
343,125,5014,228,1000,0.228,22,0
344,512,4978,207,500,0.415,24,0
345,487,4933,197,1200,0.164,25,0
346,293,4914,214,250,0.855,23,0
347,315,4911,158,300,0.528,31,0
348,508,4882,212,600,0.354,23,0
349,454,4816,193,500,0.385,25,0
350,772,4773,149,750,0.199,32,0
351,886,4725,197,300,0.656,24,0
352,263,4692,174,1000,0.174,27,0
353,941,4646,194,500,0.387,24,0
354,47,4560,182,400,0.456,25,0
355,127,4505,161,2500,0.064,28,0
356,283,4498,155,500,0.31,29,0
357,849,4451,194,700,0.277,23,0
358,869,4407,176,800,0.22,25,0
359,889,4387,157,500,0.313,28,0
360,476,4332,167,250,0.667,26,0
361,38,4330,180,500,0.361,24,0
362,723,4318,216,200,1.08,20,0
363,558,4313,188,500,0.375,23,0
364,139,4307,166,1000,0.166,26,0
365,716,4293,159,1500,0.106,27,0
366,882,4286,226,2500,0.09,19,0
367,221,4283,165,150,1.098,26,0
368,613,4272,134,300,0.445,32,0
369,59,4238,170,3000,0.057,25,0
370,403,4223,222,1000,0.222,19,0
371,58,4203,150,1000,0.15,28,0
372,148,4184,167,4100,0.041,25,0
373,563,4143,244,500,0.487,17,0
374,53,4098,146,1000,0.146,28,0
375,755,4060,185,2500,0.074,22,0
376,803,4048,140,2500,0.056,29,0
377,884,3988,160,800,0.199,25,0
378,818,3960,124,750,0.165,32,0
379,831,3958,147,750,0.196,27,0
380,812,3859,133,500,0.266,29,0
381,396,3855,133,500,0.266,29,0
382,724,3845,137,500,0.275,28,0
383,26,3841,137,0,0,28,0
384,567,3774,140,500,0.28,27,0
385,780,3755,150,0,0,25,0
386,171,3734,187,500,0.373,20,0
387,406,3579,149,500,0.298,24,0
388,779,3569,143,4000,0.036,25,0
389,271,3560,170,1200,0.141,21,0
390,324,3559,127,750,0.17,28,0
391,298,3485,116,100,1.162,30,0
392,151,3449,128,500,0.256,27,0
393,695,3434,123,0,0,28,0
394,918,3423,180,500,0.36,19,0
395,175,3331,111,2500,0.044,30,0
396,503,3312,132,450,0.294,25,0
397,232,3296,127,0,0,26,0
398,268,3287,126,0,0,26,0
399,791,3257,233,500,0.465,14,0
400,273,3255,125,1755,0.071,26,0
401,106,3239,130,0,0,25,0
402,529,3218,179,500,0.358,18,0
403,42,3115,164,0,0,19,0
404,240,3064,133,615,0.217,23,0
405,215,3015,121,4000,0.03,25,0
406,34,2978,129,600,0.216,23,0
407,112,2973,103,500,0.205,29,0
408,497,2972,119,200,0.594,25,0
409,110,2948,92,600,0.154,32,0
410,778,2935,117,400,0.294,25,0
411,733,2881,103,1000,0.103,28,0
412,394,2855,143,1500,0.095,20,0
413,170,2837,177,202,0.878,16,0
414,700,2758,99,500,0.197,28,0
415,264,2752,115,700,0.164,24,0
416,107,2696,104,400,0.259,26,0
417,245,2680,103,500,0.206,26,0
418,119,2666,107,1200,0.089,25,0
419,439,2666,127,500,0.254,21,0
420,754,2653,95,1000,0.095,28,0
421,48,2653,98,600,0.164,27,0
422,279,2601,124,0,0,21,0
423,79,2548,91,500,0.182,28,0
424,498,2518,120,500,0.24,21,0
425,833,2484,104,0,0,24,0
426,448,2459,88,500,0.176,28,0
427,328,2457,189,250,0.756,13,0
428,131,2445,102,0,0,24,0
429,131,2445,102,500,0.204,24,0
430,708,2423,93,1000,0.093,26,0
431,727,2396,100,500,0.2,24,0
432,41,2359,112,650,0.173,21,0
433,115,2342,98,3200,0.031,24,0
434,731,2342,102,250,0.407,23,0
435,560,2332,90,6000,0.015,26,0
436,612,2327,111,0,0,21,0
437,377,2317,105,0,0,22,0
438,885,2316,136,300,0.454,17,0
439,857,2308,77,200,0.385,30,0
440,434,2307,165,500,0.33,14,0
441,111,2306,100,350,0.287,23,0
442,718,2297,177,300,0.589,13,0
443,481,2287,191,300,0.635,12,0
444,629,2250,102,0,0,22,0
445,192,2232,86,200,0.429,26,0
446,707,2226,86,1500,0.057,26,0
447,501,2214,130,3071,0.042,17,0
448,45,2211,96,0,0,23,0
449,303,2205,130,500,0.259,17,0
450,847,2147,107,0,0,20,0
451,574,2145,134,500,0.268,16,0
452,557,2134,133,0,0,16,0
453,415,2134,126,0,0,17,0
454,359,2129,93,0,0,23,0
455,242,2093,100,0,0,21,0
456,652,2092,84,500,0.167,25,0
457,701,2085,99,200,0.496,21,0
458,535,2004,77,500,0.154,26,0
459,256,1990,87,0,0,23,0
460,259,1979,116,500,0.233,17,0
461,230,1968,86,400,0.214,23,0
462,638,1964,82,1200,0.068,24,0
463,380,1939,97,500,0.194,20,0
464,297,1938,61,1000,0.061,32,0
465,493,1922,101,500,0.202,19,0
466,690,1921,74,0,0,26,0
467,875,1894,90,0,0,21,0
468,277,1876,125,1000,0.125,15,0
469,143,1847,60,700,0.085,31,0
470,12,1832,83,400,0.208,22,0
471,83,1818,101,0,0,18,0
472,896,1794,82,750,0.109,22,0
473,865,1793,105,500,0.211,17,0
474,149,1791,100,0,0,18,0
475,350,1790,85,500,0.171,21,0
476,578,1790,112,300,0.373,16,0
477,699,1780,89,300,0.297,20,0
478,197,1768,111,750,0.147,16,0
479,631,1756,76,600,0.127,23,0
480,23,1733,96,500,0.193,18,0
481,579,1724,69,300,0.23,25,0
482,737,1668,185,2000,0.093,9,0
483,285,1626,90,2500,0.036,18,0
484,247,1611,90,0,0,18,0
485,108,1585,53,200,0.264,30,0
486,166,1560,65,500,0.13,24,0
487,381,1542,73,600,0.122,21,0
488,752,1535,96,6362,0.015,16,0
489,594,1527,66,200,0.332,23,0
490,465,1502,83,0,0,18,0
491,836,1465,73,0,0,20,0
492,874,1460,81,500,0.162,18,0
493,82,1453,81,0,0,18,0
494,71,1430,95,1700,0.056,15,0
495,430,1418,89,0,0,16,0
496,686,1414,59,750,0.079,24,0
497,671,1399,67,0,0,21,0
498,140,1394,66,500,0.133,21,0
499,924,1390,77,7000,0.011,18,0
500,620,1374,57,3000,0.019,24,0
501,391,1373,92,250,0.366,15,0
502,491,1337,56,0,0,24,0
503,475,1332,58,5000,0.012,23,0
504,155,1295,72,0,0,18,0
505,199,1295,68,0,0,19,0
506,153,1251,70,3200,0.022,18,0
507,566,1250,78,5000,0.016,16,0
508,213,1246,69,0,0,18,0
509,252,1235,73,500,0.145,17,0
510,343,1207,55,1000,0.055,22,0
511,485,1201,109,2000,0.055,11,0
512,244,1180,69,250,0.278,17,0
513,728,1160,43,0,0,27,0
514,678,1142,36,500,0.071,32,0
515,902,1130,75,500,0.151,15,0
516,68,1122,160,250,0.641,7,0
517,735,1093,73,350,0.208,15,0
518,408,1072,49,750,0.065,22,0
519,729,1052,150,500,0.301,7,0
520,427,1030,37,1000,0.037,28,0
521,464,1014,56,500,0.113,18,0
522,4,1011,46,500,0.092,22,0
523,113,995,66,500,0.133,15,0
524,407,964,46,0,0,21,0
525,914,953,68,400,0.17,14,0
526,281,938,72,0,0,13,0
527,147,917,46,1000,0.046,20,0
528,84,913,42,0,0,22,0
529,333,891,52,0,0,17,0
530,804,885,35,350,0.101,25,0
531,373,882,63,0,0,14,0
532,676,862,66,1000,0.066,13,0
533,234,833,40,1500,0.026,21,0
534,322,830,29,2200,0.013,29,0
535,3,829,69,500,0.138,12,0
536,800,796,32,500,0.064,25,0
537,665,789,66,346,0.19,12,0
538,386,761,48,7000,0.007,16,0
539,442,755,63,2000,0.032,12,0
540,480,748,83,0,0,9,0
541,674,735,92,0,0,8,0
542,704,720,55,4500,0.012,13,0
543,93,703,41,1000,0.041,17,0
544,484,678,62,450,0.137,11,0
545,218,675,40,0,0,17,0
546,598,604,20,500,0.04,30,0
547,887,530,24,300,0.08,22,0
548,521,473,24,500,0.047,20,0
549,399,428,29,0,0,15,0
550,69,320,17,0,0,19,0
551,180,300,75,2500,0.03,4,0
552,157,263,13,500,0.026,20,0
553,555,206,103,0,0,2,0
554,20,141,9,6000,0.002,16,0
555,506,100,5,0,0,19,0
556,17,24,2,500,0.003,16,0
557,223,8809,245,500,0.489,36,0
558,926,8497,500,0,0,17,0
559,698,8489,265,1500,0.177,32,0
560,437,7455,324,1500,0.216,23,0
561,30,7101,296,200,1.479,24,0
562,636,7076,262,0,0,27,0
563,339,6565,298,500,0.597,22,0
564,520,6269,232,1000,0.232,27,0
565,426,5875,235,300,0.783,25,0
566,142,5653,195,1000,0.195,29,0
567,316,5319,266,1000,0.266,20,0
568,141,5107,165,250,0.659,31,0
569,662,5093,268,0,0,19,0
570,61,4900,408,0,0,12,0
571,28,4870,271,1000,0.271,18,0
572,55,4846,285,0,0,17,0
573,895,4806,300,500,0.601,16,0
574,184,4775,177,600,0.295,27,0
575,80,4569,152,1000,0.152,30,0
576,692,4555,228,400,0.569,20,0
577,649,4535,197,6300,0.031,23,0
578,571,4529,189,400,0.472,24,0
579,150,4491,195,1000,0.195,23,0
580,904,4485,173,300,0.575,26,0
581,922,4463,203,3350,0.061,22,0
582,602,4457,194,0,0,23,0
583,362,4424,158,260,0.608,28,0
584,639,4364,156,0,0,28,0
585,246,4342,189,600,0.315,23,0
586,642,4300,159,0,0,27,0
587,703,4295,239,500,0.477,18,0
588,383,4239,146,600,0.244,29,0
589,618,4064,163,1000,0.163,25,0
590,930,4023,237,1061,0.223,17,0
591,50,3954,165,500,0.33,24,0
592,680,3924,164,500,0.327,24,0
593,67,3888,169,500,0.338,23,0
594,641,3753,156,2000,0.078,24,0
595,444,3647,243,750,0.324,15,0
596,656,3621,165,900,0.183,22,0
597,696,3611,150,300,0.502,24,0
598,609,3586,189,1000,0.189,19,0
599,770,3523,252,300,0.839,14,0
600,751,3496,159,0,0,22,0
601,801,3453,192,125,1.535,18,0
602,867,3412,148,500,0.297,23,0
603,495,3390,161,0,0,21,0
604,691,3314,195,0,0,17,0
605,424,3277,252,500,0.504,13,0
606,940,3263,204,1200,0.17,16,0
607,901,3252,155,300,0.516,21,0
608,176,3224,134,1000,0.134,24,0
609,447,3146,175,0,0,18,0
610,95,3125,149,500,0.298,21,0
611,395,3114,164,500,0.328,19,0
612,798,3109,130,0,0,24,0
613,75,3107,194,2000,0.097,16,0
614,368,3096,107,700,0.153,29,0
615,783,3060,146,600,0.243,21,0
616,92,3058,146,300,0.485,21,0
617,787,3043,169,0,0,18,0
618,608,2983,149,250,0.597,20,0
619,210,2975,165,1000,0.165,18,0
620,899,2971,149,0,0,20,0
621,730,2949,128,500,0.256,23,0
622,341,2940,140,3000,0.047,21,0
623,468,2894,116,700,0.165,25,0
624,912,2894,126,0,0,23,0
625,467,2889,152,200,0.76,19,0
626,54,2875,180,400,0.449,16,0
627,456,2868,143,0,0,20,0
628,907,2864,191,200,0.955,15,0
629,486,2850,150,0,0,19,0
630,667,2844,167,750,0.223,17,0
631,734,2825,177,0,0,16,0
632,219,2813,128,300,0.426,22,0
633,908,2808,156,0,0,18,0
634,208,2803,165,0,0,17,0
635,517,2781,155,0,0,18,0
636,929,2743,137,0,0,20,0
637,474,2736,228,0,0,12,0
638,132,2734,137,500,0.273,20,0
639,243,2700,113,1250,0.09,24,0
640,52,2682,141,1500,0.094,19,0
641,478,2677,149,750,0.198,18,0
642,118,2644,240,100,2.404,11,0
643,128,2639,155,250,0.621,17,0
644,797,2624,146,0,0,18,0
645,104,2538,98,611,0.16,26,0
646,5,2536,149,1000,0.149,17,0
647,168,2535,149,200,0.746,17,0
648,73,2523,140,500,0.28,18,0
649,363,2523,140,500,0.28,18,0
650,325,2520,97,300,0.323,26,0
651,313,2496,156,292,0.534,16,0
652,183,2475,146,0,0,17,0
653,385,2449,106,500,0.213,23,0
654,57,2419,173,600,0.288,14,0
655,821,2388,140,500,0.281,17,0
656,194,2380,170,1000,0.17,14,0
657,830,2369,118,3000,0.04,20,0
658,572,2340,123,2000,0.062,19,0
659,49,2338,130,0,0,18,0
660,276,2335,234,1000,0.234,10,0
661,449,2315,101,500,0.201,23,0
662,873,2258,103,500,0.205,22,0
663,216,2224,139,400,0.348,16,0
664,154,2218,139,500,0.277,16,0
665,585,2210,221,200,1.105,10,0
666,85,2200,147,1000,0.147,15,0
667,706,2195,146,400,0.366,15,0
668,794,2190,91,6994,0.013,24,0
669,897,2168,145,300,0.482,15,0
670,443,2144,119,0,0,18,0
671,591,2132,152,0,0,14,0
672,323,2131,125,2000,0.063,17,0
673,344,2130,152,500,0.304,14,0
674,650,2124,152,500,0.303,14,0
675,74,2120,101,500,0.202,21,0
676,593,2120,106,200,0.53,20,0
677,94,2104,88,500,0.175,24,0
678,211,2094,123,2000,0.062,17,0
679,378,2079,130,200,0.65,16,0
680,880,2072,148,500,0.296,14,0
681,909,2059,114,0,0,18,0
682,393,2050,171,500,0.342,12,0
683,721,2013,155,500,0.31,13,0
684,681,2012,101,1500,0.067,20,0
685,365,1997,117,312,0.377,17,0
686,133,1993,80,0,0,25,0
687,334,1992,91,300,0.302,22,0
688,257,1992,95,200,0.474,21,0
689,732,1992,117,2000,0.059,17,0
690,46,1987,99,500,0.199,20,0
691,224,1974,99,0,0,20,0
692,226,1960,103,1500,0.069,19,0
693,255,1959,98,400,0.245,20,0
694,915,1946,139,250,0.556,14,0
695,402,1946,114,300,0.382,17,0
696,916,1925,96,0,0,20,0
697,364,1921,107,350,0.305,18,0
698,91,1876,94,1000,0.094,20,0
699,445,1867,78,1000,0.078,24,0
700,425,1866,156,0,0,12,0
701,743,1865,110,1000,0.11,17,0
702,933,1859,124,0,0,15,0
703,507,1855,143,500,0.285,13,0
704,376,1830,102,1000,0.102,18,0
705,866,1827,141,0,0,13,0
706,900,1802,95,250,0.379,19,0
707,453,1786,112,1000,0.112,16,0
708,19,1766,110,400,0.276,16,0
709,235,1765,104,500,0.208,17,0
710,76,1736,124,500,0.248,14,0
711,834,1733,158,0,0,11,0
712,796,1727,123,750,0.165,14,0
713,275,1724,82,500,0.164,21,0
714,570,1703,131,0,0,13,0
715,935,1700,131,250,0.523,13,0
716,225,1683,112,0,0,15,0
717,742,1674,84,250,0.335,20,0
718,635,1670,111,1000,0.111,15,0
719,877,1647,97,8000,0.012,17,0
720,102,1643,97,0,0,17,0
721,544,1634,117,750,0.156,14,0
722,22,1633,82,200,0.408,20,0
723,739,1632,96,300,0.32,17,0
724,335,1628,125,500,0.251,13,0
725,513,1620,147,0,0,11,0
726,156,1614,85,500,0.17,19,0
727,477,1610,81,459,0.175,20,0
728,24,1566,112,0,0,14,0
729,868,1558,82,350,0.234,19,0
730,309,1555,97,1000,0.097,16,0
731,269,1554,71,0,0,22,0
732,305,1550,91,500,0.182,17,0
733,606,1546,103,0,0,15,0
734,637,1544,74,500,0.147,21,0
735,369,1541,110,600,0.184,14,0
736,757,1537,73,0,0,21,0
737,193,1534,118,300,0.393,13,0
738,206,1530,96,200,0.478,16,0
739,502,1522,80,3400,0.024,19,0
740,25,1521,85,500,0.169,18,0
741,450,1516,76,400,0.19,20,0
742,103,1507,84,275,0.304,18,0
743,625,1505,116,1500,0.077,13,0
744,134,1500,125,0,0,12,0
745,165,1491,136,500,0.271,11,0
746,463,1490,83,150,0.552,18,0
747,758,1490,78,250,0.314,19,0
748,862,1490,124,500,0.248,12,0
749,763,1484,93,1500,0.062,16,0
750,253,1482,93,1000,0.093,16,0
751,202,1478,87,150,0.58,17,0
752,848,1470,74,1000,0.074,20,0
753,300,1467,105,350,0.299,14,0
754,677,1465,147,0,0,10,0
755,568,1462,97,7501,0.013,15,0
756,931,1446,80,250,0.321,18,0
757,63,1438,131,5200,0.025,11,0
758,903,1436,84,2778,0.03,17,0
759,122,1434,102,1000,0.102,14,0
760,296,1432,84,300,0.281,17,0
761,597,1403,108,0,0,13,0
762,233,1403,117,300,0.39,12,0
763,340,1397,67,0,0,21,0
764,404,1397,116,200,0.582,12,0
765,679,1395,87,0,0,16,0
766,238,1380,86,0,0,16,0
767,249,1375,92,1000,0.092,15,0
768,853,1365,91,1500,0.061,15,0
769,15,1364,72,200,0.359,19,0
770,451,1364,57,500,0.114,24,0
771,308,1362,68,300,0.227,20,0
772,418,1351,104,1000,0.104,13,0
773,203,1347,104,500,0.207,13,0
774,511,1345,84,300,0.28,16,0
775,178,1336,70,1500,0.047,19,0
776,88,1327,147,200,0.737,9,0
777,312,1306,119,7500,0.016,11,0
778,70,1260,90,1000,0.09,14,0
779,500,1240,95,1000,0.095,13,0
780,260,1239,95,1000,0.095,13,0
781,72,1231,51,200,0.257,24,0
782,504,1226,94,200,0.472,13,0
783,311,1222,81,500,0.163,15,0
784,346,1222,61,250,0.244,20,0
785,410,1216,64,800,0.08,19,0
786,146,1213,76,0,0,16,0
787,306,1209,86,750,0.115,14,0
788,658,1207,86,250,0.345,14,0
789,319,1196,92,500,0.184,13,0
790,123,1188,132,200,0.66,9,0
791,307,1180,98,0,0,12,0
792,515,1174,107,500,0.214,11,0
793,575,1173,90,200,0.451,13,0
794,13,1150,77,2500,0.031,15,0
795,389,1133,49,500,0.099,23,0
796,86,1125,94,0,0,12,0
797,766,1125,63,100,0.625,18,0
798,494,1112,93,600,0.154,12,0
799,360,1098,110,0,0,10,0
800,538,1097,73,0,0,15,0
801,514,1089,68,0,0,16,0
802,913,1083,90,0,0,12,0
803,878,1082,72,1000,0.072,15,0
804,626,1081,64,0,0,17,0
805,212,1077,83,0,0,13,0
806,764,1074,90,2000,0.045,12,0
807,524,1066,71,200,0.355,15,0
808,550,1064,82,3000,0.027,13,0
809,789,1058,71,250,0.282,15,0
810,288,1055,81,250,0.325,13,0
811,336,1048,70,200,0.349,15,0
812,433,1043,55,200,0.275,19,0
813,179,1040,173,200,0.867,6,0
814,860,1039,148,500,0.297,7,0
815,374,1037,94,500,0.189,11,0
816,844,1037,94,0,0,11,0
817,21,1036,94,500,0.188,11,0
818,659,1021,113,0,0,9,0
819,237,1017,85,500,0.17,12,0
820,164,1017,102,300,0.339,10,0
821,117,1014,53,175,0.305,19,0
822,822,1013,72,0,0,14,0
823,329,1009,72,400,0.18,14,0
824,526,1004,56,0,0,18,0
825,392,1002,77,0,0,13,0
826,771,1002,56,750,0.074,18,0
827,14,999,71,200,0.357,14,0
828,530,987,58,500,0.116,17,0
829,661,981,58,0,0,17,0
830,431,980,61,800,0.077,16,0
831,604,974,97,400,0.244,10,0
832,600,968,74,0,0,13,0
833,528,967,121,0,0,8,0
834,603,955,64,0,0,15,0
835,185,948,53,200,0.263,18,0
836,615,946,73,500,0.146,13,0
837,314,937,59,400,0.146,16,0
838,99,925,77,500,0.154,12,0
839,272,925,58,5800,0.01,16,0
840,231,925,58,0,0,16,0
841,159,920,115,2000,0.058,8,0
842,747,920,84,500,0.167,11,0
843,748,919,71,2500,0.028,13,0
844,124,919,51,200,0.255,18,0
845,673,916,92,0,0,10,0
846,81,910,130,0,0,7,0
847,18,908,70,200,0.349,13,0
848,744,907,113,0,0,8,0
849,927,906,101,500,0.201,9,0
850,653,899,64,400,0.161,14,0
851,605,892,99,200,0.496,9,0
852,375,892,112,1000,0.112,8,0
853,214,890,68,1000,0.069,13,0
854,577,873,67,750,0.09,13,0
855,44,869,87,1000,0.087,10,0
856,130,864,96,0,0,9,0
857,876,862,54,0,0,16,0
858,759,848,45,250,0.179,19,0
859,562,845,77,1400,0.055,11,0
860,814,842,105,200,0.526,8,0
861,768,839,49,250,0.197,17,0
862,921,838,70,6500,0.011,12,0
863,379,818,63,0,0,13,0
864,361,815,58,0,0,14,0
865,767,815,63,150,0.418,13,0
866,236,814,81,0,0,10,0
867,455,810,74,0,0,11,0
868,482,793,88,0,0,9,0
869,195,791,42,0,0,19,0
870,287,787,61,400,0.151,13,0
871,126,768,70,534,0.131,11,0
872,161,761,59,0,0,13,0
873,762,761,63,150,0.423,12,0
874,330,760,95,1000,0.095,8,0
875,274,760,69,0,0,11,0
876,401,755,40,0,0,19,0
877,278,755,126,0,0,6,0
878,774,751,68,750,0.091,11,0
879,387,734,67,200,0.334,11,0
880,726,732,39,200,0.193,19,0
881,934,732,56,500,0.113,13,0
882,436,720,60,2500,0.024,12,0
883,304,712,36,500,0.071,20,0
884,871,710,51,300,0.169,14,0
885,648,703,70,4375,0.016,10,0
886,749,700,64,4200,0.015,11,0
887,646,695,70,1000,0.07,10,0
888,905,695,58,250,0.232,12,0
889,241,690,41,0,0,17,0
890,651,655,55,4000,0.014,12,0
891,460,646,40,0,0,16,0
892,382,643,40,0,0,16,0
893,177,641,43,600,0.071,15,0
894,556,639,107,0,0,6,0
895,458,635,79,500,0.159,8,0
896,60,634,49,7000,0.007,13,0
897,611,619,36,500,0.073,17,0
898,284,617,29,500,0.059,21,0
899,923,615,51,1000,0.051,12,0
900,879,587,98,300,0.326,6,0
901,583,577,58,800,0.072,10,0
902,616,572,64,500,0.127,9,0
903,928,562,70,300,0.234,8,0
904,169,561,62,700,0.089,9,0
905,647,560,47,2000,0.023,12,0
906,590,557,40,0,0,14,0
907,354,557,62,500,0.124,9,0
908,40,540,22,0,0,25,0
909,428,535,67,400,0.167,8,0
910,624,520,37,80,0.464,14,0
911,510,520,52,1000,0.052,10,0
912,310,500,50,250,0.2,10,0
913,769,493,49,800,0.062,10,0
914,564,493,55,300,0.183,9,0
915,861,488,44,300,0.148,11,0
916,398,485,44,0,0,11,0
917,348,477,27,688,0.039,18,0
918,898,450,30,200,0.15,15,0
919,920,450,45,500,0.09,10,0
920,741,433,33,0,0,13,0
921,850,425,28,0,0,15,0
922,745,407,37,1000,0.037,11,0
923,342,400,27,100,0.267,15,0
924,890,393,56,500,0.112,7,0
925,129,382,38,0,0,10,0
926,518,379,126,0,0,3,0
927,939,378,24,0,0,16,0
928,925,366,73,500,0.146,5,0
929,790,348,44,1000,0.044,8,0
930,327,330,37,0,0,9,0
931,666,315,29,0,0,11,0
932,209,310,39,1000,0.039,8,0
933,459,295,49,0,0,6,0
934,545,275,23,0,0,12,0
935,441,271,30,0,0,9,0
936,765,262,33,0,0,8,0
937,162,260,19,0,0,14,0
938,435,215,36,1000,0.036,6,0
939,610,195,24,0,0,8,0
940,187,138,13,0,0,11,0
941,158,50,4,0,0,12,0
942,657,1,0,0,0,12,0
943,596,0,0,500,0,19,0
944,943,1100,55,100,0.55,20,0
945,944,0,0,0,0,0,0
946,945,0,0,0,0,0,0
947,946,0,0,0,0,0,0
948,947,0,0,0,0,0,0
949,948,0,0,0,0,0,0
950,949,0,0,0,0,0,0
951,950,0,0,0,0,0,0
952,951,0,0,0,0,0,0
953,943,0,0,400,0,0,0
954,944,0,0,0,0,0,0
