id,team_id,Conf_Win,Conf_Loss,Conf_Tie,OOC_Win,OOC_Loss,OOC_Tie,Post_Win,Post_Loss,Post_Tie,Year
3829,1,11,16,0,12,9,0,0,0,0,2026
3970,2,6,6,0,17,19,0,0,0,0,2026
3036,3,12,22,0,1,15,0,0,0,0,2026
3038,4,19,14,0,6,7,0,0,0,0,2026
3037,5,17,5,0,12,5,0,0,0,0,2026
3861,6,14,7,0,9,15,0,0,0,0,2026
3039,7,10,18,0,10,10,0,0,0,0,2026
3040,8,13,11,0,19,6,0,0,0,0,2026
3041,9,4,23,0,6,15,0,0,0,0,2026
3042,11,19,8,0,7,11,0,0,0,0,2026
3045,12,24,8,0,4,10,0,0,0,0,2026
3047,13,6,14,0,7,9,0,0,0,0,2026
3048,14,11,11,0,12,7,0,0,0,0,2026
3050,15,7,14,0,10,7,0,0,0,0,2026
3049,16,4,25,0,5,13,0,0,0,0,2026
3051,18,9,9,0,6,17,0,0,0,0,2026
3053,19,16,7,0,10,8,0,0,0,0,2026
3055,21,14,8,0,12,6,0,0,0,0,2026
3054,22,7,14,0,10,9,0,0,0,0,2026
3056,23,10,20,0,6,10,0,0,0,0,2026
3057,24,12,7,0,12,5,0,0,0,0,2026
3058,25,12,10,0,9,8,0,0,0,0,2026
3059,26,11,22,0,14,3,0,0,0,0,2026
3060,27,36,14,0,2,1,0,0,0,0,2026
3061,28,4,0,0,21,15,0,0,0,0,2026
3062,29,15,9,0,13,9,0,0,0,0,2026
3063,30,16,8,0,11,7,0,0,0,0,2026
3064,31,8,19,0,9,11,0,0,0,0,2026
3065,32,17,9,0,16,6,0,0,0,0,2026
3069,33,5,31,0,1,8,0,0,0,0,2026
3070,34,26,12,0,5,6,0,0,0,0,2026
3071,35,13,11,0,7,18,0,0,0,0,2026
3068,36,13,11,0,19,6,0,0,0,0,2026
3066,37,11,13,0,17,6,0,0,0,0,2026
3067,38,30,11,0,3,9,0,0,0,0,2026
3864,39,17,9,0,11,9,0,0,0,0,2026
3073,40,7,13,0,7,15,0,0,0,0,2026
3074,41,26,8,0,10,6,0,0,0,0,2026
3075,42,9,23,0,4,10,0,0,0,0,2026
3078,43,14,10,0,19,4,0,0,0,0,2026
3077,44,5,15,0,3,4,0,0,0,0,2026
3079,45,11,17,0,7,13,0,0,0,0,2026
3081,46,10,11,0,15,5,0,0,0,0,2026
3080,47,31,8,0,7,5,0,0,0,0,2026
3076,48,7,24,0,4,13,0,0,0,0,2026
3083,49,18,4,0,10,8,0,0,0,0,2026
3082,50,14,14,0,3,5,0,0,0,0,2026
3084,51,13,11,0,10,14,0,0,0,0,2026
3085,52,5,15,0,8,7,0,0,0,0,2026
3086,53,17,19,0,9,11,0,0,0,0,2026
3087,54,11,6,0,12,9,0,0,0,0,2026
3088,55,13,3,0,15,6,0,0,0,0,2026
3089,56,14,13,0,7,13,0,0,0,0,2026
3090,57,5,12,0,6,10,0,0,0,0,2026
3091,58,11,20,0,12,3,0,0,0,0,2026
3093,59,7,26,0,3,6,0,0,0,0,2026
3094,60,12,1,0,3,13,0,0,0,0,2026
3092,61,4,8,0,16,2,0,0,0,0,2026
3097,62,11,14,0,14,9,0,0,0,0,2026
3096,63,15,8,0,16,5,0,0,0,0,2026
3095,64,11,13,0,8,14,0,0,0,0,2026
3100,65,9,9,0,10,20,0,0,0,0,2026
3099,66,28,9,0,10,5,0,0,0,0,2026
3098,67,15,6,0,8,10,0,0,0,0,2026
3101,68,5,32,0,4,6,0,0,0,0,2026
3102,69,21,13,0,2,0,0,0,0,0,2026
3103,70,11,12,0,6,12,0,0,0,0,2026
3104,71,26,6,0,10,7,0,0,0,0,2026
3105,72,3,19,0,1,17,0,0,0,0,2026
3106,73,12,9,0,11,7,0,0,0,0,2026
3107,74,15,8,0,12,7,0,0,0,0,2026
3108,75,14,4,0,14,2,0,0,0,0,2026
3109,76,17,3,0,12,5,0,0,0,0,2026
3111,77,20,5,0,13,11,0,0,0,0,2026
3110,78,13,5,0,11,13,0,0,0,0,2026
3112,79,16,20,0,10,6,0,0,0,0,2026
3113,81,4,20,0,12,3,0,0,0,0,2026
3115,83,21,16,0,6,3,0,0,0,0,2026
3114,84,5,1,0,13,16,0,0,0,0,2026
3117,85,2,20,0,6,12,0,0,0,0,2026
3116,87,17,10,0,18,6,0,0,0,0,2026
3118,88,8,11,0,8,10,0,0,0,0,2026
3120,89,10,17,0,7,13,0,0,0,0,2026
3121,90,5,16,0,4,24,0,0,0,0,2026
3119,91,11,9,0,10,6,0,0,0,0,2026
3122,92,5,16,0,11,7,0,0,0,0,2026
3124,93,14,18,0,7,7,0,0,0,0,2026
3123,94,14,9,0,18,2,0,0,0,0,2026
3125,95,18,3,0,9,5,0,0,0,0,2026
3128,96,13,8,0,8,10,0,0,0,0,2026
3129,97,12,9,0,13,11,0,0,0,0,2026
3130,98,17,9,0,7,13,0,0,0,0,2026
3131,99,6,18,0,4,11,0,0,0,0,2026
3132,100,8,7,0,11,22,0,0,0,0,2026
3127,101,13,13,0,11,10,0,0,0,0,2026
3134,103,0,12,0,1,24,0,0,0,0,2026
3138,104,11,13,0,12,4,0,0,0,0,2026
3140,105,17,7,0,10,13,0,0,0,0,2026
3133,106,18,14,0,10,7,0,0,0,0,2026
3143,107,15,21,0,6,3,0,0,0,0,2026
3144,108,13,19,0,9,9,0,0,0,0,2026
3146,109,13,11,0,8,15,0,0,0,0,2026
3139,110,21,11,0,15,3,0,0,0,0,2026
3152,111,20,14,0,12,1,0,0,0,0,2026
3151,112,19,20,0,7,5,0,0,0,0,2026
3135,113,12,18,0,5,7,0,0,0,0,2026
3153,114,8,16,0,17,7,0,0,0,0,2026
3136,115,14,17,0,12,6,0,0,0,0,2026
3137,116,10,5,0,28,6,0,0,0,0,2026
3158,117,1,23,0,3,10,0,0,0,0,2026
3161,118,7,12,0,9,10,0,0,0,0,2026
3162,119,14,31,0,2,2,0,0,0,0,2026
3163,120,23,4,0,11,10,0,0,0,0,2026
3164,121,12,12,0,4,12,0,0,0,0,2026
3166,122,5,11,0,11,10,0,0,0,0,2026
3168,123,6,14,0,5,12,0,0,0,0,2026
3167,124,8,12,0,13,7,0,0,0,0,2026
3169,125,21,16,0,10,3,0,0,0,0,2026
3170,126,11,10,0,7,11,0,0,0,0,2026
3172,127,32,4,0,9,5,0,0,0,0,2026
3175,128,11,13,0,10,4,0,0,0,0,2026
3199,130,10,3,0,7,15,0,0,0,0,2026
3173,131,17,16,0,6,10,0,0,0,0,2026
3174,132,16,16,0,5,5,0,0,0,0,2026
3176,133,12,6,0,5,16,0,0,0,0,2026
3178,134,12,12,0,5,9,0,0,0,0,2026
3177,135,14,10,0,13,12,0,0,0,0,2026
3179,136,11,16,0,4,7,0,0,0,0,2026
3181,137,9,18,0,11,9,0,0,0,0,2026
3182,138,24,12,0,10,2,0,0,0,0,2026
3184,139,18,19,0,9,5,0,0,0,0,2026
3183,140,15,17,0,3,9,0,0,0,0,2026
3185,141,11,10,0,16,3,0,0,0,0,2026
3188,142,14,11,0,10,6,0,0,0,0,2026
3189,143,17,11,0,4,17,0,0,0,0,2026
3192,144,9,9,0,16,10,0,0,0,0,2026
3595,145,8,13,0,15,12,0,0,0,0,2026
3191,146,14,9,0,15,3,0,0,0,0,2026
3190,147,19,14,0,4,8,0,0,0,0,2026
3142,148,17,18,0,9,6,0,0,0,0,2026
3193,149,4,29,0,0,6,0,0,0,0,2026
3196,150,1,3,0,23,11,0,0,0,0,2026
3195,151,8,22,0,5,12,0,0,0,0,2026
3198,152,13,11,0,20,6,0,0,0,0,2026
3201,153,1,26,0,3,9,0,0,0,0,2026
3200,154,18,6,0,11,5,0,0,0,0,2026
3202,155,9,23,0,10,5,0,0,0,0,2026
3204,156,7,10,0,14,7,0,0,0,0,2026
3203,157,6,26,0,5,5,0,0,0,0,2026
3205,159,8,12,0,9,5,0,0,0,0,2026
3206,160,8,17,0,21,3,0,0,0,0,2026
3559,161,7,13,0,4,13,0,0,0,0,2026
3860,162,7,9,0,10,8,0,0,0,0,2026
3208,163,19,5,0,14,10,0,0,0,0,2026
3209,165,17,7,0,10,5,0,0,0,0,2026
3210,166,14,23,0,3,11,0,0,0,0,2026
3187,167,12,12,0,10,13,0,0,0,0,2026
3211,168,7,11,0,13,4,0,0,0,0,2026
3214,169,11,11,0,7,10,0,0,0,0,2026
3213,170,12,19,0,3,16,0,0,0,0,2026
3215,171,15,22,0,3,11,0,0,0,0,2026
3212,172,28,1,0,18,3,0,0,0,0,2026
3219,173,10,10,0,5,13,0,0,0,0,2026
3218,174,19,13,0,11,9,0,0,0,0,2026
3220,175,18,10,0,7,16,0,0,0,0,2026
3224,176,22,12,0,7,3,0,0,0,0,2026
3221,177,15,7,0,7,10,0,0,0,0,2026
3225,178,15,8,0,4,12,0,0,0,0,2026
3222,179,8,12,0,6,9,0,0,0,0,2026
3226,180,16,20,0,7,7,0,0,0,0,2026
3229,181,9,18,0,0,15,0,0,0,0,2026
3230,182,8,13,0,3,13,0,0,0,0,2026
3228,183,9,12,0,8,9,0,0,0,0,2026
3231,184,14,2,0,13,7,0,0,0,0,2026
3232,185,6,12,0,8,14,0,0,0,0,2026
3233,186,11,4,0,16,15,0,0,0,0,2026
3235,187,6,12,0,1,18,0,0,0,0,2026
3141,188,10,15,0,11,13,0,0,0,0,2026
3217,189,17,13,0,9,12,0,0,0,0,2026
3147,190,11,13,0,13,10,0,0,0,0,2026
3149,191,16,16,0,8,9,0,0,0,0,2026
3223,192,22,15,0,7,9,0,0,0,0,2026
3234,193,2,14,0,5,15,0,0,0,0,2026
3171,194,8,12,0,12,7,0,0,0,0,2026
3237,195,10,20,0,2,7,0,0,0,0,2026
3240,196,7,11,0,8,11,0,0,0,0,2026
3239,197,15,9,0,11,15,0,0,0,0,2026
3241,198,15,9,0,9,12,0,0,0,0,2026
3242,199,2,27,0,3,18,0,0,0,0,2026
3244,200,11,13,0,16,7,0,0,0,0,2026
3238,201,16,8,0,12,13,0,0,0,0,2026
3243,202,12,11,0,9,5,0,0,0,0,2026
3245,204,5,19,0,12,12,0,0,0,0,2026
3246,205,4,23,0,0,17,0,0,0,0,2026
3247,206,7,13,0,9,9,0,0,0,0,2026
3248,207,20,16,0,11,6,0,0,0,0,2026
3250,208,17,0,0,21,1,0,0,0,0,2026
3249,209,11,5,0,16,6,0,0,0,0,2026
3251,210,20,4,0,11,8,0,0,0,0,2026
3253,211,6,11,0,14,6,0,0,0,0,2026
3252,212,7,15,0,7,8,0,0,0,0,2026
3254,213,12,18,0,6,13,0,0,0,0,2026
3256,214,14,11,0,11,4,0,0,0,0,2026
3255,215,21,10,0,11,9,0,0,0,0,2026
3257,216,7,17,0,5,9,0,0,0,0,2026
3258,217,9,16,0,14,9,0,0,0,0,2026
3236,218,13,19,0,5,11,0,0,0,0,2026
3260,219,18,4,0,8,7,0,0,0,0,2026
3259,220,13,8,0,16,11,0,0,0,0,2026
3261,221,20,20,0,3,5,0,0,0,0,2026
3262,222,23,9,0,12,4,0,0,0,0,2026
3263,223,15,0,0,18,10,0,0,0,0,2026
3268,224,3,17,0,11,8,0,0,0,0,2026
3271,225,10,11,0,16,3,0,0,0,0,2026
3264,226,11,5,0,14,8,0,0,0,0,2026
3266,227,15,6,0,13,9,0,0,0,0,2026
3267,228,5,19,0,8,17,0,0,0,0,2026
3269,229,9,18,0,7,12,0,0,0,0,2026
3270,230,15,31,0,2,2,0,0,0,0,2026
3272,232,19,12,0,10,4,0,0,0,0,2026
3273,233,12,11,0,8,8,0,0,0,0,2026
3274,234,28,9,0,5,10,0,0,0,0,2026
3275,235,15,10,0,11,5,0,0,0,0,2026
3277,236,6,14,0,6,13,0,0,0,0,2026
3276,237,4,15,0,8,8,0,0,0,0,2026
3278,238,9,16,0,6,7,0,0,0,0,2026
3280,239,10,17,0,9,11,0,0,0,0,2026
3281,240,14,14,0,9,10,0,0,0,0,2026
3279,241,2,14,0,4,11,0,0,0,0,2026
3283,242,16,18,0,5,11,0,0,0,0,2026
3282,243,9,11,0,11,9,0,0,0,0,2026
3284,244,7,27,0,6,8,0,0,0,0,2026
3286,245,22,14,0,13,1,0,0,0,0,2026
3285,246,15,1,0,16,7,0,0,0,0,2026
3287,247,21,15,0,6,11,0,0,0,0,2026
3265,248,9,6,0,20,11,0,0,0,0,2026
3288,249,6,18,0,6,9,0,0,0,0,2026
3290,250,10,8,0,7,20,0,0,0,0,2026
3289,251,16,8,0,6,11,0,0,0,0,2026
3292,252,11,13,0,8,16,0,0,0,0,2026
3294,253,16,4,0,8,5,0,0,0,0,2026
3293,254,22,5,0,7,10,0,0,0,0,2026
3291,255,5,16,0,11,6,0,0,0,0,2026
3296,256,19,13,0,13,6,0,0,0,0,2026
3297,257,9,23,0,9,5,0,0,0,0,2026
3303,258,13,10,0,17,7,0,0,0,0,2026
3295,259,24,9,0,9,9,0,0,0,0,2026
3298,260,7,14,0,4,13,0,0,0,0,2026
3305,261,6,18,0,9,15,0,0,0,0,2026
3302,262,10,11,0,15,12,0,0,0,0,2026
3306,263,15,13,0,10,7,0,0,0,0,2026
3299,264,19,12,0,16,6,0,0,0,0,2026
3301,265,13,11,0,19,6,0,0,0,0,2026
3300,266,16,10,0,5,12,0,0,0,0,2026
3307,267,15,9,0,19,5,0,0,0,0,2026
3304,268,11,23,0,8,4,0,0,0,0,2026
3309,270,13,11,0,10,15,0,0,0,0,2026
3308,271,12,25,0,5,8,0,0,0,0,2026
3311,272,6,15,0,3,13,0,0,0,0,2026
3310,273,29,8,0,13,4,0,0,0,0,2026
3312,274,5,17,0,4,9,0,0,0,0,2026
3313,275,12,10,0,11,7,0,0,0,0,2026
3314,276,9,9,0,13,6,0,0,0,0,2026
3315,277,9,22,0,3,9,0,0,0,0,2026
3316,278,5,11,0,2,15,0,0,0,0,2026
3317,279,22,15,0,11,9,0,0,0,0,2026
3145,280,2,17,0,11,15,0,0,0,0,2026
3318,281,20,4,0,14,12,0,0,0,0,2026
3328,282,6,18,0,8,17,0,0,0,0,2026
3329,283,15,14,0,13,11,0,0,0,0,2026
3320,285,19,16,0,5,6,0,0,0,0,2026
3321,286,8,13,0,13,14,0,0,0,0,2026
3319,287,8,14,0,9,5,0,0,0,0,2026
3322,288,11,15,0,5,9,0,0,0,0,2026
3323,289,13,11,0,10,12,0,0,0,0,2026
3324,290,9,15,0,9,14,0,0,0,0,2026
3326,291,5,10,0,19,15,0,0,0,0,2026
3325,292,18,6,0,20,5,0,0,0,0,2026
3327,293,12,17,0,10,10,0,0,0,0,2026
3333,294,10,14,0,12,12,0,0,0,0,2026
3330,295,19,5,0,20,3,0,0,0,0,2026
3332,296,9,10,0,17,3,0,0,0,0,2026
3334,297,17,13,0,12,8,0,0,0,0,2026
3336,298,21,11,0,10,9,0,0,0,0,2026
3338,299,16,5,0,13,12,0,0,0,0,2026
3335,300,5,11,0,9,12,0,0,0,0,2026
3337,301,19,11,0,0,15,0,0,0,0,2026
3339,302,7,11,0,10,17,0,0,0,0,2026
3340,303,20,4,0,21,4,0,0,0,0,2026
3341,304,18,7,0,8,10,0,0,0,0,2026
3342,305,10,15,0,7,9,0,0,0,0,2026
3343,306,16,5,0,6,11,0,0,0,0,2026
3344,307,14,9,0,5,8,0,0,0,0,2026
3345,308,6,14,0,13,6,0,0,0,0,2026
3346,309,10,10,0,9,10,0,0,0,0,2026
3347,310,11,8,0,12,9,0,0,0,0,2026
3350,311,8,10,0,7,8,0,0,0,0,2026
3348,312,5,15,0,8,11,0,0,0,0,2026
3349,313,10,12,0,8,11,0,0,0,0,2026
3351,314,13,9,0,7,10,0,0,0,0,2026
3353,315,23,17,0,7,3,0,0,0,0,2026
3352,316,9,7,0,17,9,0,0,0,0,2026
3354,317,12,4,0,9,9,0,0,0,0,2026
3355,318,9,12,0,2,14,0,0,0,0,2026
3356,319,8,10,0,6,12,0,0,0,0,2026
3357,320,13,11,0,11,8,0,0,0,0,2026
3358,321,14,22,0,4,7,0,0,0,0,2026
3359,322,18,16,0,9,5,0,0,0,0,2026
3360,323,5,11,0,12,12,0,0,0,0,2026
3361,324,17,20,0,9,1,0,0,0,0,2026
3362,325,17,16,0,5,5,0,0,0,0,2026
3363,326,12,6,0,19,11,0,0,0,0,2026
3365,327,10,7,0,12,8,0,0,0,0,2026
3364,328,16,16,0,6,11,0,0,0,0,2026
3366,329,12,10,0,3,12,0,0,0,0,2026
3367,330,11,6,0,16,5,0,0,0,0,2026
3368,331,11,13,0,6,11,0,0,0,0,2026
3370,332,13,13,0,8,14,0,0,0,0,2026
3371,334,11,13,0,6,12,0,0,0,0,2026
3372,335,7,14,0,6,13,0,0,0,0,2026
3374,336,7,14,0,8,7,0,0,0,0,2026
3373,337,4,20,0,16,8,0,0,0,0,2026
3375,338,12,15,0,9,10,0,0,0,0,2026
3377,339,0,14,0,13,13,0,0,0,0,2026
3376,340,9,11,0,15,5,0,0,0,0,2026
3378,341,15,3,0,4,13,0,0,0,0,2026
3384,343,25,13,0,9,5,0,0,0,0,2026
3383,344,12,8,0,6,12,0,0,0,0,2026
3386,345,11,14,0,13,9,0,0,0,0,2026
3379,346,15,6,0,9,10,0,0,0,0,2026
3381,347,12,9,0,18,9,0,0,0,0,2026
3385,348,10,8,0,5,14,0,0,0,0,2026
3972,349,7,17,0,14,10,0,0,0,0,2026
3388,350,21,14,0,9,6,0,0,0,0,2026
3389,351,12,6,0,14,16,0,0,0,0,2026
3392,352,12,11,0,4,14,0,0,0,0,2026
3390,353,12,12,0,17,6,0,0,0,0,2026
3393,354,11,10,0,9,5,0,0,0,0,2026
3391,355,15,16,0,7,7,0,0,0,0,2026
3395,356,13,11,0,13,10,0,0,0,0,2026
3394,357,20,4,0,18,6,0,0,0,0,2026
3396,358,10,14,0,10,13,0,0,0,0,2026
3844,359,21,12,0,3,8,0,0,0,0,2026
3399,360,8,8,0,13,8,0,0,0,0,2026
3400,361,1,12,0,1,24,0,0,0,0,2026
3401,362,16,5,0,17,4,0,0,0,0,2026
3404,363,4,20,0,9,7,0,0,0,0,2026
3402,364,3,0,0,12,24,0,0,0,0,2026
3405,365,15,7,0,16,2,0,0,0,0,2026
3406,366,20,5,0,17,7,0,0,0,0,2026
3407,367,11,15,0,15,7,0,0,0,0,2026
3408,368,12,7,0,17,4,0,0,0,0,2026
3409,369,14,3,0,10,12,0,0,0,0,2026
3411,370,11,13,0,12,9,0,0,0,0,2026
3410,371,21,7,0,14,4,0,0,0,0,2026
3412,372,11,13,0,18,3,0,0,0,0,2026
3413,373,12,23,0,1,13,0,0,0,0,2026
3415,374,3,13,0,11,10,0,0,0,0,2026
3416,375,9,10,0,6,9,0,0,0,0,2026
3417,376,12,0,0,16,10,0,0,0,0,2026
3418,377,11,25,0,3,12,0,0,0,0,2026
3419,378,1,19,0,5,7,0,0,0,0,2026
3420,379,3,18,0,3,16,0,0,0,0,2026
3421,380,9,24,0,7,5,0,0,0,0,2026
3414,381,17,14,0,10,8,0,0,0,0,2026
3422,382,5,12,0,7,12,0,0,0,0,2026
3424,383,15,11,0,8,6,0,0,0,0,2026
3425,384,7,19,0,5,14,0,0,0,0,2026
3426,385,9,12,0,11,7,0,0,0,0,2026
3427,386,10,23,0,1,13,0,0,0,0,2026
3428,387,7,15,0,7,11,0,0,0,0,2026
3429,388,17,10,0,9,13,0,0,0,0,2026
3430,389,11,5,0,8,11,0,0,0,0,2026
3431,390,21,10,0,13,9,0,0,0,0,2026
3432,391,10,22,0,3,9,0,0,0,0,2026
3433,392,11,14,0,10,6,0,0,0,0,2026
3434,393,9,12,0,5,13,0,0,0,0,2026
3435,394,16,11,0,0,12,0,0,0,0,2026
3436,395,9,12,0,6,12,0,0,0,0,2026
3437,396,21,13,0,15,4,0,0,0,0,2026
3438,397,8,18,0,7,13,0,0,0,0,2026
3439,398,3,10,0,2,14,0,0,0,0,2026
3440,399,7,26,0,10,7,0,0,0,0,2026
3442,400,25,11,0,12,2,0,0,0,0,2026
3441,401,6,14,0,6,12,0,0,0,0,2026
3443,402,23,12,0,3,7,0,0,0,0,2026
3445,403,13,17,0,8,11,0,0,0,0,2026
3444,404,16,12,0,6,6,0,0,0,0,2026
3446,405,18,6,0,17,8,0,0,0,0,2026
3449,407,1,29,0,5,7,0,0,0,0,2026
3447,408,20,16,0,9,7,0,0,0,0,2026
3450,409,10,11,0,16,11,0,0,0,0,2026
3451,410,15,11,0,8,6,0,0,0,0,2026
3452,411,14,10,0,7,13,0,0,0,0,2026
3072,412,14,7,0,14,14,0,0,0,0,2026
3455,413,21,6,0,1,12,0,0,0,0,2026
3463,414,3,18,0,9,20,0,0,0,0,2026
3453,415,7,29,0,2,10,0,0,0,0,2026
3454,416,11,17,0,6,12,0,0,0,0,2026
3456,417,10,8,0,18,12,0,0,0,0,2026
3457,418,12,12,0,6,8,0,0,0,0,2026
3460,419,12,12,0,18,7,0,0,0,0,2026
3459,420,15,9,0,14,12,0,0,0,0,2026
3462,421,10,14,0,16,9,0,0,0,0,2026
3458,422,9,15,0,20,6,0,0,0,0,2026
3464,423,30,18,0,3,1,0,0,0,0,2026
3465,424,19,5,0,12,4,0,0,0,0,2026
3466,425,11,13,0,7,8,0,0,0,0,2026
3467,426,20,1,0,13,3,0,0,0,0,2026
3468,427,14,15,0,9,8,0,0,0,0,2026
3470,428,15,5,0,11,9,0,0,0,0,2026
3473,429,11,7,0,6,20,0,0,0,0,2026
3474,430,14,19,0,10,5,0,0,0,0,2026
3475,431,10,12,0,7,8,0,0,0,0,2026
3477,432,8,16,0,9,11,0,0,0,0,2026
3476,433,14,7,0,13,6,0,0,0,0,2026
3480,434,7,28,0,6,7,0,0,0,0,2026
3478,435,0,0,0,0,32,0,0,0,0,2026
3479,436,8,14,0,6,9,0,0,0,0,2026
3481,437,9,7,0,4,13,0,0,0,0,2026
3483,438,16,11,0,4,15,0,0,0,0,2026
3485,439,19,15,0,7,10,0,0,0,0,2026
3973,440,11,13,0,10,14,0,0,0,0,2026
3974,441,2,18,0,5,11,0,0,0,0,2026
3486,442,30,11,0,4,6,0,0,0,0,2026
3484,443,8,13,0,2,14,0,0,0,0,2026
3488,444,6,9,0,19,9,0,0,0,0,2026
3487,445,3,1,0,22,10,0,0,0,0,2026
3491,446,6,18,0,17,8,0,0,0,0,2026
3492,447,12,7,0,13,9,0,0,0,0,2026
3494,448,17,13,0,10,10,0,0,0,0,2026
3493,449,11,11,0,16,6,0,0,0,0,2026
3495,450,10,8,0,15,7,0,0,0,0,2026
3498,451,11,10,0,9,8,0,0,0,0,2026
3499,452,12,15,0,5,9,0,0,0,0,2026
3503,453,12,10,0,17,4,0,0,0,0,2026
3504,454,13,19,0,9,9,0,0,0,0,2026
3496,455,2,19,0,6,11,0,0,0,0,2026
3505,456,17,15,0,4,6,0,0,0,0,2026
3506,457,13,14,0,12,9,0,0,0,0,2026
3471,458,8,12,0,6,13,0,0,0,0,2026
3472,459,5,13,0,4,11,0,0,0,0,2026
3507,461,10,11,0,9,17,0,0,0,0,2026
3509,462,9,6,0,27,7,0,0,0,0,2026
3863,463,14,7,0,8,7,0,0,0,0,2026
3510,464,19,13,0,7,9,0,0,0,0,2026
3511,465,12,15,0,1,12,0,0,0,0,2026
3514,466,14,10,0,6,16,0,0,0,0,2026
3513,467,21,3,0,9,9,0,0,0,0,2026
3512,468,14,10,0,5,14,0,0,0,0,2026
3516,469,13,11,0,20,3,0,0,0,0,2026
3517,470,19,8,0,13,7,0,0,0,0,2026
3518,471,16,9,0,14,8,0,0,0,0,2026
3519,472,10,19,0,7,9,0,0,0,0,2026
3523,473,10,14,0,13,11,0,0,0,0,2026
3522,474,11,7,0,10,6,0,0,0,0,2026
3521,475,14,21,0,7,3,0,0,0,0,2026
3526,476,21,12,0,12,4,0,0,0,0,2026
3525,477,15,5,0,17,3,0,0,0,0,2026
3524,478,7,14,0,8,11,0,0,0,0,2026
3950,479,10,8,0,8,21,0,0,0,0,2026
3530,480,17,25,0,2,9,0,0,0,0,2026
3529,481,20,20,0,9,4,0,0,0,0,2026
3532,482,14,6,0,4,13,0,0,0,0,2026
3531,483,10,14,0,19,4,0,0,0,0,2026
3527,484,28,8,0,10,4,0,0,0,0,2026
3533,485,21,20,0,5,4,0,0,0,0,2026
3534,486,16,8,0,12,7,0,0,0,0,2026
3536,487,20,13,0,8,11,0,0,0,0,2026
3538,488,15,10,0,22,2,0,0,0,0,2026
3540,489,9,17,0,2,15,0,0,0,0,2026
3544,490,4,20,0,17,6,0,0,0,0,2026
3539,491,24,7,0,8,9,0,0,0,0,2026
3542,492,15,9,0,12,8,0,0,0,0,2026
3543,493,20,17,0,7,6,0,0,0,0,2026
3497,494,11,6,0,3,13,0,0,0,0,2026
3546,495,19,5,0,8,7,0,0,0,0,2026
3541,496,26,10,0,7,6,0,0,0,0,2026
3545,497,21,12,0,9,8,0,0,0,0,2026
3547,498,26,4,0,10,5,0,0,0,0,2026
3548,499,16,8,0,9,11,0,0,0,0,2026
3549,500,11,10,0,5,11,0,0,0,0,2026
3550,501,18,11,0,8,10,0,0,0,0,2026
3551,502,14,5,0,16,4,0,0,0,0,2026
3552,503,17,16,0,10,8,0,0,0,0,2026
3553,504,6,18,0,7,6,0,0,0,0,2026
3554,505,9,12,0,16,11,0,0,0,0,2026
3555,506,20,16,0,5,5,0,0,0,0,2026
3556,507,9,9,0,6,15,0,0,0,0,2026
3557,508,21,14,0,8,7,0,0,0,0,2026
3563,509,11,16,0,9,9,0,0,0,0,2026
3561,510,14,2,0,16,6,0,0,0,0,2026
3528,511,16,6,0,12,6,0,0,0,0,2026
3515,512,23,7,0,15,7,0,0,0,0,2026
3558,513,9,13,0,8,9,0,0,0,0,2026
3560,514,8,12,0,6,12,0,0,0,0,2026
3562,515,6,12,0,5,13,0,0,0,0,2026
3564,516,12,6,0,15,16,0,0,0,0,2026
3565,517,9,7,0,10,12,0,0,0,0,2026
3537,518,16,9,0,6,9,0,0,0,0,2026
3591,519,3,21,0,9,13,0,0,0,0,2026
3593,520,10,13,0,5,13,0,0,0,0,2026
3578,521,6,25,0,6,13,0,0,0,0,2026
3862,522,16,10,0,14,7,0,0,0,0,2026
3592,523,12,12,0,18,5,0,0,0,0,2026
3567,524,8,16,0,5,11,0,0,0,0,2026
3568,525,17,7,0,17,7,0,0,0,0,2026
3569,526,10,9,0,11,6,0,0,0,0,2026
3571,527,12,9,0,11,12,0,0,0,0,2026
3572,528,6,16,0,2,14,0,0,0,0,2026
3573,529,9,15,0,1,14,0,0,0,0,2026
3574,530,2,16,0,9,11,0,0,0,0,2026
3577,531,11,9,0,15,11,0,0,0,0,2026
3580,532,8,16,0,11,12,0,0,0,0,2026
3581,533,10,17,0,11,13,0,0,0,0,2026
3583,534,20,16,0,8,9,0,0,0,0,2026
3585,535,3,33,0,3,11,0,0,0,0,2026
3584,536,17,7,0,5,9,0,0,0,0,2026
3586,537,15,12,0,10,11,0,0,0,0,2026
3588,538,10,7,0,13,10,0,0,0,0,2026
3608,539,19,8,0,10,5,0,0,0,0,2026
3575,540,6,15,0,9,12,0,0,0,0,2026
3587,541,14,13,0,4,13,0,0,0,0,2026
3589,542,15,9,0,9,14,0,0,0,0,2026
3597,543,18,7,0,19,2,0,0,0,0,2026
3598,544,9,11,0,12,8,0,0,0,0,2026
3600,545,2,17,0,5,13,0,0,0,0,2026
3601,546,6,12,0,4,16,0,0,0,0,2026
3603,547,17,7,0,9,14,0,0,0,0,2026
3604,548,25,4,0,16,8,0,0,0,0,2026
3602,549,33,7,0,14,3,0,0,0,0,2026
3605,550,12,9,0,11,8,0,0,0,0,2026
3607,551,17,7,0,11,11,0,0,0,0,2026
3606,552,11,25,0,5,7,0,0,0,0,2026
3610,553,10,12,0,3,21,0,0,0,0,2026
3609,554,11,10,0,12,14,0,0,0,0,2026
3611,555,11,26,0,2,3,0,0,0,0,2026
3612,557,25,11,0,10,4,0,0,0,0,2026
3613,558,25,7,0,10,8,0,0,0,0,2026
3616,559,7,17,0,13,8,0,0,0,0,2026
3614,560,19,19,0,9,7,0,0,0,0,2026
3615,561,16,11,0,9,10,0,0,0,0,2026
3617,562,14,5,0,5,15,0,0,0,0,2026
3619,563,17,16,0,4,14,0,0,0,0,2026
3618,564,10,13,0,3,12,0,0,0,0,2026
3621,565,11,16,0,13,4,0,0,0,0,2026
3622,567,17,14,0,11,5,0,0,0,0,2026
3582,568,5,15,0,8,6,0,0,0,0,2026
3623,569,5,16,0,5,18,0,0,0,0,2026
3625,570,6,10,0,12,10,0,0,0,0,2026
3624,571,8,16,0,12,4,0,0,0,0,2026
3626,572,11,10,0,10,9,0,0,0,0,2026
3630,573,6,21,0,3,18,0,0,0,0,2026
3627,574,14,21,0,5,7,0,0,0,0,2026
3628,575,10,6,0,16,7,0,0,0,0,2026
3629,576,13,11,0,11,10,0,0,0,0,2026
3631,577,3,12,0,11,12,0,0,0,0,2026
3633,578,17,20,0,5,4,0,0,0,0,2026
3634,579,13,33,0,4,0,0,0,0,0,2026
3632,580,12,12,0,18,4,0,0,0,0,2026
3635,581,14,10,0,17,7,0,0,0,0,2026
3636,582,11,13,0,14,10,0,0,0,0,2026
3819,583,8,12,0,9,6,0,0,0,0,2026
3535,584,12,13,0,20,4,0,0,0,0,2026
3637,585,9,12,0,8,8,0,0,0,0,2026
3566,586,11,9,0,5,13,0,0,0,0,2026
3639,587,19,3,0,10,15,0,0,0,0,2026
3640,588,17,7,0,18,5,0,0,0,0,2026
3641,589,0,0,0,37,11,0,0,0,0,2026
3642,590,14,4,0,8,10,0,0,0,0,2026
3644,591,6,10,0,4,16,0,0,0,0,2026
3643,592,19,22,0,5,4,0,0,0,0,2026
3645,593,6,24,0,5,4,0,0,0,0,2026
3646,594,16,16,0,7,9,0,0,0,0,2026
3647,595,12,9,0,8,17,0,0,0,0,2026
3649,596,12,12,0,5,11,0,0,0,0,2026
3648,597,14,17,0,0,7,0,0,0,0,2026
3651,598,6,29,0,4,7,0,0,0,0,2026
3656,599,14,7,0,6,13,0,0,0,0,2026
3650,600,1,1,0,3,4,0,0,0,0,2026
3659,601,6,18,0,7,13,0,0,0,0,2026
3654,602,14,0,0,16,12,0,0,0,0,2026
3657,603,11,3,0,19,8,0,0,0,0,2026
3652,604,7,10,0,10,10,0,0,0,0,2026
3653,605,13,4,0,15,6,0,0,0,0,2026
3655,606,6,9,0,3,15,0,0,0,0,2026
3660,607,12,9,0,6,20,0,0,0,0,2026
3661,608,16,8,0,7,12,0,0,0,0,2026
3662,609,16,6,0,14,7,0,0,0,0,2026
3665,610,7,11,0,5,12,0,0,0,0,2026
3667,611,10,8,0,2,13,0,0,0,0,2026
3668,612,11,27,0,7,5,0,0,0,0,2026
3663,613,27,9,0,13,0,0,0,0,0,2026
3664,614,10,14,0,18,4,0,0,0,0,2026
3666,615,3,12,0,12,6,0,0,0,0,2026
3669,616,3,13,0,2,13,0,0,0,0,2026
3670,617,31,6,0,11,4,0,0,0,0,2026
3673,618,18,7,0,10,5,0,0,0,0,2026
3674,619,11,10,0,14,10,0,0,0,0,2026
3675,620,16,16,0,9,10,0,0,0,0,2026
3676,621,8,18,0,2,18,0,0,0,0,2026
3678,622,6,12,0,4,27,0,0,0,0,2026
3679,623,8,13,0,7,14,0,0,0,0,2026
3677,624,4,20,0,5,9,0,0,0,0,2026
3680,625,15,12,0,8,4,0,0,0,0,2026
3682,626,10,11,0,6,10,0,0,0,0,2026
3683,627,15,9,0,17,6,0,0,0,0,2026
3681,629,8,18,0,7,8,0,0,0,0,2026
3685,630,9,15,0,5,18,0,0,0,0,2026
3684,631,12,20,0,3,8,0,0,0,0,2026
3686,632,20,14,0,11,6,0,0,0,0,2026
3687,633,13,11,0,9,12,0,0,0,0,2026
3688,634,9,9,0,13,12,0,0,0,0,2026
3689,635,12,7,0,15,5,0,0,0,0,2026
3690,636,15,7,0,11,5,0,0,0,0,2026
3691,637,15,9,0,6,9,0,0,0,0,2026
3693,638,17,21,0,2,10,0,0,0,0,2026
3694,639,12,5,0,11,9,0,0,0,0,2026
3695,640,13,11,0,7,15,0,0,0,0,2026
3696,641,5,11,0,5,12,0,0,0,0,2026
3697,642,13,8,0,14,5,0,0,0,0,2026
3698,643,11,10,0,18,10,0,0,0,0,2026
3699,644,14,10,0,13,11,0,0,0,0,2026
3700,645,17,7,0,8,9,0,0,0,0,2026
3701,646,6,15,0,3,15,0,0,0,0,2026
3705,647,15,4,0,6,8,0,0,0,0,2026
3702,648,7,14,0,7,7,0,0,0,0,2026
3703,649,9,13,0,14,5,0,0,0,0,2026
3704,650,7,13,0,7,8,0,0,0,0,2026
3706,651,12,11,0,12,4,0,0,0,0,2026
3707,652,14,15,0,16,4,0,0,0,0,2026
3709,653,8,9,0,8,13,0,0,0,0,2026
3708,654,26,10,0,12,2,0,0,0,0,2026
3710,655,21,7,0,11,6,0,0,0,0,2026
3713,656,13,9,0,9,8,0,0,0,0,2026
3712,657,2,10,0,6,15,0,0,0,0,2026
3714,658,19,3,0,14,2,0,0,0,0,2026
3715,659,19,1,0,14,4,0,0,0,0,2026
3718,660,9,15,0,13,11,0,0,0,0,2026
3717,661,11,9,0,8,13,0,0,0,0,2026
3716,662,5,13,0,8,10,0,0,0,0,2026
3148,663,6,6,0,16,22,0,0,0,0,2026
3720,664,11,12,0,4,16,0,0,0,0,2026
3719,665,12,12,0,14,11,0,0,0,0,2026
3721,666,1,20,0,5,15,0,0,0,0,2026
3787,667,13,7,0,12,7,0,0,0,0,2026
3789,668,22,2,0,10,13,0,0,0,0,2026
3791,669,14,16,0,10,7,0,0,0,0,2026
3794,670,8,16,0,9,15,0,0,0,0,2026
3793,671,5,27,0,8,13,0,0,0,0,2026
3797,672,11,10,0,15,11,0,0,0,0,2026
3795,673,12,8,0,12,7,0,0,0,0,2026
3801,674,16,17,0,4,9,0,0,0,0,2026
3802,675,1,23,0,4,18,0,0,0,0,2026
3807,677,8,14,0,5,10,0,0,0,0,2026
3725,678,0,0,0,33,17,0,0,0,0,2026
3724,679,14,7,0,6,8,0,0,0,0,2026
3727,680,2,2,0,28,7,0,0,0,0,2026
3726,681,14,2,0,20,2,0,0,0,0,2026
3728,682,9,15,0,11,14,0,0,0,0,2026
3729,683,9,6,0,16,15,0,0,0,0,2026
3730,684,9,12,0,8,16,0,0,0,0,2026
3732,685,13,7,0,17,12,0,0,0,0,2026
3731,687,13,8,0,9,16,0,0,0,0,2026
3733,688,11,11,0,9,14,0,0,0,0,2026
3735,689,7,14,0,12,14,0,0,0,0,2026
3734,690,24,12,0,3,8,0,0,0,0,2026
3736,691,13,17,0,2,8,0,0,0,0,2026
3739,692,15,10,0,11,5,0,0,0,0,2026
3737,693,11,10,0,6,15,0,0,0,0,2026
3740,694,2,13,0,13,12,0,0,0,0,2026
3738,695,29,4,0,12,4,0,0,0,0,2026
3741,696,11,10,0,10,7,0,0,0,0,2026
3810,697,13,14,0,12,10,0,0,0,0,2026
3742,698,15,7,0,17,2,0,0,0,0,2026
3743,699,16,18,0,12,4,0,0,0,0,2026
3744,700,22,19,0,7,0,0,0,0,0,2026
3745,701,8,25,0,9,3,0,0,0,0,2026
3746,702,10,14,0,8,12,0,0,0,0,2026
3748,703,14,10,0,9,6,0,0,0,0,2026
3747,704,21,17,0,5,7,0,0,0,0,2026
3766,705,15,6,0,12,15,0,0,0,0,2026
3749,706,5,10,0,13,5,0,0,0,0,2026
3750,707,23,16,0,7,2,0,0,0,0,2026
3751,709,14,10,0,16,8,0,0,0,0,2026
3753,710,7,17,0,15,10,0,0,0,0,2026
3755,711,9,11,0,9,15,0,0,0,0,2026
3757,712,8,13,0,21,5,0,0,0,0,2026
3758,713,12,9,0,20,7,0,0,0,0,2026
3759,714,18,9,0,12,10,0,0,0,0,2026
3760,715,25,17,0,5,4,0,0,0,0,2026
3761,716,20,20,0,6,4,0,0,0,0,2026
3765,717,19,8,0,19,4,0,0,0,0,2026
3762,718,12,19,0,4,9,0,0,0,0,2026
3763,719,9,9,0,9,19,0,0,0,0,2026
3764,720,8,13,0,17,10,0,0,0,0,2026
3767,721,14,3,0,13,7,0,0,0,0,2026
3768,722,16,8,0,18,6,0,0,0,0,2026
3770,723,26,6,0,12,4,0,0,0,0,2026
3769,724,3,34,0,7,5,0,0,0,0,2026
3771,725,18,8,0,5,13,0,0,0,0,2026
3774,726,11,14,0,3,15,0,0,0,0,2026
3772,727,10,24,0,6,11,0,0,0,0,2026
3773,728,12,20,0,8,8,0,0,0,0,2026
3775,729,9,26,0,11,2,0,0,0,0,2026
3777,730,5,16,0,4,15,0,0,0,0,2026
3776,731,15,22,0,8,3,0,0,0,0,2026
3778,732,19,5,0,8,8,0,0,0,0,2026
3779,733,32,6,0,7,10,0,0,0,0,2026
3780,734,9,8,0,14,8,0,0,0,0,2026
3781,736,6,18,0,6,13,0,0,0,0,2026
3783,737,17,19,0,4,9,0,0,0,0,2026
3784,738,28,19,0,3,1,0,0,0,0,2026
3786,739,14,6,0,13,4,0,0,0,0,2026
3785,740,11,4,0,15,18,0,0,0,0,2026
3788,741,1,19,0,2,10,0,0,0,0,2026
3792,742,17,4,0,4,14,0,0,0,0,2026
3723,743,18,7,0,16,4,0,0,0,0,2026
3790,744,11,8,0,9,6,0,0,0,0,2026
3798,745,5,9,0,5,11,0,0,0,0,2026
3796,746,35,14,0,3,1,0,0,0,0,2026
3799,747,9,13,0,10,7,0,0,0,0,2026
3800,748,10,10,0,6,13,0,0,0,0,2026
3804,749,9,11,0,11,8,0,0,0,0,2026
3806,750,6,14,0,3,20,0,0,0,0,2026
3803,751,14,16,0,2,6,0,0,0,0,2026
3805,752,15,15,0,11,6,0,0,0,0,2026
3808,753,10,14,0,13,8,0,0,0,0,2026
3150,754,14,20,0,8,6,0,0,0,0,2026
3809,755,9,23,0,5,6,0,0,0,0,2026
3813,756,9,14,0,10,15,0,0,0,0,2026
3812,757,15,9,0,13,6,0,0,0,0,2026
3811,758,8,13,0,10,5,0,0,0,0,2026
3814,759,7,11,0,5,14,0,0,0,0,2026
3815,760,15,9,0,4,14,0,0,0,0,2026
3816,761,12,12,0,8,13,0,0,0,0,2026
3818,762,4,12,0,4,17,0,0,0,0,2026
3817,763,7,39,0,0,4,0,0,0,0,2026
3126,764,14,5,0,7,14,0,0,0,0,2026
3165,765,1,0,0,10,22,0,0,0,0,2026
3482,766,16,4,0,5,10,0,0,0,0,2026
3579,767,8,9,0,15,6,0,0,0,0,2026
3638,768,5,11,0,15,8,0,0,0,0,2026
3672,769,0,1,0,15,16,0,0,0,0,2026
3820,770,16,8,0,9,6,0,0,0,0,2026
3821,771,9,9,0,15,5,0,0,0,0,2026
3822,772,24,3,0,14,5,0,0,0,0,2026
3823,773,11,4,0,20,12,0,0,0,0,2026
3576,774,6,12,0,10,11,0,0,0,0,2026
3832,775,14,11,0,15,7,0,0,0,0,2026
3826,776,11,13,0,21,4,0,0,0,0,2026
3824,777,5,16,0,12,16,0,0,0,0,2026
3827,778,16,31,0,2,1,0,0,0,0,2026
3830,779,23,26,0,3,1,0,0,0,0,2026
3838,781,15,8,0,21,2,0,0,0,0,2026
3828,782,15,8,0,21,2,0,0,0,0,2026
3833,783,21,11,0,7,3,0,0,0,0,2026
3835,784,18,11,0,2,8,0,0,0,0,2026
3836,785,10,14,0,18,7,0,0,0,0,2026
3837,786,7,17,0,17,7,0,0,0,0,2026
3839,787,29,17,0,4,0,0,0,0,0,2026
3197,788,6,9,0,19,13,0,0,0,0,2026
3842,789,4,18,0,4,12,0,0,0,0,2026
3843,790,13,7,0,5,12,0,0,0,0,2026
3846,791,14,21,0,3,12,0,0,0,0,2026
3847,792,18,9,0,7,15,0,0,0,0,2026
3848,793,6,18,0,12,11,0,0,0,0,2026
3849,794,18,4,0,8,8,0,0,0,0,2026
3850,795,21,13,0,11,8,0,0,0,0,2026
3851,796,4,15,0,4,15,0,0,0,0,2026
3852,797,13,6,0,13,5,0,0,0,0,2026
3853,798,14,7,0,9,10,0,0,0,0,2026
3854,799,13,11,0,11,14,0,0,0,0,2026
3855,800,8,24,0,7,9,0,0,0,0,2026
3856,801,11,6,0,16,3,0,0,0,0,2026
3857,802,8,13,0,15,14,0,0,0,0,2026
3858,803,10,25,0,6,8,0,0,0,0,2026
3859,804,8,24,0,3,9,0,0,0,0,2026
3044,805,12,9,0,16,11,0,0,0,0,2026
3046,806,8,10,0,5,18,0,0,0,0,2026
3154,807,12,15,0,12,9,0,0,0,0,2026
3155,808,10,14,0,11,11,0,0,0,0,2026
3157,809,9,15,0,5,17,0,0,0,0,2026
3160,810,14,10,0,6,14,0,0,0,0,2026
3159,811,16,8,0,15,7,0,0,0,0,2026
3180,813,15,9,0,12,9,0,0,0,0,2026
3194,814,15,5,0,12,8,0,0,0,0,2026
3156,815,24,0,0,20,4,0,0,0,0,2026
3227,816,10,5,0,17,17,0,0,0,0,2026
3382,817,12,6,0,8,19,0,0,0,0,2026
3969,818,18,12,0,13,7,0,0,0,0,2026
3387,819,8,19,0,10,8,0,0,0,0,2026
3461,820,10,14,0,15,10,0,0,0,0,2026
3500,821,8,9,0,12,12,0,0,0,0,2026
3501,822,11,5,0,8,15,0,0,0,0,2026
3502,823,6,12,0,10,15,0,0,0,0,2026
3490,824,10,8,0,13,12,0,0,0,0,2026
3489,825,7,20,0,1,14,0,0,0,0,2026
3590,826,6,12,0,12,19,0,0,0,0,2026
3596,827,6,12,0,14,16,0,0,0,0,2026
3599,828,22,14,0,11,4,0,0,0,0,2026
3594,829,14,10,0,12,11,0,0,0,0,2026
3865,830,7,10,0,10,10,0,0,0,0,2026
3867,831,10,20,0,11,7,0,0,0,0,2026
3570,832,7,11,0,19,11,0,0,0,0,2026
3866,833,7,23,0,10,7,0,0,0,0,2026
3868,834,12,11,0,13,7,0,0,0,0,2026
3752,835,20,11,0,16,6,0,0,0,0,2026
3754,836,4,23,0,8,11,0,0,0,0,2026
3756,837,11,10,0,12,16,0,0,0,0,2026
3831,838,5,7,0,11,20,0,0,0,0,2026
3825,839,9,12,0,15,12,0,0,0,0,2026
3841,840,36,10,0,4,0,0,0,0,0,2026
3870,841,11,14,0,13,5,0,0,0,0,2026
3871,842,6,6,0,23,13,0,0,0,0,2026
3874,843,1,11,0,14,21,0,0,0,0,2026
3872,844,11,8,0,11,7,0,0,0,0,2026
3834,845,17,13,0,8,12,0,0,0,0,2026
3840,846,15,6,0,18,9,0,0,0,0,2026
3883,847,6,28,0,4,8,0,0,0,0,2026
3889,848,10,12,0,10,8,0,0,0,0,2026
3873,849,10,20,0,8,12,0,0,0,0,2026
3875,850,3,10,0,10,17,0,0,0,0,2026
3877,851,3,15,0,7,19,0,0,0,0,2026
3878,852,10,14,0,18,8,0,0,0,0,2026
3879,853,7,9,0,6,11,0,0,0,0,2026
3886,854,15,9,0,12,12,0,0,0,0,2026
3882,855,3,12,0,14,14,0,0,0,0,2026
3884,856,12,12,0,20,4,0,0,0,0,2026
3885,857,1,5,0,8,16,0,0,0,0,2026
3888,858,13,14,0,13,7,0,0,0,0,2026
3887,859,3,12,0,24,8,0,0,0,0,2026
3880,860,5,12,0,8,16,0,0,0,0,2026
3881,861,11,9,0,5,15,0,0,0,0,2026
3890,862,4,12,0,8,15,0,0,0,0,2026
3892,863,19,8,0,5,12,0,0,0,0,2026
3891,864,15,13,0,17,4,0,0,0,0,2026
3893,865,19,12,0,5,10,0,0,0,0,2026
3895,866,13,11,0,9,4,0,0,0,0,2026
3898,867,18,5,0,11,6,0,0,0,0,2026
3897,868,11,11,0,10,3,0,0,0,0,2026
3894,869,17,20,0,4,10,0,0,0,0,2026
3896,870,10,14,0,11,13,0,0,0,0,2026
3899,871,10,10,0,12,10,0,0,0,0,2026
3901,872,13,8,0,12,15,0,0,0,0,2026
3900,873,12,8,0,16,3,0,0,0,0,2026
3902,874,17,7,0,18,5,0,0,0,0,2026
3905,875,19,18,0,10,4,0,0,0,0,2026
3904,876,4,18,0,9,9,0,0,0,0,2026
3903,877,21,3,0,6,10,0,0,0,0,2026
3906,879,7,10,0,14,9,0,0,0,0,2026
3908,880,7,8,0,6,15,0,0,0,0,2026
3907,881,22,12,0,12,3,0,0,0,0,2026
3909,882,27,7,0,10,2,0,0,0,0,2026
3910,883,24,11,0,16,2,0,0,0,0,2026
3911,884,10,14,0,3,21,0,0,0,0,2026
3912,885,10,14,0,5,17,0,0,0,0,2026
3914,886,25,24,0,4,0,0,0,0,0,2026
3915,887,8,20,0,5,17,0,0,0,0,2026
3916,888,17,8,0,15,4,0,0,0,0,2026
3913,889,12,16,0,7,12,0,0,0,0,2026
3918,890,3,13,0,8,11,0,0,0,0,2026
3917,891,12,6,0,20,11,0,0,0,0,2026
3919,892,8,13,0,9,17,0,0,0,0,2026
3920,893,11,13,0,15,10,0,0,0,0,2026
3921,894,16,11,0,6,9,0,0,0,0,2026
3923,895,11,6,0,11,12,0,0,0,0,2026
3922,896,14,15,0,8,10,0,0,0,0,2026
3925,897,11,10,0,4,14,0,0,0,0,2026
3924,898,12,13,0,5,10,0,0,0,0,2026
3926,899,17,6,0,11,5,0,0,0,0,2026
3928,900,9,12,0,7,13,0,0,0,0,2026
3929,901,10,6,0,16,5,0,0,0,0,2026
3930,902,20,7,0,16,9,0,0,0,0,2026
3931,903,9,17,0,5,8,0,0,0,0,2026
3932,904,10,14,0,8,8,0,0,0,0,2026
3933,905,21,4,0,5,10,0,0,0,0,2026
3934,906,10,11,0,16,12,0,0,0,0,2026
3935,907,15,9,0,7,10,0,0,0,0,2026
3936,908,18,7,0,6,10,0,0,0,0,2026
3937,909,7,20,0,2,9,0,0,0,0,2026
3938,910,11,13,0,9,13,0,0,0,0,2026
3975,911,9,23,0,6,12,0,0,0,0,2026
3977,912,12,13,0,8,10,0,0,0,0,2026
3939,913,4,11,0,8,9,0,0,0,0,2026
3941,914,24,8,0,12,7,0,0,0,0,2026
3940,915,1,15,0,4,18,0,0,0,0,2026
3942,916,4,10,0,3,15,0,0,0,0,2026
3943,917,27,9,0,10,7,0,0,0,0,2026
3944,918,22,17,0,4,7,0,0,0,0,2026
3945,919,13,5,0,17,13,0,0,0,0,2026
3946,920,4,18,0,6,12,0,0,0,0,2026
3948,921,12,12,0,9,7,0,0,0,0,2026
3947,922,17,7,0,13,3,0,0,0,0,2026
3949,923,11,13,0,5,10,0,0,0,0,2026
3951,924,11,15,0,13,8,0,0,0,0,2026
3953,925,9,15,0,12,5,0,0,0,0,2026
3952,926,10,14,0,9,7,0,0,0,0,2026
3955,927,1,23,0,8,7,0,0,0,0,2026
3956,928,14,4,0,11,8,0,0,0,0,2026
3957,929,24,0,0,13,3,0,0,0,0,2026
3959,930,12,4,0,17,5,0,0,0,0,2026
3976,931,9,14,0,8,11,0,0,0,0,2026
3958,932,9,6,0,22,11,0,0,0,0,2026
3960,933,8,8,0,17,7,0,0,0,0,2026
3961,934,15,6,0,3,12,0,0,0,0,2026
3962,935,3,13,0,12,9,0,0,0,0,2026
3963,936,15,3,0,7,19,0,0,0,0,2026
3965,937,10,5,0,12,22,0,0,0,0,2026
3964,938,11,6,0,13,7,0,0,0,0,2026
3966,939,1,19,0,1,9,0,0,0,0,2026
3967,940,11,13,0,8,9,0,0,0,0,2026
3968,941,28,10,0,11,6,0,0,0,0,2026
3971,942,7,11,0,3,26,0,0,0,0,2026
3845,948,11,24,0,6,6,0,0,0,0,2026
3423,949,5,19,0,16,9,0,0,0,0,2026
3927,951,21,14,0,8,6,0,0,0,0,2026
3186,952,7,28,0,4,10,0,0,0,0,2026
3508,953,11,24,0,6,5,0,0,0,0,2026
3369,954,15,17,0,8,10,0,0,0,0,2026
3711,955,3,21,0,9,16,0,0,0,0,2026
3469,957,18,7,0,10,6,0,0,0,0,2026
3722,958,14,9,0,11,8,0,0,0,0,2026
3052,959,1,20,0,2,17,0,0,0,0,2026
4954,960,0,0,0,13,36,0,0,0,0,2026
4955,961,0,0,0,27,21,0,0,0,0,2026
3397,962,0,0,0,15,19,0,0,0,0,2026
3398,963,0,0,0,30,20,0,0,0,0,2026
4956,1000,0,0,0,12,38,0,0,0,0,2026
4957,1036,0,0,0,19,19,0,0,0,0,2026
4958,1055,0,0,0,7,41,0,0,0,0,2026
4959,1056,0,0,0,13,27,0,0,0,0,2026
4960,1057,0,0,0,9,37,0,0,0,0,2026
4961,1058,0,0,0,14,36,0,0,0,0,2026
4962,1059,0,0,0,20,19,0,0,0,0,2026
4963,1071,0,0,0,19,33,0,0,0,0,2026
4964,1072,0,0,0,16,21,0,0,0,0,2026
4965,1073,0,0,0,33,17,0,0,0,0,2026
4966,1074,0,0,0,6,29,0,0,0,0,2026
4967,1075,0,0,0,21,24,0,0,0,0,2026
4968,1076,0,0,0,21,19,0,0,0,0,2026
4969,1077,0,0,0,23,22,0,0,0,0,2026
4819,1085,16,8,0,23,2,0,0,0,0,2026
4604,1086,20,4,0,28,3,0,0,0,0,2026
4482,1087,19,10,0,19,8,0,0,0,0,2026
4566,1088,10,15,0,22,3,0,0,0,0,2026
4865,1089,18,6,0,26,3,0,0,0,0,2026
4737,1090,26,5,0,20,9,0,0,0,0,2026
4543,1091,17,9,0,20,9,0,0,0,0,2026
4297,1092,21,4,0,27,3,0,0,0,0,2026
4331,1093,10,0,0,16,17,0,0,0,0,2026
4262,1094,21,3,0,25,5,0,0,0,0,2026
4255,1095,17,7,0,30,2,0,0,0,0,2026
4010,1096,16,8,0,19,7,0,0,0,0,2026
4162,1097,11,15,0,12,13,0,0,0,0,2026
4207,1098,20,4,0,18,9,0,0,0,0,2026
4064,1099,16,2,0,27,11,0,0,0,0,2026
4072,1100,7,17,0,11,16,0,0,0,0,2026
4873,1101,18,9,0,18,8,0,0,0,0,2026
4424,1102,12,13,0,17,13,0,0,0,0,2026
4542,1103,18,7,0,13,13,0,0,0,0,2026
4103,1104,20,4,0,25,3,0,0,0,0,2026
4084,1105,15,3,0,25,13,0,0,0,0,2026
4448,1106,17,7,0,20,9,0,0,0,0,2026
4094,1107,24,3,0,13,10,0,0,0,0,2026
4093,1108,12,14,0,11,10,0,0,0,0,2026
4344,1109,18,12,0,15,9,0,0,0,0,2026
4314,1110,12,9,0,9,12,0,0,0,0,2026
4447,1111,26,3,0,8,16,0,0,0,0,2026
4347,1112,18,8,0,23,5,0,0,0,0,2026
4817,1113,21,3,0,29,2,0,0,0,0,2026
4358,1114,13,11,0,14,12,0,0,0,0,2026
4256,1115,21,5,0,9,14,0,0,0,0,2026
4288,1116,11,14,0,19,12,0,0,0,0,2026
4610,1117,21,4,0,19,7,0,0,0,0,2026
4101,1118,5,20,0,10,17,0,0,0,0,2026
4607,1119,16,8,0,21,6,0,0,0,0,2026
4808,1120,16,9,0,20,8,0,0,0,0,2026
4829,1121,11,16,0,4,19,0,0,0,0,2026
4210,1122,16,11,0,16,13,0,0,0,0,2026
4850,1123,10,13,0,25,6,0,0,0,0,2026
4764,1124,5,20,0,0,22,0,0,0,0,2026
4060,1125,11,14,0,14,16,0,0,0,0,2026
4372,1126,8,19,0,12,11,0,0,0,0,2026
4710,1127,4,9,0,15,20,0,0,0,0,2026
4645,1128,19,6,0,8,13,0,0,0,0,2026
4836,1129,10,15,0,22,7,0,0,0,0,2026
4129,1130,14,9,0,24,6,0,0,0,0,2026
4401,1131,5,13,0,21,15,0,0,0,0,2026
4806,1132,10,11,0,12,16,0,0,0,0,2026
4839,1133,11,18,0,9,15,0,0,0,0,2026
4687,1134,6,18,0,21,9,0,0,0,0,2026
4076,1135,10,4,0,10,17,0,0,0,0,2026
4283,1136,12,14,0,11,8,0,0,0,0,2026
4499,1137,7,18,0,9,18,0,0,0,0,2026
4505,1138,10,16,0,28,2,0,0,0,0,2026
4601,1139,14,14,0,12,13,0,0,0,0,2026
4218,1140,14,9,0,13,16,0,0,0,0,2026
4257,1141,14,13,0,19,6,0,0,0,0,2026
4552,1142,17,12,0,10,14,0,0,0,0,2026
4896,1143,19,8,0,18,4,0,0,0,0,2026
4150,1144,13,12,0,19,8,0,0,0,0,2026
4557,1145,5,22,0,3,12,0,0,0,0,2026
4970,1146,24,2,0,19,4,0,0,0,0,2026
4217,1147,23,3,0,10,17,0,0,0,0,2026
4343,1148,3,20,0,12,19,0,0,0,0,2026
4330,1149,3,21,0,17,10,0,0,0,0,2026
4008,1150,8,16,0,21,5,0,0,0,0,2026
4285,1151,13,12,0,24,5,0,0,0,0,2026
4851,1152,7,18,0,12,17,0,0,0,0,2026
4189,1153,18,10,0,13,12,0,0,0,0,2026
4816,1154,16,8,0,20,11,0,0,0,0,2026
4337,1155,12,5,0,24,13,0,0,0,0,2026
4109,1156,19,6,0,14,15,0,0,0,0,2026
4106,1157,19,9,0,10,15,0,0,0,0,2026
4593,1158,11,14,0,14,14,0,0,0,0,2026
4422,1159,13,12,0,24,5,0,0,0,0,2026
4097,1160,12,7,0,21,12,0,0,0,0,2026
4807,1161,16,9,0,26,1,0,0,0,0,2026
4776,1162,10,2,0,28,11,0,0,0,0,2026
4085,1163,5,22,0,6,13,0,0,0,0,2026
3988,1164,17,11,0,6,20,0,0,0,0,2026
4853,1165,9,10,0,20,11,0,0,0,0,2026
4805,1166,11,17,0,5,17,0,0,0,0,2026
4795,1167,12,14,0,9,14,0,0,0,0,2026
4702,1168,9,16,0,15,10,0,0,0,0,2026
4260,1169,16,12,0,18,6,0,0,0,0,2026
4037,1170,10,14,0,18,11,0,0,0,0,2026
3989,1171,10,8,0,14,11,0,0,0,0,2026
4911,1172,21,6,0,14,10,0,0,0,0,2026
4948,1173,14,4,0,17,14,0,0,0,0,2026
4427,1174,9,6,0,23,11,0,0,0,0,2026
4821,1175,4,23,0,8,14,0,0,0,0,2026
4151,1176,9,16,0,16,14,0,0,0,0,2026
4736,1177,18,10,0,4,18,0,0,0,0,2026
4425,1178,19,5,0,18,14,0,0,0,0,2026
4700,1179,14,7,0,12,22,0,0,0,0,2026
4802,1180,4,18,0,14,8,0,0,0,0,2026
4583,1181,11,7,0,12,16,0,0,0,0,2026
4809,1182,20,6,0,13,13,0,0,0,0,2026
3980,1183,4,14,0,3,27,0,0,0,0,2026
4263,1184,14,11,0,10,15,0,0,0,0,2026
4742,1185,19,9,0,9,18,0,0,0,0,2026
4648,1186,18,3,0,12,10,0,0,0,0,2026
4629,1187,12,13,0,21,7,0,0,0,0,2026
4898,1188,16,12,0,11,12,0,0,0,0,2026
4187,1189,14,11,0,11,11,0,0,0,0,2026
4180,1190,17,7,0,12,18,0,0,0,0,2026
4011,1191,11,13,0,27,3,0,0,0,0,2026
4203,1192,7,21,0,6,17,0,0,0,0,2026
4894,1193,12,9,0,21,13,0,0,0,0,2026
4373,1194,1,24,0,25,5,0,0,0,0,2026
4012,1195,16,9,0,26,1,0,0,0,0,2026
4781,1196,3,25,0,4,19,0,0,0,0,2026
4711,1197,6,18,0,13,12,0,0,0,0,2026
4184,1198,7,13,0,3,10,0,0,0,0,2026
4455,1199,0,9,0,15,24,0,0,0,0,2026
4457,1200,5,19,0,14,10,0,0,0,0,2026
4649,1201,18,6,0,11,12,0,0,0,0,2026
4602,1202,18,10,0,18,8,0,0,0,0,2026
4052,1203,17,9,0,4,18,0,0,0,0,2026
4734,1204,6,12,0,18,20,0,0,0,0,2026
4279,1205,9,10,0,22,13,0,0,0,0,2026
4368,1206,14,10,0,20,8,0,0,0,0,2026
4581,1207,18,7,0,7,9,0,0,0,0,2026
4426,1208,19,6,0,25,5,0,0,0,0,2026
4642,1209,4,13,0,10,19,0,0,0,0,2026
4815,1210,19,6,0,11,4,0,0,0,0,2026
4053,1211,10,5,0,7,19,0,0,0,0,2026
4771,1212,13,10,0,10,16,0,0,0,0,2026
4749,1213,6,13,0,14,16,0,0,0,0,2026
4081,1214,15,9,0,9,10,0,0,0,0,2026
4705,1215,8,4,0,17,19,0,0,0,0,2026
4880,1216,4,13,0,10,29,0,0,0,0,2026
4456,1217,0,0,0,10,8,0,0,0,0,2026
3983,1218,21,6,0,10,17,0,0,0,0,2026
4804,1219,2,25,0,0,13,0,0,0,0,2026
4176,1220,8,13,0,13,9,0,0,0,0,2026
4786,1221,19,6,0,17,6,0,0,0,0,2026
4484,1222,12,13,0,22,6,0,0,0,0,2026
4346,1223,4,14,0,3,26,0,0,0,0,2026
4537,1224,15,2,0,19,8,0,0,0,0,2026
4589,1225,17,9,0,12,12,0,0,0,0,2026
4353,1227,9,15,0,23,8,0,0,0,0,2026
4032,1228,10,17,0,13,8,0,0,0,0,2026
4472,1229,21,9,0,17,10,0,0,0,0,2026
4813,1230,12,7,0,12,15,0,0,0,0,2026
4563,1231,7,17,0,20,9,0,0,0,0,2026
4669,1232,14,13,0,11,11,0,0,0,0,2026
4354,1233,20,10,0,5,12,0,0,0,0,2026
4475,1234,8,13,0,12,16,0,0,0,0,2026
4741,1235,21,6,0,12,9,0,0,0,0,2026
4104,1236,4,23,0,2,15,0,0,0,0,2026
4944,1237,7,14,0,10,14,0,0,0,0,2026
4768,1238,14,12,0,11,12,0,0,0,0,2026
4230,1239,12,14,0,6,19,0,0,0,0,2026
4704,1240,7,18,0,8,15,0,0,0,0,2026
4095,1241,9,18,0,5,14,0,0,0,0,2026
4174,1242,7,3,0,1,23,0,0,0,0,2026
4504,1243,8,18,0,26,5,0,0,0,0,2026
4556,1244,19,12,0,12,11,0,0,0,0,2026
4596,1245,9,11,0,16,13,0,0,0,0,2026
4701,1246,3,9,0,15,21,0,0,0,0,2026
4027,1247,14,13,0,16,11,0,0,0,0,2026
4568,1248,15,13,0,17,12,0,0,0,0,2026
4567,1249,17,4,0,22,13,0,0,0,0,2026
4525,1250,2,8,0,13,19,0,0,0,0,2026
4191,1251,6,3,0,20,15,0,0,0,0,2026
4419,1253,21,3,0,2,27,0,0,0,0,2026
4862,1254,8,16,0,6,23,0,0,0,0,2026
4574,1255,13,13,0,25,7,0,0,0,0,2026
4163,1256,12,9,0,8,12,0,0,0,0,2026
4075,1257,11,9,0,9,13,0,0,0,0,2026
4339,1258,17,12,0,11,8,0,0,0,0,2026
4423,1259,16,13,0,14,11,0,0,0,0,2026
4172,1260,18,6,0,10,19,0,0,0,0,2026
4673,1261,12,8,0,16,9,0,0,0,0,2026
4930,1262,15,11,0,16,7,0,0,0,0,2026
4732,1263,12,6,0,21,15,0,0,0,0,2026
4719,1264,15,12,0,10,8,0,0,0,0,2026
4626,1265,8,13,0,9,14,0,0,0,0,2026
4157,1266,13,5,0,14,19,0,0,0,0,2026
4518,1267,12,8,0,10,24,0,0,0,0,2026
4420,1268,7,10,0,14,22,0,0,0,0,2026
4041,1269,21,5,0,16,6,0,0,0,0,2026
4317,1270,21,6,0,8,12,0,0,0,0,2026
4582,1271,17,11,0,12,12,0,0,0,0,2026
4488,1272,7,20,0,14,10,0,0,0,0,2026
4578,1273,15,13,0,13,14,0,0,0,0,2026
4356,1274,24,3,0,18,10,0,0,0,0,2026
4560,1275,19,8,0,17,7,0,0,0,0,2026
4348,1276,10,15,0,12,13,0,0,0,0,2026
4409,1277,19,9,0,8,18,0,0,0,0,2026
4128,1278,22,5,0,4,12,0,0,0,0,2026
4580,1279,10,8,0,14,19,0,0,0,0,2026
4275,1280,5,16,0,8,23,0,0,0,0,2026
4258,1281,15,12,0,6,21,0,0,0,0,2026
4512,1282,9,16,0,19,13,0,0,0,0,2026
4110,1283,11,15,0,6,12,0,0,0,0,2026
4699,1284,13,15,0,16,12,0,0,0,0,2026
4352,1285,7,17,0,20,10,0,0,0,0,2026
4332,1286,8,19,0,3,17,0,0,0,0,2026
4748,1287,19,7,0,14,7,0,0,0,0,2026
4549,1288,14,12,0,13,13,0,0,0,0,2026
4657,1289,16,12,0,5,7,0,0,0,0,2026
4658,1290,10,8,0,13,17,0,0,0,0,2026
4287,1291,11,14,0,13,15,0,0,0,0,2026
4744,1292,14,10,0,19,13,0,0,0,0,2026
4126,1293,16,6,0,18,12,0,0,0,0,2026
4428,1294,18,6,0,8,16,0,0,0,0,2026
3985,1295,7,20,0,12,11,0,0,0,0,2026
4509,1296,10,17,0,12,11,0,0,0,0,2026
4766,1297,9,15,0,23,8,0,0,0,0,2026
4652,1298,11,14,0,23,6,0,0,0,0,2026
4391,1299,19,11,0,14,11,0,0,0,0,2026
4065,1300,8,20,0,8,17,0,0,0,0,2026
4811,1301,8,21,0,6,18,0,0,0,0,2026
4562,1302,2,7,0,6,33,0,0,0,0,2026
4020,1303,6,20,0,21,7,0,0,0,0,2026
4735,1304,21,6,0,19,9,0,0,0,0,2026
4138,1305,15,10,0,12,18,0,0,0,0,2026
4326,1306,4,14,0,6,20,0,0,0,0,2026
4926,1307,13,4,0,15,17,0,0,0,0,2026
3984,1308,19,5,0,28,1,0,0,0,0,2026
4564,1309,18,6,0,13,11,0,0,0,0,2026
4243,1310,19,7,0,8,15,0,0,0,0,2026
4688,1311,16,11,0,6,18,0,0,0,0,2026
4080,1312,10,17,0,14,15,0,0,0,0,2026
4242,1313,12,17,0,9,13,0,0,0,0,2026
4351,1314,18,10,0,6,14,0,0,0,0,2026
4418,1315,18,11,0,12,11,0,0,0,0,2026
4727,1316,13,11,0,16,14,0,0,0,0,2026
4468,1317,9,10,0,16,15,0,0,0,0,2026
4282,1318,10,14,0,16,11,0,0,0,0,2026
4307,1319,4,20,0,6,13,0,0,0,0,2026
4485,1320,3,20,0,14,14,0,0,0,0,2026
4864,1321,14,10,0,24,2,0,0,0,0,2026
4513,1322,6,13,0,10,19,0,0,0,0,2026
4617,1323,6,10,0,12,24,0,0,0,0,2026
4061,1324,3,21,0,10,17,0,0,0,0,2026
4790,1325,18,6,0,15,14,0,0,0,0,2026
4830,1326,8,16,0,17,10,0,0,0,0,2026
3987,1327,8,20,0,13,13,0,0,0,0,2026
4633,1328,8,17,0,17,10,0,0,0,0,2026
4666,1329,9,15,0,12,11,0,0,0,0,2026
4843,1330,12,6,0,20,17,0,0,0,0,2026
4131,1331,16,12,0,9,11,0,0,0,0,2026
4290,1332,4,20,0,21,11,0,0,0,0,2026
4588,1333,13,16,0,11,13,0,0,0,0,2026
4357,1334,17,8,0,16,11,0,0,0,0,2026
4520,1335,10,14,0,10,17,0,0,0,0,2026
4206,1336,11,13,0,11,10,0,0,0,0,2026
4897,1337,9,18,0,5,14,0,0,0,0,2026
4102,1338,18,10,0,11,13,0,0,0,0,2026
4342,1339,10,18,0,11,14,0,0,0,0,2026
4728,1340,7,18,0,23,8,0,0,0,0,2026
4324,1341,21,3,0,8,18,0,0,0,0,2026
4415,1342,6,18,0,7,20,0,0,0,0,2026
4733,1343,8,11,0,9,22,0,0,0,0,2026
4077,1344,6,12,0,3,23,0,0,0,0,2026
4213,1345,8,13,0,13,15,0,0,0,0,2026
4089,1346,8,19,0,2,21,0,0,0,0,2026
4295,1347,9,19,0,5,9,0,0,0,0,2026
4646,1348,8,11,0,12,20,0,0,0,0,2026
4949,1349,4,14,0,6,27,0,0,0,0,2026
4573,1350,11,8,0,16,15,0,0,0,0,2026
4465,1351,10,17,0,9,13,0,0,0,0,2026
4441,1352,10,20,0,5,17,0,0,0,0,2026
4284,1353,9,15,0,7,11,0,0,0,0,2026
4789,1354,14,16,0,16,10,0,0,0,0,2026
4534,1355,18,9,0,9,12,0,0,0,0,2026
4611,1356,0,0,0,19,31,0,0,0,0,2026
4195,1357,8,16,0,12,14,0,0,0,0,2026
4939,1358,10,11,0,23,6,0,0,0,0,2026
4015,1359,11,17,0,3,15,0,0,0,0,2026
4371,1360,3,24,0,4,19,0,0,0,0,2026
4929,1361,9,10,0,6,19,0,0,0,0,2026
3994,1362,7,24,0,8,10,0,0,0,0,2026
4856,1363,10,17,0,12,13,0,0,0,0,2026
4731,1364,5,4,0,18,15,0,0,0,0,2026
4524,1365,6,21,0,1,17,0,0,0,0,2026
4868,1366,14,10,0,5,16,0,0,0,0,2026
4561,1367,5,19,0,15,14,0,0,0,0,2026
4245,1368,13,13,0,7,19,0,0,0,0,2026
4066,1369,6,20,0,14,9,0,0,0,0,2026
4532,1370,15,12,0,5,16,0,0,0,0,2026
4479,1371,10,16,0,2,13,0,0,0,0,2026
4559,1372,7,7,0,15,13,0,0,0,0,2026
4572,1373,5,12,0,22,12,0,0,0,0,2026
4822,1374,12,17,0,12,16,0,0,0,0,2026
4506,1375,0,32,0,1,6,0,0,0,0,2026
4473,1376,6,22,0,12,17,0,0,0,0,2026
4198,1377,7,12,0,8,18,0,0,0,0,2026
4435,1378,3,15,0,9,20,0,0,0,0,2026
4386,1379,7,11,0,9,23,0,0,0,0,2026
4760,1380,6,17,0,3,27,0,0,0,0,2026
3990,1381,20,7,0,14,4,0,0,0,0,2026
4156,1382,42,2,0,10,2,0,0,0,0,2026
4576,1383,20,10,0,11,11,0,0,0,0,2026
4712,1384,18,12,0,6,12,0,0,0,0,2026
4483,1385,30,16,0,5,3,0,0,0,0,2026
4234,1386,4,24,0,0,20,0,0,0,0,2026
4019,1387,25,9,0,17,0,0,0,0,0,2026
4866,1388,1,1,0,7,18,0,0,0,0,2026
4159,1389,27,17,0,1,7,0,0,0,0,2026
4632,1390,17,7,0,28,1,0,0,0,0,2026
4919,1391,14,8,0,8,18,0,0,0,0,2026
4891,1392,36,4,0,10,2,0,0,0,0,2026
4024,1393,19,11,0,8,15,0,0,0,0,2026
4888,1394,25,8,0,15,2,0,0,0,0,2026
4950,1395,25,6,0,18,8,0,0,0,0,2026
4171,1396,20,14,0,9,10,0,0,0,0,2026
4503,1397,19,14,0,10,7,0,0,0,0,2026
4528,1398,21,14,0,10,11,0,0,0,0,2026
4575,1399,19,5,0,23,3,0,0,0,0,2026
4118,1400,18,6,0,21,4,0,0,0,0,2026
4277,1401,12,16,0,7,7,0,0,0,0,2026
4349,1402,27,7,0,9,10,0,0,0,0,2026
4823,1403,33,7,0,8,4,0,0,0,0,2026
4717,1404,26,12,0,9,4,0,0,0,0,2026
4924,1405,26,4,0,21,4,0,0,0,0,2026
4144,1406,0,2,0,26,9,0,0,0,0,2026
4083,1407,17,3,0,10,14,0,0,0,0,2026
4057,1408,3,1,0,18,22,0,0,0,0,2026
4399,1409,12,21,0,9,13,0,0,0,0,2026
3986,1410,18,16,0,16,5,0,0,0,0,2026
4842,1411,8,14,0,14,14,0,0,0,0,2026
4404,1412,21,3,0,18,8,0,0,0,0,2026
4664,1413,15,30,0,0,5,0,0,0,0,2026
4164,1414,17,7,0,16,13,0,0,0,0,2026
4394,1415,3,18,0,3,7,0,0,0,0,2026
4120,1416,11,13,0,15,12,0,0,0,0,2026
4746,1417,17,16,0,10,12,0,0,0,0,2026
4286,1418,14,10,0,14,9,0,0,0,0,2026
4945,1419,24,7,0,8,10,0,0,0,0,2026
4246,1420,24,5,0,12,6,0,0,0,0,2026
4289,1421,5,19,0,14,14,0,0,0,0,2026
4393,1422,16,8,0,16,10,0,0,0,0,2026
4495,1423,23,11,0,10,10,0,0,0,0,2026
4555,1424,7,15,0,9,11,0,0,0,0,2026
4410,1425,14,10,0,8,12,0,0,0,0,2026
4268,1426,28,6,0,16,5,0,0,0,0,2026
4237,1427,14,10,0,14,7,0,0,0,0,2026
4132,1428,18,6,0,23,6,0,0,0,0,2026
4772,1429,27,0,0,15,2,0,0,0,0,2026
4855,1430,16,17,0,8,8,0,0,0,0,2026
4220,1431,16,24,0,4,3,0,0,0,0,2026
4584,1432,13,20,0,8,7,0,0,0,0,2026
4096,1433,10,20,0,11,9,0,0,0,0,2026
4379,1434,17,14,0,14,12,0,0,0,0,2026
4212,1435,22,11,0,12,6,0,0,0,0,2026
4595,1436,13,14,0,14,8,0,0,0,0,2026
4831,1437,15,18,0,4,0,0,0,0,0,2026
4274,1438,18,11,0,17,3,0,0,0,0,2026
4254,1439,8,16,0,6,19,0,0,0,0,2026
4923,1440,12,13,0,15,7,0,0,0,0,2026
4154,1441,2,20,0,8,10,0,0,0,0,2026
4161,1442,22,25,0,4,3,0,0,0,0,2026
4350,1443,28,1,0,26,2,0,0,0,0,2026
4449,1444,12,12,0,19,5,0,0,0,0,2026
4872,1445,13,12,0,23,6,0,0,0,0,2026
4086,1447,14,15,0,5,13,0,0,0,0,2026
4252,1448,22,6,0,17,6,0,0,0,0,2026
4040,1449,17,12,0,8,10,0,0,0,0,2026
4311,1450,22,11,0,5,11,0,0,0,0,2026
4429,1451,24,16,0,4,6,0,0,0,0,2026
4886,1452,19,15,0,10,8,0,0,0,0,2026
4091,1453,18,15,0,18,5,0,0,0,0,2026
4205,1454,14,14,0,11,14,0,0,0,0,2026
4272,1455,30,6,0,10,2,0,0,0,0,2026
4005,1456,19,6,0,17,5,0,0,0,0,2026
4063,1457,9,0,0,12,19,0,0,0,0,2026
4922,1458,4,5,0,4,13,0,0,0,0,2026
4439,1459,10,14,0,15,5,0,0,0,0,2026
4173,1460,12,21,0,4,17,0,0,0,0,2026
4889,1461,9,20,0,6,20,0,0,0,0,2026
4476,1462,13,7,0,11,9,0,0,0,0,2026
4477,1463,8,16,0,1,18,0,0,0,0,2026
4294,1464,12,11,0,8,9,0,0,0,0,2026
4510,1465,20,4,0,25,3,0,0,0,0,2026
4100,1466,28,4,0,19,2,0,0,0,0,2026
4586,1467,10,15,0,21,6,0,0,0,0,2026
4653,1468,13,15,0,14,10,0,0,0,0,2026
4382,1469,23,10,0,11,9,0,0,0,0,2026
4877,1470,9,19,0,8,13,0,0,0,0,2026
4754,1471,8,20,0,11,15,0,0,0,0,2026
4058,1472,17,17,0,9,3,0,0,0,0,2026
4498,1473,15,18,0,15,6,0,0,0,0,2026
4522,1474,20,13,0,19,1,0,0,0,0,2026
4788,1475,8,12,0,5,9,0,0,0,0,2026
4266,1476,17,13,0,6,14,0,0,0,0,2026
4616,1478,17,20,0,10,6,0,0,0,0,2026
4738,1479,15,17,0,8,10,0,0,0,0,2026
4887,1480,25,9,0,15,3,0,0,0,0,2026
4514,1481,19,10,0,7,15,0,0,0,0,2026
4774,1482,22,16,0,8,5,0,0,0,0,2026
4689,1483,23,5,0,11,9,0,0,0,0,2026
4460,1484,15,14,0,10,10,0,0,0,0,2026
4296,1485,17,11,0,10,12,0,0,0,0,2026
4491,1486,9,25,0,12,6,0,0,0,0,2026
4264,1487,14,30,0,1,9,0,0,0,0,2026
4516,1488,7,13,0,10,20,0,0,0,0,2026
4160,1489,34,10,0,4,6,0,0,0,0,2026
4828,1490,22,6,0,12,8,0,0,0,0,2026
4751,1491,25,7,0,12,7,0,0,0,0,2026
4803,1492,19,8,0,13,3,0,0,0,0,2026
4322,1493,20,9,0,12,11,0,0,0,0,2026
4845,1494,10,22,0,7,8,0,0,0,0,2026
4679,1495,14,10,0,20,8,0,0,0,0,2026
4146,1496,12,17,0,6,8,0,0,0,0,2026
4470,1497,22,7,0,19,5,0,0,0,0,2026
4226,1498,2,8,0,0,13,0,0,0,0,2026
4605,1499,26,7,0,14,6,0,0,0,0,2026
4812,1500,27,13,0,5,5,0,0,0,0,2026
4902,1501,22,11,0,8,8,0,0,0,0,2026
4783,1502,18,2,0,12,10,0,0,0,0,2026
4599,1503,20,7,0,9,15,0,0,0,0,2026
4055,1504,21,23,0,3,8,0,0,0,0,2026
4729,1505,12,14,0,16,11,0,0,0,0,2026
4757,1506,24,3,0,8,20,0,0,0,0,2026
4165,1507,15,16,0,11,9,0,0,0,0,2026
4501,1508,20,13,0,14,8,0,0,0,0,2026
4320,1509,16,18,0,10,9,0,0,0,0,2026
4680,1510,15,12,0,12,3,0,0,0,0,2026
4932,1511,14,14,0,11,13,0,0,0,0,2026
4739,1512,26,6,0,17,1,0,0,0,0,2026
4029,1513,10,18,0,13,11,0,0,0,0,2026
4108,1514,20,20,0,8,5,0,0,0,0,2026
4192,1515,7,26,0,6,11,0,0,0,0,2026
4006,1516,33,8,0,10,4,0,0,0,0,2026
4069,1517,13,5,0,15,13,0,0,0,0,2026
4341,1518,16,13,0,16,6,0,0,0,0,2026
4408,1519,10,16,0,11,13,0,0,0,0,2026
4893,1520,9,21,0,8,12,0,0,0,0,2026
4142,1521,7,26,0,5,8,0,0,0,0,2026
4018,1522,22,15,0,5,10,0,0,0,0,2026
4374,1523,3,19,0,0,8,0,0,0,0,2026
3979,1524,13,31,0,1,9,0,0,0,0,2026
4034,1525,10,19,0,12,10,0,0,0,0,2026
4186,1526,10,21,0,4,19,0,0,0,0,2026
4232,1527,7,20,0,15,5,0,0,0,0,2026
4569,1528,20,9,0,13,9,0,0,0,0,2026
4248,1531,10,2,0,9,17,0,0,0,0,2026
4265,1532,5,19,0,14,11,0,0,0,0,2026
4870,1533,6,18,0,7,9,0,0,0,0,2026
4223,1534,4,24,0,2,16,0,0,0,0,2026
4496,1535,7,24,0,2,20,0,0,0,0,2026
4135,1536,6,38,0,0,9,0,0,0,0,2026
4725,1537,20,14,0,6,5,0,0,0,0,2026
4773,1538,18,9,0,15,8,0,0,0,0,2026
4292,1539,25,6,0,15,7,0,0,0,0,2026
4840,1540,23,3,0,10,5,0,0,0,0,2026
4755,1541,8,25,0,6,11,0,0,0,0,2026
4158,1542,26,18,0,6,3,0,0,0,0,2026
4519,1543,5,23,0,2,19,0,0,0,0,2026
4837,1544,13,16,0,7,16,0,0,0,0,2026
4511,1545,11,14,0,21,4,0,0,0,0,2026
4707,1546,16,11,0,11,7,0,0,0,0,2026
4554,1547,4,20,0,6,22,0,0,0,0,2026
4168,1548,25,5,0,17,9,0,0,0,0,2026
4762,1549,30,4,0,14,8,0,0,0,0,2026
4722,1550,16,15,0,12,13,0,0,0,0,2026
4721,1551,13,17,0,2,14,0,0,0,0,2026
4185,1552,11,17,0,4,18,0,0,0,0,2026
4250,1553,21,7,0,14,11,0,0,0,0,2026
4002,1554,10,26,0,4,8,0,0,0,0,2026
4182,1555,10,10,0,10,8,0,0,0,0,2026
4417,1556,21,15,0,8,6,0,0,0,0,2026
4098,1557,10,20,0,11,5,0,0,0,0,2026
4696,1558,0,2,0,19,32,0,0,0,0,2026
4054,1559,24,7,0,13,13,0,0,0,0,2026
4201,1560,2,16,0,1,17,0,0,0,0,2026
4585,1561,23,10,0,11,7,0,0,0,0,2026
4259,1562,17,12,0,14,5,0,0,0,0,2026
4240,1563,11,18,0,2,12,0,0,0,0,2026
3978,1564,28,9,0,6,10,0,0,0,0,2026
4022,1565,9,15,0,14,13,0,0,0,0,2026
4747,1566,23,13,0,8,6,0,0,0,0,2026
4654,1567,4,16,0,6,13,0,0,0,0,2026
4606,1568,30,10,0,9,3,0,0,0,0,2026
4043,1569,4,30,0,6,13,0,0,0,0,2026
4591,1570,16,11,0,7,11,0,0,0,0,2026
4587,1571,7,26,0,8,12,0,0,0,0,2026
4825,1572,10,15,0,10,10,0,0,0,0,2026
4099,1573,16,14,0,9,12,0,0,0,0,2026
4136,1574,6,20,0,3,14,0,0,0,0,2026
4365,1575,2,7,0,6,27,0,0,0,0,2026
4375,1576,2,22,0,3,14,0,0,0,0,2026
4249,1577,17,6,0,8,16,0,0,0,0,2026
4890,1578,14,15,0,8,15,0,0,0,0,2026
4033,1579,11,16,0,13,12,0,0,0,0,2026
4147,1580,12,12,0,9,7,0,0,0,0,2026
4400,1581,4,23,0,6,10,0,0,0,0,2026
4013,1582,10,23,0,7,9,0,0,0,0,2026
4753,1583,21,16,0,11,9,0,0,0,0,2026
4863,1584,7,15,0,18,6,0,0,0,0,2026
4432,1585,5,22,0,7,9,0,0,0,0,2026
4211,1586,10,23,0,8,12,0,0,0,0,2026
4200,1587,12,14,0,14,10,0,0,0,0,2026
4088,1588,15,18,0,17,4,0,0,0,0,2026
4412,1589,1,5,0,11,22,0,0,0,0,2026
4636,1590,10,22,0,6,5,0,0,0,0,2026
4740,1591,14,22,0,7,3,0,0,0,0,2026
4778,1592,8,27,0,4,8,0,0,0,0,2026
4092,1593,20,12,0,18,2,0,0,0,0,2026
4315,1594,16,12,0,10,5,0,0,0,0,2026
4901,1595,17,15,0,7,12,0,0,0,0,2026
4014,1596,27,6,0,13,7,0,0,0,0,2026
4759,1597,16,21,0,8,8,0,0,0,0,2026
4140,1598,20,13,0,12,7,0,0,0,0,2026
4703,1599,11,19,0,11,10,0,0,0,0,2026
4540,1600,5,19,0,11,18,0,0,0,0,2026
4090,1601,13,19,0,6,6,0,0,0,0,2026
4846,1602,1,25,0,5,19,0,0,0,0,2026
4017,1603,21,8,0,11,9,0,0,0,0,2026
4046,1604,14,23,0,5,11,0,0,0,0,2026
4716,1605,20,15,0,4,7,0,0,0,0,2026
4900,1606,21,20,0,4,6,0,0,0,0,2026
4497,1607,8,22,0,7,19,0,0,0,0,2026
4507,1608,23,6,0,13,9,0,0,0,0,2026
4915,1611,12,16,0,9,13,0,0,0,0,2026
4810,1612,9,32,0,4,8,0,0,0,0,2026
4325,1614,14,10,0,5,15,0,0,0,0,2026
4550,1615,17,27,0,2,10,0,0,0,0,2026
4867,1616,9,2,0,6,21,0,0,0,0,2026
4443,1617,3,30,0,3,4,0,0,0,0,2026
4451,1618,4,29,0,9,10,0,0,0,0,2026
4261,1619,5,21,0,6,10,0,0,0,0,2026
4044,1620,6,18,0,7,14,0,0,0,0,2026
4490,1621,16,11,0,9,15,0,0,0,0,2026
4848,1622,10,16,0,10,10,0,0,0,0,2026
4677,1623,18,10,0,13,8,0,0,0,0,2026
4316,1624,4,24,0,4,12,0,0,0,0,2026
4818,1625,24,17,0,6,8,0,0,0,0,2026
4644,1626,7,14,0,3,19,0,0,0,0,2026
4123,1627,10,16,0,8,18,0,0,0,0,2026
4130,1628,14,10,0,19,7,0,0,0,0,2026
4908,1629,5,22,0,6,18,0,0,0,0,2026
4411,1630,9,20,0,14,4,0,0,0,0,2026
4614,1631,14,20,0,6,11,0,0,0,0,2026
4403,1632,8,16,0,0,10,0,0,0,0,2026
4222,1633,20,7,0,12,4,0,0,0,0,2026
4133,1634,8,21,0,5,12,0,0,0,0,2026
4892,1635,13,18,0,11,9,0,0,0,0,2026
4763,1636,12,28,0,3,8,0,0,0,0,2026
4878,1637,21,9,0,20,4,0,0,0,0,2026
4579,1638,13,12,0,16,10,0,0,0,0,2026
4656,1639,4,24,0,4,20,0,0,0,0,2026
4718,1640,7,21,0,6,15,0,0,0,0,2026
4139,1641,1,15,0,4,10,0,0,0,0,2026
4714,1642,6,7,0,2,20,0,0,0,0,2026
4489,1643,6,34,0,2,8,0,0,0,0,2026
4388,1644,2,22,0,1,11,0,0,0,0,2026
4849,1645,9,29,0,9,2,0,0,0,0,2026
4620,1646,10,17,0,10,11,0,0,0,0,2026
4546,1647,8,16,0,2,19,0,0,0,0,2026
4416,1648,1,12,0,10,9,0,0,0,0,2026
4215,1649,11,1,0,23,3,0,0,0,0,2026
4640,1650,6,16,0,9,5,0,0,0,0,2026
4442,1651,18,0,0,14,8,0,0,0,0,2026
4048,1652,9,9,0,17,3,0,0,0,0,2026
4389,1653,12,4,0,10,8,0,0,0,0,2026
4299,1654,13,3,0,15,7,0,0,0,0,2026
4335,1655,15,5,0,16,5,0,0,0,0,2026
4833,1656,15,2,0,15,1,0,0,0,0,2026
4026,1657,16,8,0,10,6,0,0,0,0,2026
4630,1658,21,2,0,15,7,0,0,0,0,2026
4590,1659,16,2,0,11,11,0,0,0,0,2026
4814,1660,30,2,0,8,2,0,0,0,0,2026
4414,1661,25,6,0,12,0,0,0,0,0,2026
4533,1662,15,1,0,14,4,0,0,0,0,2026
4390,1663,16,8,0,8,7,0,0,0,0,2026
4362,1664,8,2,0,7,18,0,0,0,0,2026
4170,1665,18,6,0,9,7,0,0,0,0,2026
4697,1666,3,1,0,21,13,0,0,0,0,2026
4938,1667,12,6,0,12,8,0,0,0,0,2026
4340,1668,15,1,0,10,12,0,0,0,0,2026
4300,1669,5,11,0,5,19,0,0,0,0,2026
4758,1670,15,7,0,11,6,0,0,0,0,2026
4767,1671,12,7,0,8,8,0,0,0,0,2026
4765,1672,18,4,0,9,7,0,0,0,0,2026
4662,1673,22,1,0,13,3,0,0,0,0,2026
4045,1674,18,6,0,14,2,0,0,0,0,2026
4247,1675,15,3,0,10,12,0,0,0,0,2026
4177,1676,13,5,0,9,10,0,0,0,0,2026
4634,1677,10,8,0,3,14,0,0,0,0,2026
4238,1678,12,2,0,12,8,0,0,0,0,2026
4921,1679,19,1,0,11,8,0,0,0,0,2026
4943,1680,11,3,0,12,11,0,0,0,0,2026
4869,1681,23,0,0,20,0,0,0,0,0,2026
4775,1682,20,2,0,15,3,0,0,0,0,2026
4050,1683,16,2,0,13,7,0,0,0,0,2026
4784,1684,28,5,0,2,5,0,0,0,0,2026
4480,1685,17,2,0,12,13,0,0,0,0,2026
4062,1686,11,7,0,16,1,0,0,0,0,2026
4202,1687,19,5,0,6,10,0,0,0,0,2026
4723,1688,13,3,0,19,2,0,0,0,0,2026
4661,1689,13,9,0,13,7,0,0,0,0,2026
4196,1690,11,3,0,13,11,0,0,0,0,2026
4780,1691,17,5,0,7,9,0,0,0,0,2026
4920,1692,8,8,0,11,12,0,0,0,0,2026
4798,1693,12,7,0,10,5,0,0,0,0,2026
4436,1694,12,10,0,9,9,0,0,0,0,2026
3995,1695,10,8,0,5,10,0,0,0,0,2026
4854,1696,11,12,0,5,9,0,0,0,0,2026
4500,1697,9,9,0,2,13,0,0,0,0,2026
4051,1698,12,10,0,5,13,0,0,0,0,2026
4459,1699,15,7,0,13,9,0,0,0,0,2026
4119,1700,9,6,0,15,6,0,0,0,0,2026
4224,1701,7,17,0,7,8,0,0,0,0,2026
4523,1702,14,2,0,15,7,0,0,0,0,2026
4769,1703,7,11,0,4,9,0,0,0,0,2026
4539,1704,5,11,0,9,12,0,0,0,0,2026
4942,1705,20,1,0,19,1,0,0,0,0,2026
4603,1706,3,11,0,5,17,0,0,0,0,2026
3997,1707,6,16,0,4,8,0,0,0,0,2026
4153,1708,8,8,0,16,7,0,0,0,0,2026
4363,1709,0,0,0,20,14,0,0,0,0,2026
3996,1710,18,4,0,7,9,0,0,0,0,2026
4832,1711,13,5,0,18,4,0,0,0,0,2026
4430,1712,10,6,0,12,10,0,0,0,0,2026
4675,1713,13,1,0,18,6,0,0,0,0,2026
4038,1714,20,2,0,18,7,0,0,0,0,2026
4244,1715,11,6,0,12,8,0,0,0,0,2026
4369,1716,13,7,0,11,9,0,0,0,0,2026
4445,1717,6,10,0,15,9,0,0,0,0,2026
4114,1718,12,10,0,12,6,0,0,0,0,2026
4910,1719,11,10,0,12,7,0,0,0,0,2026
4529,1720,14,4,0,13,7,0,0,0,0,2026
4876,1721,13,2,0,13,2,0,0,0,0,2026
4838,1722,14,4,0,15,5,0,0,0,0,2026
4928,1723,7,7,0,16,9,0,0,0,0,2026
4631,1724,13,7,0,13,9,0,0,0,0,2026
4683,1725,19,3,0,17,5,0,0,0,0,2026
4667,1726,9,7,0,15,5,0,0,0,0,2026
4323,1727,15,11,0,4,10,0,0,0,0,2026
4437,1728,8,5,0,4,12,0,0,0,0,2026
4693,1729,10,10,0,9,13,0,0,0,0,2026
4659,1730,9,10,0,16,5,0,0,0,0,2026
4691,1731,5,9,0,11,10,0,0,0,0,2026
4271,1732,14,4,0,16,6,0,0,0,0,2026
3982,1733,7,9,0,13,11,0,0,0,0,2026
4918,1734,11,7,0,11,9,0,0,0,0,2026
4402,1736,2,8,0,1,15,0,0,0,0,2026
4298,1737,15,7,0,11,9,0,0,0,0,2026
4112,1738,7,9,0,11,8,0,0,0,0,2026
4745,1739,7,9,0,16,3,0,0,0,0,2026
4668,1740,14,4,0,11,10,0,0,0,0,2026
4494,1741,9,15,0,3,11,0,0,0,0,2026
4600,1742,3,13,0,6,16,0,0,0,0,2026
4881,1743,12,5,0,7,16,0,0,0,0,2026
4141,1744,5,10,0,12,9,0,0,0,0,2026
4145,1745,10,11,0,9,6,0,0,0,0,2026
4143,1746,3,1,0,24,10,0,0,0,0,2026
4622,1747,12,4,0,10,10,0,0,0,0,2026
4453,1748,5,7,0,15,13,0,0,0,0,2026
4526,1749,3,15,0,1,16,0,0,0,0,2026
4665,1750,10,4,0,15,7,0,0,0,0,2026
4756,1751,12,4,0,9,14,0,0,0,0,2026
4690,1752,21,1,0,10,8,0,0,0,0,2026
4623,1753,15,1,0,10,10,0,0,0,0,2026
4306,1755,4,18,0,3,13,0,0,0,0,2026
4452,1756,4,14,0,5,14,0,0,0,0,2026
4761,1757,12,10,0,11,7,0,0,0,0,2026
4905,1758,22,3,0,8,6,0,0,0,0,2026
4621,1759,17,2,0,14,3,0,0,0,0,2026
4931,1760,11,3,0,19,4,0,0,0,0,2026
4502,1761,14,4,0,13,9,0,0,0,0,2026
4917,1762,6,14,0,12,8,0,0,0,0,2026
4800,1763,18,1,0,15,7,0,0,0,0,2026
4463,1764,17,4,0,15,3,0,0,0,0,2026
4545,1765,7,11,0,8,11,0,0,0,0,2026
4535,1766,13,6,0,19,5,0,0,0,0,2026
4366,1767,4,12,0,12,12,0,0,0,0,2026
4031,1768,10,6,0,10,6,0,0,0,0,2026
4471,1769,15,17,0,5,4,0,0,0,0,2026
4834,1770,14,4,0,14,5,0,0,0,0,2026
4355,1771,10,4,0,11,6,0,0,0,0,2026
4025,1772,10,19,0,2,2,0,0,0,0,2026
4440,1773,7,11,0,8,11,0,0,0,0,2026
4338,1774,15,1,0,15,9,0,0,0,0,2026
4407,1775,22,9,0,5,7,0,0,0,0,2026
4278,1776,19,3,0,9,6,0,0,0,0,2026
4190,1777,8,6,0,21,3,0,0,0,0,2026
4291,1778,10,8,0,10,13,0,0,0,0,2026
4049,1779,18,9,0,12,3,0,0,0,0,2026
4137,1780,12,10,0,15,3,0,0,0,0,2026
4444,1781,15,9,0,5,9,0,0,0,0,2026
4309,1782,6,6,0,14,4,0,0,0,0,2026
3981,1783,2,14,0,1,3,0,0,0,0,2026
4334,1784,6,4,0,6,24,0,0,0,0,2026
4941,1785,6,8,0,13,9,0,0,0,0,2026
4280,1786,20,6,0,14,4,0,0,0,0,2026
4336,1787,14,0,0,19,4,0,0,0,0,2026
4313,1788,11,10,0,17,3,0,0,0,0,2026
4903,1789,13,1,0,22,0,0,0,0,0,2026
4378,1790,3,13,0,2,8,0,0,0,0,2026
4117,1791,8,8,0,12,12,0,0,0,0,2026
4947,1792,9,9,0,13,8,0,0,0,0,2026
4785,1793,12,12,0,8,6,0,0,0,0,2026
4481,1794,7,14,0,6,16,0,0,0,0,2026
4531,1795,14,5,0,4,12,0,0,0,0,2026
4487,1796,12,6,0,18,2,0,0,0,0,2026
4395,1797,8,12,0,4,9,0,0,0,0,2026
4565,1798,16,6,0,10,11,0,0,0,0,2026
4169,1799,25,9,0,5,5,0,0,0,0,2026
4594,1800,7,10,0,4,9,0,0,0,0,2026
4793,1801,16,3,0,14,4,0,0,0,0,2026
4624,1802,12,6,0,12,6,0,0,0,0,2026
4107,1803,14,3,0,14,8,0,0,0,0,2026
4383,1804,6,12,0,4,18,0,0,0,0,2026
4204,1805,8,8,0,15,9,0,0,0,0,2026
4127,1806,9,7,0,20,4,0,0,0,0,2026
4398,1807,13,4,0,13,11,0,0,0,0,2026
4301,1808,10,12,0,8,2,0,0,0,0,2026
4267,1809,9,6,0,8,16,0,0,0,0,2026
4466,1810,8,8,0,17,3,0,0,0,0,2026
4302,1811,8,14,0,11,9,0,0,0,0,2026
4551,1812,17,1,0,13,7,0,0,0,0,2026
4619,1813,26,6,0,8,4,0,0,0,0,2026
4035,1814,10,2,0,10,18,0,0,0,0,2026
4023,1815,11,5,0,8,15,0,0,0,0,2026
4641,1816,10,12,0,7,11,0,0,0,0,2026
4875,1817,10,12,0,7,7,0,0,0,0,2026
4609,1818,11,7,0,2,18,0,0,0,0,2026
4450,1819,4,15,0,2,11,0,0,0,0,2026
4750,1820,9,12,0,5,13,0,0,0,0,2026
4492,1821,12,4,0,12,9,0,0,0,0,2026
4241,1822,5,11,0,3,13,0,0,0,0,2026
4672,1823,14,10,0,8,10,0,0,0,0,2026
4000,1824,6,8,0,10,14,0,0,0,0,2026
4935,1825,7,7,0,20,6,0,0,0,0,2026
4548,1826,15,8,0,11,7,0,0,0,0,2026
4056,1827,8,9,0,14,10,0,0,0,0,2026
4527,1828,9,8,0,5,15,0,0,0,0,2026
4883,1829,10,8,0,5,16,0,0,0,0,2026
4663,1830,9,11,0,4,12,0,0,0,0,2026
4216,1831,10,6,0,12,10,0,0,0,0,2026
4709,1832,6,10,0,13,9,0,0,0,0,2026
4927,1833,8,6,0,20,6,0,0,0,0,2026
4175,1834,10,6,0,13,10,0,0,0,0,2026
4328,1835,10,7,0,17,5,0,0,0,0,2026
4797,1836,5,35,0,2,5,0,0,0,0,2026
4124,1837,14,18,0,2,6,0,0,0,0,2026
4936,1838,8,6,0,17,7,0,0,0,0,2026
4121,1839,12,4,0,17,7,0,0,0,0,2026
4406,1840,12,18,0,5,5,0,0,0,0,2026
4197,1841,3,11,0,11,12,0,0,0,0,2026
4115,1843,4,12,0,3,19,0,0,0,0,2026
4221,1844,12,5,0,14,4,0,0,0,0,2026
4871,1845,14,2,0,17,7,0,0,0,0,2026
4433,1846,14,9,0,11,9,0,0,0,0,2026
4042,1847,3,13,0,2,22,0,0,0,0,2026
4670,1848,12,4,0,13,7,0,0,0,0,2026
4792,1849,6,10,0,10,8,0,0,0,0,2026
4530,1851,7,12,0,7,13,0,0,0,0,2026
4134,1852,6,12,0,10,8,0,0,0,0,2026
4521,1853,11,8,0,15,7,0,0,0,0,2026
4820,1854,13,27,0,2,6,0,0,0,0,2026
4345,1855,5,7,0,8,16,0,0,0,0,2026
4835,1856,9,9,0,11,5,0,0,0,0,2026
4167,1857,12,12,0,5,11,0,0,0,0,2026
3992,1858,5,11,0,13,11,0,0,0,0,2026
4874,1859,4,12,0,6,16,0,0,0,0,2026
4377,1860,4,18,0,3,8,0,0,0,0,2026
4178,1861,5,13,0,9,15,0,0,0,0,2026
4627,1862,8,12,0,10,11,0,0,0,0,2026
4319,1863,9,21,0,6,4,0,0,0,0,2026
4715,1864,15,8,0,15,3,0,0,0,0,2026
4643,1865,4,14,0,10,12,0,0,0,0,2026
4913,1866,9,8,0,13,9,0,0,0,0,2026
4625,1867,8,11,0,2,10,0,0,0,0,2026
4458,1868,14,1,0,10,16,0,0,0,0,2026
4071,1869,7,8,0,11,12,0,0,0,0,2026
4937,1870,4,10,0,14,10,0,0,0,0,2026
4235,1871,14,6,0,2,18,0,0,0,0,2026
4125,1873,4,8,0,5,21,0,0,0,0,2026
4671,1874,13,9,0,4,14,0,0,0,0,2026
4770,1875,7,7,0,8,8,0,0,0,0,2026
4194,1876,8,6,0,9,13,0,0,0,0,2026
4208,1877,3,13,0,14,8,0,0,0,0,2026
4847,1878,4,12,0,8,14,0,0,0,0,2026
4396,1879,5,11,0,10,14,0,0,0,0,2026
4515,1880,9,9,0,7,12,0,0,0,0,2026
4940,1881,11,3,0,14,12,0,0,0,0,2026
4079,1882,12,6,0,13,5,0,0,0,0,2026
4001,1883,1,23,0,2,10,0,0,0,0,2026
4007,1884,5,3,0,9,19,0,0,0,0,2026
4461,1885,5,10,0,14,8,0,0,0,0,2026
4478,1886,18,5,0,8,12,0,0,0,0,2026
4469,1888,4,12,0,8,11,0,0,0,0,2026
4660,1889,1,19,0,2,12,0,0,0,0,2026
4895,1890,1,15,0,10,12,0,0,0,0,2026
4682,1892,7,11,0,10,10,0,0,0,0,2026
4752,1893,10,8,0,12,10,0,0,0,0,2026
4385,1894,11,10,0,6,13,0,0,0,0,2026
4860,1895,12,4,0,9,8,0,0,0,0,2026
4021,1896,2,20,0,5,11,0,0,0,0,2026
4009,1897,1,13,0,10,12,0,0,0,0,2026
4906,1898,11,10,0,10,6,0,0,0,0,2026
4678,1899,11,7,0,13,6,0,0,0,0,2026
4907,1900,1,15,0,12,10,0,0,0,0,2026
4113,1901,6,9,0,14,6,0,0,0,0,2026
4684,1902,13,10,0,7,9,0,0,0,0,2026
4327,1904,5,9,0,11,14,0,0,0,0,2026
4464,1905,3,11,0,10,13,0,0,0,0,2026
4801,1906,7,13,0,11,9,0,0,0,0,2026
4570,1907,8,8,0,12,8,0,0,0,0,2026
4318,1908,9,7,0,17,7,0,0,0,0,2026
4779,1909,7,17,0,8,8,0,0,0,0,2026
4536,1910,12,4,0,17,5,0,0,0,0,2026
4791,1911,9,7,0,15,9,0,0,0,0,2026
4726,1912,8,12,0,8,9,0,0,0,0,2026
4367,1913,6,10,0,1,17,0,0,0,0,2026
4879,1914,13,11,0,13,6,0,0,0,0,2026
4030,1915,12,10,0,8,12,0,0,0,0,2026
4281,1916,16,14,0,6,6,0,0,0,0,2026
4925,1917,10,14,0,8,8,0,0,0,0,2026
4933,1918,9,5,0,14,9,0,0,0,0,2026
4462,1919,8,7,0,12,9,0,0,0,0,2026
4333,1920,2,10,0,2,20,0,0,0,0,2026
4155,1921,11,7,0,14,3,0,0,0,0,2026
4392,1922,13,5,0,7,8,0,0,0,0,2026
4724,1923,7,7,0,13,9,0,0,0,0,2026
4899,1924,12,7,0,8,13,0,0,0,0,2026
4694,1925,4,16,0,5,15,0,0,0,0,2026
4674,1926,4,10,0,10,14,0,0,0,0,2026
4239,1927,13,5,0,9,7,0,0,0,0,2026
4067,1928,7,8,0,13,9,0,0,0,0,2026
4376,1929,7,7,0,12,14,0,0,0,0,2026
4635,1930,9,8,0,8,14,0,0,0,0,2026
4777,1931,6,10,0,13,11,0,0,0,0,2026
4676,1932,8,16,0,8,8,0,0,0,0,2026
4209,1933,13,5,0,9,11,0,0,0,0,2026
4431,1935,5,11,0,5,9,0,0,0,0,2026
4087,1936,6,15,0,8,8,0,0,0,0,2026
3991,1937,17,5,0,9,12,0,0,0,0,2026
4305,1939,3,15,0,7,12,0,0,0,0,2026
3999,1940,11,6,0,14,6,0,0,0,0,2026
4884,1941,7,11,0,11,6,0,0,0,0,2026
4381,1942,2,14,0,6,16,0,0,0,0,2026
4016,1943,5,11,0,10,10,0,0,0,0,2026
4612,1944,11,7,0,7,1,0,0,0,0,2026
4713,1945,1,17,0,11,11,0,0,0,0,2026
4304,1946,3,9,0,6,16,0,0,0,0,2026
4885,1947,1,15,0,3,9,0,0,0,0,2026
4796,1948,9,9,0,10,9,0,0,0,0,2026
4844,1949,4,10,0,11,13,0,0,0,0,2026
4253,1950,0,14,0,9,13,0,0,0,0,2026
4912,1951,4,10,0,8,16,0,0,0,0,2026
4370,1952,4,12,0,12,9,0,0,0,0,2026
4199,1953,6,10,0,7,11,0,0,0,0,2026
4308,1954,5,13,0,8,12,0,0,0,0,2026
4597,1955,5,9,0,13,9,0,0,0,0,2026
4074,1956,6,4,0,9,19,0,0,0,0,2026
4651,1957,5,13,0,10,8,0,0,0,0,2026
4909,1958,9,19,0,2,9,0,0,0,0,2026
4508,1959,12,5,0,5,10,0,0,0,0,2026
4637,1960,7,11,0,6,11,0,0,0,0,2026
4467,1961,11,5,0,14,5,0,0,0,0,2026
4859,1962,5,11,0,1,16,0,0,0,0,2026
4720,1963,15,4,0,8,14,0,0,0,0,2026
4698,1964,1,19,0,3,15,0,0,0,0,2026
4613,1965,2,14,0,9,13,0,0,0,0,2026
4004,1966,7,11,0,6,15,0,0,0,0,2026
4544,1967,8,10,0,6,12,0,0,0,0,2026
4188,1968,7,9,0,5,11,0,0,0,0,2026
3993,1969,4,10,0,10,16,0,0,0,0,2026
4934,1970,2,12,0,7,18,0,0,0,0,2026
4824,1971,5,17,0,9,6,0,0,0,0,2026
4517,1972,8,8,0,7,15,0,0,0,0,2026
4229,1973,8,15,0,5,8,0,0,0,0,2026
4916,1974,7,11,0,14,7,0,0,0,0,2026
4028,1975,11,13,0,15,5,0,0,0,0,2026
4227,1976,7,9,0,15,9,0,0,0,0,2026
4149,1977,1,13,0,6,15,0,0,0,0,2026
4181,1978,5,13,0,8,14,0,0,0,0,2026
4228,1979,5,11,0,6,18,0,0,0,0,2026
4387,1980,9,11,0,5,13,0,0,0,0,2026
4650,1981,3,25,0,2,8,0,0,0,0,2026
4547,1982,2,16,0,5,15,0,0,0,0,2026
4231,1983,1,17,0,2,13,0,0,0,0,2026
4914,1984,6,22,0,3,9,0,0,0,0,2026
4857,1985,2,15,0,5,7,0,0,0,0,2026
4841,1986,11,11,0,6,6,0,0,0,0,2026
4541,1987,9,7,0,12,13,0,0,0,0,2026
4073,1988,14,9,0,4,8,0,0,0,0,2026
4592,1989,2,14,0,10,5,0,0,0,0,2026
4493,1990,9,9,0,14,6,0,0,0,0,2026
4233,1991,5,15,0,2,8,0,0,0,0,2026
4193,1992,7,7,0,7,12,0,0,0,0,2026
4553,1993,1,16,0,7,15,0,0,0,0,2026
4070,1994,14,9,0,15,5,0,0,0,0,2026
4454,1995,0,4,0,16,20,0,0,0,0,2026
4270,1996,9,8,0,8,12,0,0,0,0,2026
4321,1997,1,15,0,5,9,0,0,0,0,2026
4861,1998,0,16,0,2,7,0,0,0,0,2026
4219,1999,2,18,0,4,10,0,0,0,0,2026
4068,2000,4,14,0,8,10,0,0,0,0,2026
4799,2001,8,9,0,6,15,0,0,0,0,2026
4685,2002,3,15,0,7,7,0,0,0,0,2026
4179,2003,6,13,0,15,5,0,0,0,0,2026
4036,2004,7,11,0,10,7,0,0,0,0,2026
4882,2005,11,10,0,9,4,0,0,0,0,2026
4078,2006,1,15,0,6,18,0,0,0,0,2026
4708,2007,10,20,0,3,7,0,0,0,0,2026
4558,2008,8,10,0,8,12,0,0,0,0,2026
4577,2009,7,9,0,9,15,0,0,0,0,2026
4183,2010,3,27,0,2,2,0,0,0,0,2026
4951,2011,9,13,0,6,12,0,0,0,0,2026
4638,2012,10,6,0,8,11,0,0,0,0,2026
4329,2013,3,19,0,3,5,0,0,0,0,2026
4273,2014,11,7,0,6,14,0,0,0,0,2026
4538,2015,17,5,0,8,6,0,0,0,0,2026
4111,2016,1,17,0,1,9,0,0,0,0,2026
4293,2017,3,15,0,10,11,0,0,0,0,2026
4116,2018,5,11,0,13,10,0,0,0,0,2026
4695,2019,10,5,0,17,8,0,0,0,0,2026
4692,2020,13,10,0,11,9,0,0,0,0,2026
4904,2021,8,9,0,7,12,0,0,0,0,2026
4059,2022,9,9,0,12,6,0,0,0,0,2026
4421,2023,9,7,0,18,6,0,0,0,0,2026
4251,2024,3,25,0,7,9,0,0,0,0,2026
4003,2025,5,13,0,6,12,0,0,0,0,2026
4826,2026,11,3,0,8,15,0,0,0,0,2026
4380,2027,3,11,0,9,15,0,0,0,0,2026
4618,2028,11,17,0,5,5,0,0,0,0,2026
4438,2029,9,5,0,5,12,0,0,0,0,2026
4166,2030,5,17,0,8,6,0,0,0,0,2026
4405,2031,3,10,0,0,17,0,0,0,0,2026
4615,2032,18,18,0,7,3,0,0,0,0,2026
4361,2033,5,9,0,9,10,0,0,0,0,2026
4082,2034,5,14,0,2,10,0,0,0,0,2026
4598,2035,4,17,0,3,12,0,0,0,0,2026
4122,2036,7,12,0,10,10,0,0,0,0,2026
4686,2037,2,16,0,8,14,0,0,0,0,2026
4782,2038,2,20,0,6,12,0,0,0,0,2026
4148,2039,4,16,0,11,6,0,0,0,0,2026
4047,2040,1,17,0,1,17,0,0,0,0,2026
4946,2041,0,12,0,2,10,0,0,0,0,2026
4276,2043,0,18,0,6,6,0,0,0,0,2026
4608,2044,0,16,0,2,18,0,0,0,0,2026
4571,2045,1,17,0,5,8,0,0,0,0,2026
4269,2046,2,20,0,2,12,0,0,0,0,2026
4446,2048,0,0,0,0,26,0,0,0,0,2026
4706,2049,2,16,0,2,14,0,0,0,0,2026
4953,2050,0,18,0,0,7,0,0,0,0,2026
4039,2051,5,21,0,7,17,0,0,0,0,2026
4225,2052,13,11,0,11,9,0,0,0,0,2026
4236,2053,10,14,0,16,10,0,0,0,0,2026
4303,2054,13,9,0,7,9,0,0,0,0,2026
4310,2055,12,7,0,7,11,0,0,0,0,2026
4397,2056,12,12,0,4,21,0,0,0,0,2026
4413,2057,17,11,0,11,12,0,0,0,0,2026
4647,2058,0,16,0,3,7,0,0,0,0,2026
4655,2059,6,18,0,8,16,0,0,0,0,2026
4743,2060,12,17,0,3,14,0,0,0,0,2026
4787,2061,12,5,0,22,12,0,0,0,0,2026
4794,2062,9,15,0,4,22,0,0,0,0,2026
4952,2063,13,5,0,22,16,0,0,0,0,2026
4105,2064,12,17,0,11,11,0,0,0,0,2026
4730,2065,10,14,0,20,7,0,0,0,0,2026
4852,2066,6,13,0,13,19,0,0,0,0,2026
4827,2068,9,15,0,13,13,0,0,0,0,2026
4681,2070,4,24,0,6,14,0,0,0,0,2026
4434,2072,4,12,0,4,19,0,0,0,0,2026
4359,2073,14,21,0,16,2,0,0,0,0,2026
4360,2074,16,13,0,10,11,0,0,0,0,2026
4628,2075,18,0,0,13,7,0,0,0,0,2026
4639,2076,5,22,0,8,12,0,0,0,0,2026
4214,2079,1,26,0,5,20,0,0,0,0,2026
3998,2086,2,21,0,1,5,0,0,0,0,2026
4312,2087,3,19,0,1,14,0,0,0,0,2026
4971,2114,0,0,0,21,19,0,0,0,0,2026
4972,2227,0,0,0,21,34,0,0,0,0,2026
4973,2239,0,0,0,7,29,0,0,0,0,2026
4364,2260,0,0,0,17,28,0,0,0,0,2026
