id,name,position,bio,tenure_at_school,team_id,wins,loss,ties,win_perc
1,Caleb Abney,Head Coach,,4,763,39,110,0,0.262
2,Danny Acosta,Head Coach,,3,825,8,98,0,0.075
3,Scott Adams,Head Coach,,10,611,122,161,1,0.431
4,Bryan Adamski,Head Coach,,13,797,203,176,0,0.536
5,Gary Adcock,Head Coach,,23,116,766,414,1,0.649
6,Kristaps Aldins,Head Coach,,15,757,333,228,1,0.593
7,Siddeeq Ali,Head Coach,,1,361,0,5,0,0
8,Erik Amspacher,Head Coach,,5,606,44,97,1,0.313
9,Mike Anderson,Head Coach,,13,553,383,314,3,0.549
10,Jason Anderson,Head Coach,,11,227,244,266,0,0.478
11,Chris Anderson,Head Coach,,13,66,376,241,2,0.609
12,Kevin Anderson,Head Coach,,27,698,830,370,3,0.691
13,Jake Angier,Head Coach,,3,532,54,68,0,0.443
14,Matt Antonelli,Head Coach,,1,300,0,1,0,0
15,Christopher Antonides,Head Coach,,10,574,224,198,0,0.531
16,Mik Aoki,Head Coach,,25,644,610,637,2,0.489
17,Bobby Applegate,Head Coach,,5,189,117,107,0,0.522
18,Greg Appleton,Head Coach,,29,174,1006,530,0,0.655
19,Tracy Archuleta,Head Coach,,25,351,752,548,0,0.578
20,Mike Armstrong,Head Coach,,10,18,158,203,0,0.438
21,J.D. Arteaga,Head Coach,,3,469,73,59,0,0.553
22,Brian August,Head Coach,,22,914,617,397,2,0.608
23,Elliott Avent,Head Coach,,38,523,1307,848,2,0.606
24,Matt Backert,Head Coach,,2,1084,7,32,0,0.179
25,Drew Bailey,Head Coach,,7,175,132,139,1,0.487
26,Jordan Baitinger,Head Coach,,10,436,158,178,0,0.47
27,Brad Baker,Head Coach,,12,309,252,136,0,0.649
28,Erik Bakich,Head Coach,,17,160,542,368,1,0.595
29,Brad Baldwin,Head Coach,,3,563,76,53,0,0.589
30,Robby Bales,Head Coach,,8,171,162,151,0,0.518
31,Jordon Banfield,Head Coach,,6,188,132,160,0,0.452
32,Bobby Barbier,Head Coach,,10,714,255,220,0,0.537
33,Charlie Barbieri,Head Coach,,12,766,219,153,0,0.589
34,Nick Barese,Head Coach,,10,823,196,200,0,0.495
35,R.J. Barnard,Head Coach,,10,604,145,176,1,0.452
36,Bill Barrale,Head Coach,,24,913,357,352,2,0.504
37,Steve Bartlein,Head Coach,,1,2243,13,27,0,0.325
38,Mike Bartoletti,Head Coach,,24,692,415,433,3,0.489
39,Jordan Basile,Head Coach,,5,278,41,100,0,0.291
40,Keith Bateman,Head Coach,,22,44,349,445,1,0.44
41,Rodney Batts,Head Coach,,7,207,177,122,0,0.592
42,Greg Beals,Head Coach,,24,440,661,596,1,0.526
43,David Beasley,Head Coach,,29,73,794,525,2,0.602
44,Josh Beauregard,Head Coach,,9,232,163,215,0,0.431
45,Travis Beazley,Head Coach,,3,426,85,29,0,0.746
46,Dave Beccaria,Head Coach,,26,319,501,384,4,0.566
47,Alan Beck,Head Coach,,4,891,88,90,0,0.494
48,Jason Becker,Head Coach,,14,955,379,294,0,0.563
49,Blake Beemer,Head Coach,,4,100,50,125,0,0.286
50,Trevor Beerman,Head Coach,,1,229,4,9,0,0.308
51,Nolan Belcher,Head Coach,,6,548,157,113,0,0.581
52,Mike Bell,Head Coach,,8,614,170,176,0,0.491
53,Bobby Bell,Head Coach,,7,360,115,105,1,0.523
54,Grant Bellak,Head Coach,,8,314,123,135,0,0.477
55,Paul Benim,Head Coach,,31,605,775,445,5,0.635
56,Vince Beringhele,Head Coach,,18,112,406,425,0,0.489
57,Ray Bernier,Head Coach,,2,790,36,39,0,0.48
58,Chris Bertrand,Head Coach,,7,561,183,129,0,0.587
59,Chris Bessey,Head Coach,,15,458,147,337,0,0.304
60,Alan Betourne,Head Coach,,11,500,174,176,1,0.497
61,Randy Betten,Head Coach,,15,106,439,306,0,0.589
62,Mike Bianco,Head Coach,,29,584,1061,637,1,0.625
63,Steve Bieser,Head Coach,,14,357,391,314,1,0.555
64,CJ Bilbrey,Head Coach,,3,489,26,70,0,0.271
65,Jordan Bischel,Head Coach,,12,152,389,211,0,0.648
66,Rob Bishop,Head Coach,,16,711,312,399,1,0.439
67,Nathan Blackwood,Head Coach,,23,423,844,400,0,0.678
68,Jaylen Bledsoe,Head Coach,,3,153,9,96,1,0.09
69,Justin Blood,Head Coach,,15,369,275,360,0,0.433
70,Pat Bloom,Head Coach,,23,873,645,303,2,0.68
71,Willie Bloomquist,Head Coach,,5,32,134,109,0,0.551
72,Sam Boisner,Head Coach,,4,485,66,91,0,0.42
73,Will Bolt,Head Coach,,7,525,177,131,1,0.574
74,Craig Bolton,Head Coach,,6,608,89,103,0,0.464
75,Zach Booker,Head Coach,,5,308,80,83,1,0.491
76,Brett Boretti,Head Coach,,25,173,522,521,1,0.5
77,Jake Boss,Head Coach,,19,472,497,450,0,0.525
78,Kent Bottenfield,Head Coach,,15,598,283,349,1,0.448
79,Ryan Bowen,Head Coach,,9,560,197,187,0,0.513
80,Liam Bowen,Head Coach,,7,824,121,152,0,0.443
81,Denny Bowers,Head Coach,,21,770,380,401,2,0.487
82,Ryan Bown,Head Coach,,14,602,323,212,2,0.603
83,Scott Bradley,Head Coach,,28,623,476,646,2,0.424
84,Charles Bradley,Head Coach,,4,728,45,117,0,0.278
85,Lee Bradley,Head Coach,,9,887,127,258,0,0.33
86,Matt Bragga,Head Coach,,23,777,620,581,3,0.516
87,Mark Brew,Head Coach,,20,396,736,334,2,0.688
88,Brian Brewer,Head Coach,,27,437,762,388,1,0.662
89,Dan Briand,Head Coach,,9,28,140,149,0,0.484
90,Drew Briese,Head Coach,,10,141,209,147,0,0.587
91,Al Brisack,Head Coach,,27,233,492,531,0,0.481
92,Ryan Brisbin,Head Coach,,23,691,319,574,3,0.358
93,JJ Brock,Head Coach,,2,82,0,52,0,0
94,Troy Brohawn,Head Coach,,12,680,352,101,2,0.776
95,Kevin Brooks,Head Coach,,22,27,850,368,0,0.698
96,Joe Brooks,Head Coach,,4,310,50,70,0,0.417
97,Joe Brown,Head Coach,,27,184,919,268,6,0.773
98,Tod Brown,Head Coach,,19,531,458,458,0,0.5
99,Phil Brua,Head Coach,,8,329,80,164,2,0.329
100,T.J. Bruce,Head Coach,,9,416,197,207,0,0.488
101,Brock Buckingham,Head Coach,,1,613,17,0,0,1
102,Walker Bullington,Head Coach,,4,733,114,67,0,0.63
103,J.C. Bunch,Head Coach,,9,730,152,154,0,0.497
104,Matt Burdette,Head Coach,,31,374,496,533,1,0.482
105,Kevin Burdick,Head Coach,,6,907,94,100,0,0.485
106,Tino Burgos,Head Coach,,10,690,191,209,1,0.478
107,Conor Burke,Head Coach,,5,352,51,155,0,0.248
108,Eric Burkle,Head Coach,,14,885,257,352,0,0.422
109,Gary Burns,Head Coach,,33,652,875,757,0,0.536
110,Tim Burns,Head Coach,,1,459,7,20,0,0.259
111,Nate Burns,Head Coach,,3,696,42,49,1,0.462
112,Lane Burroughs,Head Coach,,14,420,431,305,0,0.586
113,Franklin Bush,Head Coach,,3,48,51,70,0,0.421
114,Tim Byrnes,Head Coach,,20,311,236,318,1,0.426
115,Sean Callahan,Head Coach,,6,760,72,90,0,0.444
116,Nick Callini,Head Coach,,23,23,299,588,1,0.337
117,Mark Calvi,Head Coach,,15,709,431,343,0,0.557
118,Shawn Camp,Head Coach,,4,289,102,85,0,0.545
119,Mitch Canham,Head Coach,,7,589,231,107,1,0.683
120,D.J. Cannon,Head Coach,,7,285,97,137,0,0.415
121,Holden Capps,Head Coach,,1,119,7,10,0,0.412
122,Tom Caputo,Head Coach,,8,742,238,143,1,0.624
123,Adam Carey,Head Coach,,3,134,37,49,0,0.43
124,Lynn Carlson,Head Coach,,30,305,587,585,3,0.501
125,Derek Carlson,Head Coach,,24,91,371,462,3,0.446
126,Jim Carone,Head Coach,,15,453,292,343,3,0.46
127,Vinny Carone,Head Coach,,2,92,24,28,1,0.462
128,Shaine Carpenter,Head Coach,,1,386,1,9,0,0.1
129,Wes Carroll,Head Coach,,18,250,448,479,0,0.483
130,Rick Carver,Head Coach,,34,274,507,725,2,0.412
131,Brian Casey,Head Coach,,5,162,85,65,0,0.567
132,Brendan Casey,Head Coach,,3,935,50,64,1,0.439
133,Scott Cassidy,Head Coach,,16,394,366,316,3,0.536
134,Mike Cassidy,Head Coach,,5,447,111,68,0,0.62
135,Frank Catalanotto,Head Coach,,7,331,144,145,0,0.498
136,Billy Cather,Head Coach,,13,156,201,199,1,0.502
137,Jeff Caulfield,Head Coach,,22,433,414,383,3,0.519
138,Chris Celano,Head Coach,,22,529,503,371,2,0.575
139,Raph Cerrato,Head Coach,,17,640,403,382,2,0.513
140,Andy Chalot,Head Coach,,7,434,86,158,0,0.352
141,Mike Chambers,Head Coach,,10,277,254,157,1,0.618
142,Zac Charbonneau,Head Coach,,4,924,72,91,0,0.442
143,Trevor Charpie,Head Coach,,2,942,16,52,0,0.235
144,Andrew Checketts,Head Coach,,16,811,501,269,5,0.65
145,Jim Chester,Head Coach,,12,286,249,289,1,0.463
146,Nathan Choate,Head Coach,,7,872,121,169,1,0.418
147,Reggie Christiansen,Head Coach,,21,663,568,539,0,0.513
148,Pat Christopher,Head Coach,,6,363,64,118,0,0.352
149,Jeff Christy,Head Coach,,2,524,27,23,0,0.54
150,Eric Cirella,Head Coach,,13,681,336,143,5,0.699
151,Greg Clifton,Head Coach,,8,520,176,114,0,0.607
152,Lonny Cobble,Head Coach,,14,579,296,336,0,0.468
153,Mike Coduto,Head Coach,,3,909,46,42,0,0.523
154,Ryan Coe,Head Coach,,5,370,129,114,0,0.531
155,Douglas Coe,Head Coach,,4,504,41,79,0,0.342
156,Chris Collazo,Head Coach,,1,774,2,4,0,0.333
157,Mike Collins,Head Coach,,21,83,427,453,2,0.485
158,Kenny Collins,Head Coach,,6,744,69,92,0,0.429
159,Mike Connolly,Head Coach,,27,88,474,415,4,0.533
160,Vince Connor,Head Coach,,3,407,20,73,0,0.215
161,Scott Considine,Head Coach,,2,84,8,40,0,0.167
162,D.J. Conville,Head Coach,,22,340,499,335,0,0.598
163,Steve Cook,Head Coach,,30,165,662,527,2,0.557
164,Brad Cook,Head Coach,,4,330,50,58,0,0.463
165,Ryan Copeland,Head Coach,,7,539,180,108,0,0.625
166,Josh Copskey,Head Coach,,9,348,173,118,0,0.595
167,Tim Corbin,Head Coach,,30,852,1078,605,1,0.64
168,Eddie Cornejo,Head Coach,,4,190,86,80,0,0.518
169,Brandon Costa,Head Coach,,5,847,77,136,0,0.362
170,Shawn Counts,Head Coach,,5,50,45,114,0,0.283
171,Randy Cox,Head Coach,,17,441,113,371,0,0.233
172,Tyler Cox,Head Coach,,1,726,1,9,0,0.1
173,Chris Cox,Head Coach,,7,578,164,118,0,0.582
174,Barry Craddock,Head Coach,,15,915,281,242,1,0.537
175,Jason Crain,Head Coach,,8,21,127,138,2,0.479
176,Tom Crank,Head Coach,,23,430,591,505,1,0.539
177,Frank Craska,Head Coach,,1,117,2,10,0,0.167
178,Chris Crenshaw,Head Coach,,6,725,120,153,0,0.44
179,Mark Crocco,Head Coach,,8,247,178,163,1,0.522
180,Kyle Crookes,Head Coach,,12,138,461,149,0,0.756
181,Eric Cruise,Head Coach,,13,646,215,255,0,0.457
182,Brandon Crum,Head Coach,,9,19,156,120,0,0.565
183,Mike Cummins,Head Coach,,19,108,387,522,0,0.426
184,Cameron Curler,Head Coach,,4,861,32,74,0,0.302
185,Bill Currier,Head Coach,,37,251,891,789,4,0.53
186,Chris Curry,Head Coach,,12,412,270,303,0,0.471
187,Bryce Darnell,Head Coach,,19,496,560,381,0,0.595
188,Tony David,Head Coach,,5,683,136,110,0,0.553
189,Terry Davis,Head Coach,,3,892,35,76,0,0.315
190,Kyle Davis,Head Coach,,7,954,90,147,0,0.38
191,Will Davis,Head Coach,,10,388,263,211,0,0.555
192,Dan Davis,Head Coach,,20,800,278,633,0,0.305
193,Dave Dawson,Head Coach,,21,38,608,438,0,0.581
194,Jeffrey De La Concha,Head Coach,,2,391,19,44,0,0.302
195,Dave DeGeorge,Head Coach,,36,67,587,588,2,0.5
196,Todd DeGraffenreid,Head Coach,,23,491,507,563,1,0.474
197,Bill Decker,Head Coach,,36,318,730,537,1,0.576
198,Justin Dedman,Head Coach,,1,90,4,7,0,0.364
199,Mike Deegan,Head Coach,,14,208,382,156,0,0.71
200,Matt Deggs,Head Coach,,12,419,384,251,0,0.605
201,Anthony Del Prete,Head Coach,,11,762,219,195,1,0.529
202,Bruce Del Tondo,Head Coach,,6,3,76,177,0,0.3
203,John Delaney,Head Coach,,12,633,230,303,1,0.432
204,Christopher Delgado,Head Coach,,3,398,1,57,0,0.017
205,Nick Derba,Head Coach,,10,429,176,252,0,0.411
206,Tony Deshler,Head Coach,,1,860,4,4,0,0.5
207,Joe DiMento,Head Coach,,4,603,50,70,0,0.417
208,Rob DiToma,Head Coach,,7,687,108,165,0,0.396
209,Mike Diaz,Head Coach,,16,132,347,262,1,0.57
210,Mike Dickson,Head Coach,,11,658,313,132,0,0.703
211,Jason Dietrich,Head Coach,,5,109,103,130,0,0.442
212,Pat Dolan,Head Coach,,28,737,899,462,1,0.66
213,Robbie Dombowski,Head Coach,,4,183,59,64,0,0.48
214,Ryan Dorow,Head Coach,,2,335,15,32,0,0.319
215,Harley Douglas,Head Coach,,12,869,290,252,0,0.535
216,Terry Doyle,Head Coach,,8,528,105,137,0,0.434
217,Eric DuBose,Head Coach,,3,881,68,53,0,0.562
218,Adam Dukate,Head Coach,,5,382,56,97,0,0.366
219,Jeff Duncan,Head Coach,,13,371,395,245,0,0.617
220,Casey Dunn,Head Coach,,22,805,555,548,0,0.503
221,Michael Earley,Head Coach,,2,782,41,27,0,0.603
222,Brian Eberly,Head Coach,,5,214,67,91,1,0.425
223,Steve Eddie,Head Coach,,26,99,588,413,3,0.587
224,J.J. Edwards,Head Coach,,3,932,83,51,0,0.619
225,Pat Egan,Head Coach,,4,664,92,87,0,0.514
226,Pete Egbert,Head Coach,,24,486,633,351,2,0.643
227,Dean Ehehalt,Head Coach,,35,499,838,823,4,0.505
228,Jesse Eikum,Head Coach,,4,562,58,88,0,0.397
229,Josh Elander,Head Coach,,1,776,10,3,0,0.769
230,Matt Ellinghuysen,Head Coach,,5,68,21,182,0,0.103
231,Cody Ellis,Head Coach,,3,827,59,62,0,0.488
232,Matt Englander,Head Coach,,20,194,454,300,3,0.602
233,Rick Espeset,Head Coach,,30,431,696,508,2,0.578
234,David Esquer,Head Coach,,27,753,805,624,2,0.563
235,Scott Eul,Head Coach,,10,497,243,186,0,0.566
236,Pat Evers,Head Coach,,8,448,195,144,0,0.575
237,Brenden Eygabroat,Head Coach,,22,821,470,360,1,0.566
238,Jodi Faithfull,Head Coach,,1,435,5,24,0,0.172
239,Jason Falcon,Head Coach,,21,639,288,392,2,0.424
240,Roland Fanning,Head Coach,,4,51,111,73,0,0.603
241,Bryan Faulds,Head Coach,,5,7,113,123,0,0.479
242,Jeff Feiler,Head Coach,,28,15,313,594,3,0.346
243,Ryan Femath,Head Coach,,3,738,73,58,0,0.557
244,Chris Fenisey,Head Coach,,5,304,92,82,1,0.529
245,Donegal Fergus,Head Coach,,3,414,58,69,0,0.457
246,Jonas Fester,Head Coach,,8,395,150,113,2,0.57
247,Tom Fiala,Head Coach,,4,871,43,80,0,0.35
248,Rusty Filter,Head Coach,,9,689,179,215,0,0.454
249,P.J. Finigan,Head Coach,,3,409,51,75,0,0.405
250,Michael Finlan,Head Coach,,3,74,29,52,1,0.36
251,Chris Finwood,Head Coach,,24,582,662,588,0,0.53
252,Drew Fittry,Head Coach,,10,327,124,173,0,0.418
253,Chad Fitzgerald,Head Coach,,12,323,245,187,1,0.567
254,Dan Fitzgerald,Head Coach,,4,366,107,76,0,0.585
255,Ryan Folmar,Head Coach,,14,587,440,285,1,0.607
256,Eric Folmar,Head Coach,,7,380,94,148,0,0.388
257,Scott Forbes,Head Coach,,6,543,212,105,1,0.668
258,Jeff Forehand,Head Coach,,26,411,722,681,1,0.515
259,Zach Foster,Head Coach,,10,610,107,169,0,0.388
260,Chris Francis,Head Coach,,15,848,223,298,3,0.428
261,Arlan Freeman,Head Coach,,8,2240,79,149,0,0.346
262,Joe Fucarino,Head Coach,,21,498,537,420,0,0.561
263,Dane Fujinaka,Head Coach,,5,322,107,107,0,0.5
264,Daniel Furbeck,Head Coach,,3,666,25,61,0,0.291
265,Mike Gaffney,Head Coach,,6,4,140,97,0,0.591
266,Kassidy Gaines,Head Coach,,3,678,62,48,0,0.564
267,Vinny Gallo,Head Coach,,9,964,134,127,0,0.513
268,Joe Galvin,Head Coach,,2,260,13,22,0,0.371
269,Mike Gambino,Head Coach,,16,601,357,419,0,0.46
270,Jim Gantt,Head Coach,,30,127,1050,518,0,0.67
271,Rudy Garbalosa,Head Coach,,26,427,696,557,4,0.555
272,Jose Garcia,Head Coach,,4,111,83,71,0,0.539
273,Rich Gawlak,Head Coach,,6,759,98,98,1,0.5
274,Aaron Gentry,Head Coach,,11,593,147,230,0,0.39
275,Billy Gernon,Head Coach,,25,894,488,714,3,0.406
276,Zack Getsee,Head Coach,,10,794,183,166,0,0.524
277,Jordan Getzelman,Head Coach,,1,527,5,5,0,0.5
278,Rick Giannetti,Head Coach,,25,213,564,552,2,0.505
279,Craig Gibson,Head Coach,,23,462,739,506,0,0.594
280,Shawn Gilblair,Head Coach,,3,495,60,33,0,0.645
281,Andrew Gipson,Head Coach,,3,533,65,39,0,0.625
282,Mike Givens,Head Coach,,1,953,6,9,0,0.4
283,Mike Gladu,Head Coach,,11,455,75,207,1,0.267
284,Mike Glavine,Head Coach,,12,551,360,228,1,0.612
285,Cliff Godwin,Head Coach,,12,220,439,219,2,0.667
286,Greg Goff,Head Coach,,21,627,515,472,1,0.522
287,Dan Gomez,Head Coach,,13,895,244,188,5,0.564
288,Anthony Goncalves,Head Coach,,5,237,54,96,1,0.361
289,Jason Gonzales,Head Coach,,18,779,505,363,0,0.582
290,Ryan Good,Head Coach,,19,269,361,373,0,0.492
291,Keith Gorman,Head Coach,,7,835,167,120,0,0.582
292,Adam Goss,Head Coach,,3,958,45,40,1,0.529
293,Erik Grafton,Head Coach,,8,195,97,148,0,0.396
294,James Grandey,Head Coach,,23,85,343,478,1,0.418
295,Trennis Grant,Head Coach,,4,967,64,92,0,0.41
296,Travis Graves,Head Coach,,1,787,11,7,0,0.611
297,Jerry Greeley,Head Coach,,24,378,378,415,4,0.477
298,Brian Green,Head Coach,,12,906,310,269,1,0.535
299,Ben Greenspan,Head Coach,,3,559,48,66,0,0.421
300,Kellen Greer,Head Coach,,5,572,68,104,0,0.395
301,Jeff Gregory,Head Coach,,16,917,486,304,1,0.615
302,Tom Griffin,Head Coach,,29,125,755,616,2,0.551
303,Dave Griffin,Head Coach,,10,629,159,216,0,0.424
304,Mitchell Griffiths,Head Coach,,2,930,33,15,0,0.688
305,Scott Grimes,Head Coach,,7,526,89,102,0,0.466
306,Benjamin Grimm,Head Coach,,15,768,199,283,1,0.413
307,Antonio Grissom,Head Coach,,8,506,100,176,1,0.363
308,Tod Gross,Head Coach,,14,515,198,249,2,0.443
309,Rob Grow,Head Coach,,34,647,591,565,2,0.511
310,John-Michael Guarino,Head Coach,,2,752,20,30,0,0.4
311,Alex Guerra,Head Coach,,4,634,60,111,0,0.351
312,Greg Guilliams,Head Coach,,36,264,1220,606,2,0.668
313,Jimmy Gulden,Head Coach,,1,206,4,0,0,1
314,Patrick Gully,Head Coach,,1,507,2,4,0,0.333
315,Andrew Gummow,Head Coach,,3,679,53,59,0,0.473
316,Tim Gurnow,Head Coach,,3,454,40,73,0,0.354
317,Steve Gust,Head Coach,,18,481,424,407,0,0.51
318,Mike Guy,Head Coach,,3,908,53,31,0,0.631
319,Justin Haire,Head Coach,,12,576,332,257,0,0.564
320,Chip Hale,Head Coach,,5,31,155,104,0,0.598
321,Bryan Haley,Head Coach,,19,246,524,251,0,0.676
322,Ben Hall,Head Coach,,12,519,217,334,0,0.394
323,Cory Hall,Head Coach,,2,886,43,27,0,0.614
324,Chadwick Hall,Head Coach,,4,804,49,112,0,0.304
325,Patrick Hallmark,Head Coach,,9,846,264,160,0,0.623
326,Kyle Hallock,Head Coach,,6,89,126,144,0,0.467
327,Jeff Halstead,Head Coach,,12,625,188,226,0,0.454
328,Fritz Hamburg,Head Coach,,18,668,395,434,2,0.477
329,Brian Hamm,Head Coach,,17,938,398,206,0,0.659
330,Joey Hammond,Head Coach,,5,326,124,119,0,0.51
331,Mike Hampton,Head Coach,,7,740,142,139,2,0.505
332,Chris Hanks,Head Coach,,28,172,1125,430,0,0.723
333,Mitch Hannahs,Head Coach,,13,712,396,242,1,0.621
334,Craig Hanson,Head Coach,,20,211,323,342,3,0.486
335,Steve Hardman,Head Coach,,15,212,234,298,0,0.44
336,Carlton Hardy,Head Coach,,29,16,523,680,1,0.435
337,Brent Haring,Head Coach,,2,537,24,40,0,0.375
338,Brett Harker,Head Coach,,8,406,164,217,0,0.43
339,Nick Harlan,Head Coach,,16,135,498,340,0,0.594
340,Jordan Harlow,Head Coach,,1,410,8,3,0,0.727
341,Donny Harrel,Head Coach,,17,693,341,489,2,0.411
342,Chad Harris,Head Coach,,9,925,112,161,0,0.41
343,Brian Harrison,Head Coach,,19,55,490,302,1,0.619
344,Dan Hartleb,Head Coach,,21,345,604,447,1,0.575
345,John Harvell,Head Coach,,26,150,683,334,3,0.671
346,John Harvey,Head Coach,,22,34,575,458,0,0.557
347,Joey Hawkins,Head Coach,,2,492,37,30,0,0.552
348,Jeremy Haworth,Head Coach,,15,487,326,340,1,0.49
349,Chris Hayes,Head Coach,,10,356,260,228,0,0.533
350,Justin Haywood,Head Coach,,6,408,137,109,0,0.557
351,J.R. Head,Head Coach,,2,731,35,32,0,0.522
352,Scott Hearn,Head Coach,,6,443,29,156,0,0.157
353,Scott Heath,Head Coach,,1,721,20,19,0,0.513
354,Scott Heather,Head Coach,,14,98,244,338,4,0.42
355,Ray Hedrick,Head Coach,,22,636,527,311,6,0.628
356,Dan Heefner,Head Coach,,19,201,701,349,1,0.667
357,Jeremy Hefele,Head Coach,,3,296,18,33,0,0.353
358,Rick Heller,Head Coach,,39,353,1082,804,6,0.573
359,Joe Heller,Head Coach,,3,236,22,61,0,0.265
360,Clint Helton,Head Coach,,7,449,141,91,0,0.608
361,Brandon Hemmings,Head Coach,,10,12,247,152,0,0.619
362,Gary Henderson,Head Coach,,15,841,426,372,2,0.534
363,Jake Hendrick,Head Coach,,10,630,189,248,0,0.432
364,Rodney Hennon,Head Coach,,29,282,966,669,1,0.591
365,Robert Henry,Head Coach,,14,373,203,335,2,0.378
366,Neil Herman,Head Coach,,3,850,27,54,0,0.333
367,Jonathan Hernandez,Head Coach,,7,77,161,163,0,0.497
368,Paul Hesse,Head Coach,,30,510,617,475,4,0.565
369,Charlie Hickey,Head Coach,,30,136,801,644,6,0.554
370,Grant Hieb,Head Coach,,10,704,171,249,0,0.407
371,Rich Hill,Head Coach,,39,320,1216,823,4,0.596
372,Adam Hill,Head Coach,,2,545,8,31,0,0.205
373,Brad Hill,Head Coach,,2,377,20,48,0,0.294
374,Mike Hill,Head Coach,,4,71,88,60,0,0.595
375,Justin Hill,Head Coach,,13,457,371,291,0,0.56
376,Oscar Hirschkorn,Head Coach,,21,279,515,456,0,0.53
377,Chad Holbrook,Head Coach,,14,167,467,258,0,0.644
378,Frank Holbrook,Head Coach,,6,96,118,56,1,0.677
379,Alec Holcomb,Head Coach,,4,123,32,73,0,0.305
380,Todd Holland,Head Coach,,23,33,551,528,0,0.511
381,Aaron Holley,Head Coach,,13,637,251,206,2,0.549
382,Tim Hollibaugh,Head Coach,,32,306,477,558,0,0.461
383,Josh Holliday,Head Coach,,14,581,484,266,2,0.645
384,Steve Holm,Head Coach,,8,347,171,190,0,0.474
385,Zach Honeycutt,Head Coach,,4,439,50,117,0,0.299
386,Jared Hood,Head Coach,,12,223,317,176,0,0.643
387,Randy Hood,Head Coach,,7,829,189,125,0,0.602
388,Cody Hooten,Head Coach,,16,324,418,344,1,0.548
389,Ryan Horning,Head Coach,,13,276,233,188,4,0.553
390,Pat Horvath,Head Coach,,16,359,294,356,1,0.452
391,Christopher Howard,Head Coach,,12,600,184,187,0,0.496
392,Luke Howard,Head Coach,,8,592,180,160,0,0.529
393,Chris Howell,Head Coach,,10,45,154,266,0,0.367
394,Tim Huber,Head Coach,,18,47,641,286,1,0.691
395,Pete Hughes,Head Coach,,29,367,860,664,3,0.564
396,J.D. Hulse,Head Coach,,1,849,6,12,0,0.333
397,Matt Husted,Head Coach,,14,900,228,267,0,0.461
398,Marlin Ikenberry,Head Coach,,22,358,524,560,1,0.483
399,Michael Impellittiere,Head Coach,,9,876,143,144,1,0.498
400,Todd Interdonato,Head Coach,,19,87,512,486,1,0.513
401,Neil Ioviero,Head Coach,,29,368,847,372,4,0.694
402,Jeremy Ische,Head Coach,,8,729,114,178,0,0.39
403,Kerrick Jackson,Head Coach,,7,490,125,168,0,0.427
404,Justin James,Head Coach,,8,617,240,110,1,0.685
405,Tony Jandron,Head Coach,,2,557,40,31,0,0.563
406,Mick Janosko,Head Coach,,29,677,500,595,0,0.457
407,Link Jarrett,Head Coach,,14,267,425,264,0,0.617
408,Dave Jarvis,Head Coach,,29,65,794,752,2,0.514
409,Mike Jeffcoat,Head Coach,,21,883,687,374,0,0.648
410,Jeff Jefferson,Head Coach,,2,273,56,16,0,0.778
411,Ryan Jenkins,Head Coach,,9,839,138,255,0,0.351
412,Luke Johnson,Head Coach,,21,550,385,416,0,0.481
413,Jay Johnson,Head Coach,,14,422,518,252,0,0.673
414,Omar Johnson,Head Coach,,20,355,611,399,1,0.605
415,Skip Johnson,Head Coach,,9,580,279,177,0,0.612
416,Reginald Johnson II,Head Coach,,15,234,382,325,0,0.54
417,Patrick Jolley,Head Coach,,3,638,76,49,1,0.607
418,Matt Jones,Head Coach,,27,700,633,585,3,0.52
419,Steve Jones,Head Coach,,18,521,555,404,0,0.579
420,Jake Jourdain,Head Coach,,4,898,65,74,0,0.468
421,Alex Jurczynski,Head Coach,,3,702,37,79,0,0.319
422,Ed Kahovec,Head Coach,,11,332,141,261,1,0.351
423,Brett Kaminski,Head Coach,,2,649,27,23,1,0.539
424,Jim Kane,Head Coach,,26,159,440,421,1,0.511
425,Seth Kaplan,Head Coach,,7,897,82,103,1,0.444
426,Cody Kauffman,Head Coach,,3,641,33,43,0,0.434
427,Mike Kazlausky,Head Coach,,16,6,341,450,0,0.431
428,Brian Kehew,Head Coach,,7,959,36,169,1,0.177
429,Josh Keim,Head Coach,,2,669,29,37,0,0.439
430,Michael Kellar,Head Coach,,2,344,29,22,0,0.569
431,Ryan Kelley,Head Coach,,18,874,521,334,1,0.609
432,Kevin Kelley,Head Coach,,7,653,125,108,3,0.536
433,Justin Kelley,Head Coach,,4,879,44,71,0,0.383
434,Mike Kelley,Head Coach,,11,451,160,160,0,0.5
435,Frank Kellner,Head Coach,,3,746,61,60,0,0.504
436,David Kelton,Head Coach,,13,385,320,179,0,0.641
437,Mike Kennedy,Head Coach,,30,239,888,723,3,0.551
438,Michael Kerran,Head Coach,,1,493,7,9,0,0.438
439,Jordan Keur,Head Coach,,3,303,83,40,0,0.675
440,Jeff Kilgore,Head Coach,,13,242,233,346,0,0.402
441,Doug Kimbler,Head Coach,,14,568,236,219,1,0.519
442,Ben Kincaid,Head Coach,,10,927,132,177,0,0.427
443,Jayson King,Head Coach,,28,200,849,516,4,0.622
444,Brian Kitamura,Head Coach,,11,903,187,203,0,0.479
445,Chris Klimas,Head Coach,,12,654,286,238,0,0.546
446,Steve Kline,Head Coach,,5,350,121,99,0,0.55
447,Ryan Klosterman,Head Coach,,7,97,163,121,2,0.573
448,Casey Klunder,Head Coach,,5,866,78,90,0,0.464
449,Paul Knight,Head Coach,,23,2258,616,538,1,0.534
450,Josh Knight,Head Coach,,3,103,9,69,0,0.115
451,Alex Koch,Head Coach,,12,875,254,254,0,0.5
452,John Kochmansky,Head Coach,,19,222,540,328,5,0.621
453,Fico Kondla,Head Coach,,3,166,54,64,0,0.458
454,Chad Konishi,Head Coach,,3,952,37,78,0,0.322
455,Bob Koopmann,Head Coach,,20,651,365,362,1,0.502
456,Kevin Kopple,Head Coach,,7,288,102,120,0,0.459
457,Conor Kortmann,Head Coach,,6,662,74,96,1,0.436
458,Matt Kosderka,Head Coach,,9,404,125,168,1,0.427
459,Andrew Kowalo,Head Coach,,2,699,34,28,0,0.548
460,Jacob Kraft,Head Coach,,2,81,11,31,0,0.262
461,Ryan Kragh,Head Coach,,22,75,412,335,0,0.552
462,Jake Krupar,Head Coach,,4,517,73,52,0,0.584
463,Karl Kuhn,Head Coach,,5,144,88,88,0,0.5
464,Ryan Kulik,Head Coach,,7,661,111,94,0,0.541
465,Bill Kurich,Head Coach,,20,877,612,241,0,0.717
466,Brandon Kusler,Head Coach,,1,555,0,5,0,0
467,Mike LaRosa,Head Coach,,15,882,369,228,3,0.618
468,Tyler LaTorre,Head Coach,,4,607,95,76,3,0.555
469,Scott Landers,Head Coach,,15,590,357,194,1,0.648
470,Chris Langan,Head Coach,,23,256,559,520,0,0.518
471,Jimmy Latona,Head Coach,,3,465,38,62,0,0.38
472,Mike Lauterhahn,Head Coach,,19,931,382,294,5,0.565
473,Scott Laverty,Head Coach,,27,142,609,438,1,0.582
474,Bradley LeCroy,Head Coach,,4,405,101,83,0,0.549
475,Sean Leary,Head Coach,,31,397,624,765,8,0.45
476,Larry Lee,Head Coach,,24,105,718,559,2,0.562
477,Kevin Leighton,Head Coach,,21,270,534,515,2,0.509
478,Darrin Lenhart,Head Coach,,1,235,5,1,0,0.833
479,Mike Leonard,Head Coach,,17,474,312,237,0,0.568
480,Kenny Leonesio,Head Coach,,23,754,529,582,3,0.476
481,Frank Leoni,Head Coach,,33,509,685,787,6,0.465
482,Neil Lerner,Head Coach,,7,180,110,143,0,0.435
483,Ryan Lewicki,Head Coach,,8,902,144,162,0,0.471
484,Andrew Liberty,Head Coach,,2,170,16,50,0,0.242
485,Scott Lieser,Head Coach,,1,667,2,1,0,0.667
486,Todd Lillpop,Head Coach,,25,381,532,590,0,0.474
487,Kyle Lindsay,Head Coach,,5,834,66,97,0,0.405
488,Brett Lindsay,Head Coach,,1,2259,1,7,0,0.125
489,Lee Lipinski,Head Coach,,2,645,37,21,0,0.638
490,Charlie Long,Head Coach,,26,912,551,515,5,0.517
491,Geoff Loomis,Head Coach,,24,619,563,463,3,0.549
492,Dave Lorber,Head Coach,,8,502,152,88,1,0.633
493,Scott Losche,Head Coach,,10,130,142,140,1,0.504
494,Sean Loyd,Head Coach,,12,889,292,214,0,0.577
495,Nick Luciano,Head Coach,,2,113,21,31,0,0.404
496,Paul Ludden,Head Coach,,6,769,63,103,0,0.38
497,Yogi Lutz,Head Coach,,40,22,1024,512,13,0.665
498,Stephen Lynn,Head Coach,,21,339,325,453,0,0.418
499,Sean Lyons,Head Coach,,10,705,193,258,1,0.428
500,Ryan MacFarlane,Head Coach,,3,389,41,40,1,0.506
501,Mark Machtolf,Head Coach,,23,299,626,535,2,0.539
502,Matt Magers,Head Coach,,18,484,686,219,1,0.758
503,Paul Mainieri,Head Coach,,41,710,1542,811,7,0.655
504,Steve Malinowski,Head Coach,,5,317,48,118,1,0.29
505,Scott Malone,Head Coach,,19,1,450,523,2,0.463
506,Rich Maloney,Head Coach,,31,56,1029,674,2,0.604
507,Greg Mamula,Head Coach,,7,204,218,133,0,0.621
508,Scott Manahan,Head Coach,,6,122,48,127,0,0.274
509,Henry Manning,Head Coach,,26,594,570,569,4,0.5
510,Marc Marizzaldi,Head Coach,,23,695,780,386,1,0.669
511,Matt Marsh,Head Coach,,1,659,1,0,0,1
512,Lance Marshall,Head Coach,,29,275,662,468,0,0.586
513,Chris Marston,Head Coach,,10,624,84,211,0,0.285
514,Jon Martin,Head Coach,,21,61,232,399,1,0.368
515,John Martin,Head Coach,,11,245,330,184,1,0.642
516,Jim Martin,Head Coach,,5,761,86,110,0,0.439
517,Jake Martin,Head Coach,,17,862,356,280,0,0.56
518,Chris Marx,Head Coach,,2,120,29,38,0,0.433
519,Ed Mathey,Head Coach,,33,544,802,698,4,0.535
520,Derek Matlock,Head Coach,,9,845,233,187,0,0.555
521,Mike Mauro,Head Coach,,18,755,325,290,1,0.528
522,Tim Mayo,Head Coach,,8,538,133,109,1,0.549
523,Matt Mazurek,Head Coach,,9,121,171,196,2,0.466
524,Trey McCall,Head Coach,,22,244,195,574,0,0.254
525,Rick McCarty,Head Coach,,8,2,208,162,0,0.562
526,Robbie McClellan,Head Coach,,8,540,155,178,1,0.466
527,John McCormack,Head Coach,,18,262,583,378,2,0.606
528,Rob McCoy,Head Coach,,18,910,325,500,4,0.394
529,Sean McDermott,Head Coach,,8,817,185,181,0,0.505
530,Ty McDevitt,Head Coach,,2,483,33,31,0,0.516
531,Matt McDonald,Head Coach,,32,748,679,454,0,0.599
532,Josh McDonald,Head Coach,,8,283,187,158,0,0.542
533,Dan McDonnell,Head Coach,,20,421,800,364,1,0.687
534,Blake McFadden,Head Coach,,1,196,2,4,0,0.333
535,Patrick McGaha,Head Coach,,25,315,712,533,1,0.572
536,Casey McGehee,Head Coach,,4,831,60,99,0,0.377
537,Mike McGuire,Head Coach,,17,919,518,387,1,0.572
538,Kyle McLain,Head Coach,,8,218,88,159,0,0.356
539,Tim Mead,Head Coach,,43,865,963,974,7,0.497
540,Skylar Meade,Head Coach,,5,799,153,96,0,0.614
541,Santiago Mendez,Head Coach,,4,585,28,88,0,0.241
542,Joe Mercadante,Head Coach,,3,547,56,65,1,0.463
543,Jeff Mercer,Head Coach,,10,349,289,194,1,0.598
544,Cody Mercier,Head Coach,,1,401,20,18,0,0.526
545,Troy Merriman,Head Coach,,1,791,2,9,0,0.182
546,Jeff Messer,Head Coach,,41,707,1159,762,5,0.603
547,Mason Meyer,Head Coach,,1,656,5,1,0,0.833
548,Jerry Meyers,Head Coach,,10,473,246,259,0,0.487
549,Matt Michalski,Head Coach,,2,375,16,21,0,0.432
550,Matt Midkiff,Head Coach,,17,771,315,277,4,0.532
551,Joe Milazzo,Head Coach,,13,844,187,219,3,0.461
552,David Miller,Head Coach,,8,949,161,179,0,0.474
553,Miles Miller,Head Coach,,2,670,11,17,0,0.393
554,A.J. Miller,Head Coach,,4,384,43,114,0,0.274
555,Nick Mingione,Head Coach,,10,372,304,194,0,0.61
556,Chris Moddelmog,Head Coach,,4,724,86,83,0,0.509
557,Clint Mokry,Head Coach,,4,176,96,53,0,0.644
558,Endy Morales,Head Coach,,2,193,25,50,0,0.333
559,Adrian Morales,Head Coach,,3,567,59,50,0,0.541
560,Merrill Morgan,Head Coach,,23,857,394,468,1,0.457
561,Eddy Morgan,Head Coach,,20,178,354,384,0,0.48
562,Chris Morris,Head Coach,,7,494,125,82,0,0.604
563,Tyler Mott,Head Coach,,19,577,325,356,1,0.477
564,Jeff Mountain,Head Coach,,24,867,669,323,2,0.674
565,Jon Mueller,Head Coach,,27,806,522,737,8,0.415
566,Scott Mularz,Head Coach,,5,518,68,81,1,0.457
567,Nate Mulberg,Head Coach,,1,362,6,2,0,0.75
568,John Muller,Head Coach,,9,830,148,155,0,0.488
569,James Mullins,Head Coach,,13,297,246,309,0,0.443
570,Kevin Mulvey,Head Coach,,10,855,142,262,1,0.352
571,Michael Mulvey,Head Coach,,2,313,25,27,0,0.481
572,Brian Murphy,Head Coach,,13,466,279,332,2,0.457
573,Corey Muscara,Head Coach,,1,217,12,3,0,0.8
574,Mike Nadeau,Head Coach,,8,191,166,182,0,0.477
575,Scott Nasby,Head Coach,,14,215,375,279,1,0.573
576,Ross Natoli,Head Coach,,41,128,840,700,18,0.545
577,Jim Neidlinger,Head Coach,,7,674,29,152,0,0.16
578,Brian Nelson,Head Coach,,2,569,20,52,0,0.278
579,Mike Neu,Head Coach,,11,114,260,252,0,0.508
580,Eric Newman,Head Coach,,18,810,546,367,0,0.598
581,Jeff Newman,Head Coach,,13,513,188,254,2,0.426
582,Tommy Nicholson,Head Coach,,5,807,84,134,0,0.385
583,Jordan Niespodziany,Head Coach,,2,209,15,28,0,0.349
584,Kirk Nieuwenhuis,Head Coach,,5,53,125,107,0,0.539
585,Bryan Nikkel,Head Coach,,12,424,265,189,0,0.584
586,Ray Noe,Head Coach,,2,417,25,40,0,0.385
587,Matt Noone,Head Coach,,24,54,526,340,2,0.607
588,Joey Noro,Head Coach,,1,115,4,3,0,0.571
589,Michael Notebaert,Head Coach,,17,463,329,263,2,0.556
590,Craig Noto,Head Coach,,5,863,107,118,0,0.476
591,Matt O'Brien,Head Coach,,7,482,82,104,0,0.441
592,Billy O'Conner,Head Coach,,9,937,219,215,0,0.505
593,Brian O'Connor,Head Coach,,23,488,929,390,2,0.704
594,Rick O'Dette,Head Coach,,26,263,723,551,5,0.567
595,Paul O'Neil,Head Coach,,30,828,906,563,1,0.617
596,Kevin O'Sullivan,Head Coach,,19,265,769,372,0,0.674
597,Tyler Oakes,Head Coach,,5,546,96,124,1,0.437
598,T.J. Oakes,Head Coach,,5,928,83,78,0,0.516
599,Mike Odenwaelder,Head Coach,,4,226,96,42,0,0.696
600,Chris Olean,Head Coach,,17,750,416,266,1,0.61
601,Rick Oliveri,Head Coach,,4,425,46,79,0,0.368
602,Ben Orloff,Head Coach,,8,808,254,119,0,0.681
603,Keith Osik,Head Coach,,20,253,454,294,0,0.607
604,Christian Ostrander,Head Coach,,3,722,101,38,0,0.727
605,Mike Ott,Head Coach,,14,365,291,222,1,0.567
606,Ryan Overland,Head Coach,,4,280,101,89,0,0.532
607,Steve Owens,Head Coach,,35,660,1081,611,3,0.639
608,Larry Owens,Head Coach,,10,732,213,230,0,0.481
609,Matt Padgett,Head Coach,,1,59,3,11,0,0.214
610,Jim Page,Head Coach,,38,478,886,625,3,0.586
611,Trevor Paine,Head Coach,,8,963,206,133,1,0.607
612,Matt Palm,Head Coach,,20,259,566,318,2,0.64
613,Kyle Palmer,Head Coach,,7,783,137,94,0,0.593
614,Vaughn Parker,Head Coach,,3,916,29,49,1,0.373
615,Matt Parrington,Head Coach,,27,428,403,526,2,0.434
616,Kevin Paxson,Head Coach,,3,221,28,88,0,0.241
617,Rich Pecoraro,Head Coach,,2,741,5,25,0,0.167
618,Rob Pegg,Head Coach,,21,1010,492,544,2,0.475
619,Jeff Pelkey,Head Coach,,1,293,6,12,0,0.333
620,Ford Pemberton,Head Coach,,1,820,8,7,0,0.533
621,Jim Penders,Head Coach,,23,816,778,503,5,0.607
622,Joe Pennucci,Head Coach,,9,248,240,164,0,0.594
623,Dan Pepicelli,Head Coach,,21,182,334,373,3,0.473
624,Bobby Perez,Head Coach,,2,243,36,20,0,0.643
625,Frank Pericolosi,Head Coach,,23,618,557,343,1,0.619
626,C.J. Perry,Head Coach,,9,905,155,160,0,0.492
627,Dean Peterson,Head Coach,,3,143,71,47,0,0.602
628,Torry Peterson,Head Coach,,3,751,38,54,0,0.413
629,Justin Pettigrew,Head Coach,,10,716,318,154,0,0.674
630,Dizzy Peyton,Head Coach,,5,554,122,115,0,0.515
631,Chris Pfatenhauer,Head Coach,,16,842,414,365,1,0.531
632,Paul Phillips,Head Coach,,4,402,67,75,0,0.472
633,Justin Phillips,Head Coach,,2,2242,24,44,0,0.353
634,David Pierce,Head Coach,,15,643,514,300,0,0.631
635,Davin Pierre,Head Coach,,5,301,110,122,0,0.474
636,Adam Piotrowicz,Head Coach,,4,665,107,68,0,0.611
637,Dan Pirillo,Head Coach,,10,413,222,221,0,0.501
638,Ron Plourde,Head Coach,,27,706,483,495,4,0.494
639,Chris Pollard,Head Coach,,27,856,817,616,3,0.57
640,Elton Pollock,Head Coach,,22,622,432,692,1,0.384
641,Nick Pontari,Head Coach,,5,764,83,89,1,0.483
642,Nick Popp,Head Coach,,1,390,12,7,0,0.632
643,Brent Porche,Head Coach,,14,840,456,224,0,0.671
644,Evan Porter,Head Coach,,10,586,179,256,2,0.412
645,Adam Posey,Head Coach,,7,224,70,129,0,0.352
646,Johnny Poss,Head Coach,,7,155,141,74,0,0.656
647,Kevin Post,Head Coach,,3,387,21,62,0,0.253
648,Brandon Potter,Head Coach,,17,739,455,214,1,0.68
649,George Powell,Head Coach,,27,591,623,447,1,0.582
650,Landon Powell,Head Coach,,12,549,450,147,1,0.753
651,Jad Prachniak,Head Coach,,13,542,338,239,2,0.585
652,Trent Pratt,Head Coach,,5,101,95,101,0,0.485
653,Riley Price,Head Coach,,7,230,103,174,0,0.372
654,D.J. Price,Head Coach,,2,58,36,32,0,0.529
655,Phil Price,Head Coach,,3,934,51,64,0,0.443
656,Bob Prince,Head Coach,,15,822,264,267,2,0.497
657,Frank Pufall,Head Coach,,10,72,93,235,0,0.284
658,Trevor Purcell,Head Coach,,4,514,48,75,1,0.391
659,J.P. Pyne,Head Coach,,19,24,326,283,3,0.535
660,Sam Quinn-Loeb,Head Coach,,5,615,74,76,0,0.493
661,Brian Raabe,Head Coach,,15,76,357,187,0,0.656
662,Alex Raburn,Head Coach,,1,826,6,7,0,0.462
663,Craig Rainey,Head Coach,,33,5,848,511,0,0.624
664,John Raiola,Head Coach,,6,238,79,97,0,0.449
665,Chris Ramirez,Head Coach,,13,720,388,236,1,0.622
666,James Ramsey,Head Coach,,1,295,12,1,0,0.923
667,Marc Rardin,Head Coach,,4,893,122,69,0,0.639
668,Nate Rasmussen,Head Coach,,2,843,38,35,0,0.521
669,Lance Ratchford,Head Coach,,8,438,122,165,0,0.425
670,Ian Ratchford,Head Coach,,2,13,21,45,0,0.318
671,Brett Ratcliffe,Head Coach,,2,796,15,33,0,0.313
672,Jason Rathbun,Head Coach,,4,736,50,107,0,0.318
673,Johnathan Ray,Head Coach,,5,570,48,104,1,0.317
674,Robbie Rea,Head Coach,,1,139,10,7,0,0.588
675,Al Ready,Head Coach,,8,818,206,150,0,0.579
676,Stein Rear,Head Coach,,16,124,229,313,0,0.423
677,Chris Reardon,Head Coach,,19,631,381,360,1,0.514
678,Sherman Reed,Head Coach,,16,181,194,490,2,0.284
679,Ben Reel,Head Coach,,17,64,561,316,1,0.64
680,Patrick Reilly,Head Coach,,3,921,23,60,0,0.277
681,Joe Reina,Head Coach,,24,650,505,390,2,0.564
682,Rob Reinstetle,Head Coach,,7,792,147,169,0,0.465
683,Brian Reitnour,Head Coach,,15,336,205,285,0,0.418
684,Scott Renauro,Head Coach,,8,225,99,145,0,0.406
685,Jeremy Renna,Head Coach,,2,939,1,29,0,0.033
686,Anthony Renz,Head Coach,,3,179,38,43,0,0.469
687,Brooks Repking,Head Coach,,4,749,67,57,0,0.54
688,Matt Reynolds,Head Coach,,11,880,180,268,3,0.402
689,Grant Reynolds,Head Coach,,4,1083,26,100,0,0.206
690,Lance Rhodes,Head Coach,,7,719,200,123,0,0.619
691,Nat Richter,Head Coach,,6,926,150,80,0,0.652
692,Matt Richter,Head Coach,,4,131,53,112,0,0.321
693,Bob Rients,Head Coach,,21,480,433,505,0,0.462
694,Matthew Rienzi,Head Coach,,2,161,17,19,0,0.472
695,Auntwan Riggins,Head Coach,,11,621,179,310,0,0.366
696,Matt Righter,Head Coach,,13,758,161,233,2,0.409
697,Tom Riley,Head Coach,,10,298,210,211,1,0.499
698,Patrick Riley,Head Coach,,7,899,101,109,0,0.481
699,Ryan Rinsky,Head Coach,,8,635,139,98,1,0.586
700,Brett Ripley,Head Coach,,4,199,19,138,0,0.121
701,Matt Riser,Head Coach,,13,461,368,298,0,0.553
702,Chuck Ristano,Head Coach,,3,522,62,51,0,0.549
703,Gregg Ritchie,Head Coach,,14,290,335,343,0,0.494
704,Matt Rix,Head Coach,,8,14,97,165,0,0.37
705,Mike Rizzo,Head Coach,,27,904,425,591,5,0.419
706,Matthew Roberts,Head Coach,,10,475,216,183,1,0.541
707,Sam Roberts,Head Coach,,4,859,90,86,0,0.511
708,Michael Robertson,Head Coach,,24,784,562,640,0,0.468
709,Patrick Robey,Head Coach,,1,63,9,0,0,1
710,Matthew Robinson,Head Coach,,4,727,39,129,0,0.232
711,Mike Rocco,Head Coach,,16,42,211,364,3,0.368
712,Jesse Rodgers,Head Coach,,4,79,79,91,1,0.465
713,Ruben Rodriguez,Head Coach,,2,778,26,42,0,0.382
714,Chris Rodriguez,Head Coach,,1,343,9,4,0,0.692
715,Nathan Roling,Head Coach,,10,703,119,201,0,0.372
716,Manny Roman,Head Coach,,4,254,75,93,1,0.447
717,Andrew Romanella,Head Coach,,4,133,53,70,1,0.431
718,Chandler Rose,Head Coach,,16,503,407,341,0,0.544
719,Chris Rose,Head Coach,,2,505,19,46,0,0.292
720,Adam Rosen,Head Coach,,5,656,104,73,0,0.588
721,Steven Rosen,Head Coach,,2,432,25,33,0,0.431
722,Matt Royer,Head Coach,,28,307,712,509,0,0.583
723,Hunter Royer,Head Coach,,17,10,452,324,2,0.582
724,Tyler Rubasky,Head Coach,,1,25,4,4,1,0.5
725,Nic Rush,Head Coach,,5,146,75,86,0,0.466
726,Kirk Saarloos,Head Coach,,5,775,161,92,0,0.636
727,Steve Sabins,Head Coach,,2,888,52,18,0,0.743
728,Jake Sabol,Head Coach,,11,137,249,227,1,0.523
729,Chase Sain,Head Coach,,6,795,173,104,0,0.625
730,Steve Sakosits,Head Coach,,16,219,299,267,0,0.528
731,Andy Salvatore,Head Coach,,10,57,76,185,1,0.292
732,Will Sanborn,Head Coach,,34,743,853,487,6,0.636
733,Lincoln Sanborn,Head Coach,,0,743,0,0,0,0
734,Brad Sanfilippo,Head Coach,,9,688,176,233,0,0.43
735,Adrian Santiago,Head Coach,,2,511,34,21,0,0.618
736,John Savage,Head Coach,,25,815,822,567,3,0.592
737,Andy Sawyers,Head Coach,,10,713,254,229,0,0.526
738,Justin Scali,Head Coach,,10,609,217,142,1,0.604
739,Tim Scannell,Head Coach,,28,798,883,333,0,0.726
740,Mike Scappa,Head Coach,,15,940,284,259,2,0.523
741,Joe Schaefer,Head Coach,,19,558,558,358,2,0.609
742,Joe Schaly,Head Coach,,33,789,649,662,1,0.495
743,John Schaly,Head Coach,,39,41,1356,745,4,0.645
744,Erik Scherer,Head Coach,,3,104,64,33,0,0.66
745,Matt Schissel,Head Coach,,5,632,149,94,0,0.613
746,Jim Schlossnagle,Head Coach,,25,781,1002,469,0,0.681
747,Brian Schmack,Head Coach,,13,851,217,377,0,0.365
748,Kevin Schnall,Head Coach,,2,163,63,18,0,0.778
749,Chris Schoen,Head Coach,,10,464,165,221,2,0.428
750,Rob Schrier,Head Coach,,1,642,9,2,0,0.818
751,Andy Schwall,Head Coach,,10,920,96,217,0,0.307
752,Chris Schwarz,Head Coach,,21,922,534,341,2,0.61
753,Thomas Seay,Head Coach,,8,767,111,111,0,0.5
754,Colt Sedbrook,Head Coach,,3,187,44,45,0,0.494
755,Andrew See,Head Coach,,1,573,2,11,0,0.154
756,Ed Servais,Head Coach,,31,186,907,507,2,0.641
757,Chad Shade,Head Coach,,1,734,1,1,0,0.5
758,Cole Shaffer,Head Coach,,1,948,5,3,0,0.625
759,Phill Shallenberger,Head Coach,,9,467,178,135,1,0.568
760,Chris Shank,Head Coach,,10,723,217,132,1,0.621
761,Tim Shea,Head Coach,,25,718,619,437,8,0.586
762,Jon Shehan,Head Coach,,19,476,649,289,1,0.692
763,Rob Sheppard,Head Coach,,23,694,571,562,3,0.504
764,Jamie Shevchik,Head Coach,,25,376,739,307,0,0.707
765,Brandon Shileikis,Head Coach,,1,452,4,2,0,0.667
766,Ryan Shotzberger,Head Coach,,7,819,129,162,0,0.443
767,Jamey Shouppe,Head Coach,,13,266,229,327,0,0.412
768,Mike Silva,Head Coach,,5,37,135,102,0,0.57
769,Doug Simons,Head Coach,,20,185,344,416,0,0.453
770,Tim Sinicki,Head Coach,,34,78,729,753,9,0.492
771,Jay Sirianni,Head Coach,,7,682,158,156,0,0.503
772,Jon Sjogren,Head Coach,,36,655,902,757,6,0.544
773,Tad Skelley,Head Coach,,4,853,36,77,0,0.319
774,Dan Skirka,Head Coach,,8,516,219,155,0,0.586
775,Ray Skjold,Head Coach,,8,620,159,143,0,0.526
776,Adam Skonieczki,Head Coach,,4,400,87,55,1,0.612
777,Brian Smiley,Head Coach,,3,470,70,54,0,0.565
778,Kermit Smith,Head Coach,,25,29,676,615,2,0.524
779,Matt Smith,Head Coach,,1,177,2,6,0,0.25
780,Bob Smith,Head Coach,,1,149,3,10,0,0.231
781,Fuller Smith,Head Coach,,3,773,63,66,0,0.488
782,Eddie Smith,Head Coach,,5,870,113,127,0,0.471
783,Jimmy Smith,Head Coach,,3,648,36,66,0,0.353
784,Jeff Smith,Head Coach,,7,884,130,137,0,0.487
785,Jerry Smith,Head Coach,,15,530,190,311,2,0.38
786,Adam Smith,Head Coach,,16,70,419,201,0,0.676
787,Tracy Smith,Head Coach,,29,471,905,696,1,0.565
788,Jay Snyder,Head Coach,,2,534,36,34,0,0.514
789,Nolan Soete,Head Coach,,11,597,208,181,0,0.535
790,Alex Sogard,Head Coach,,8,936,228,140,0,0.62
791,Clemente Sosa,Head Coach,,1,361,4,10,0,0.286
792,Dan Spain,Head Coach,,15,216,390,291,1,0.573
793,Matt Spatafora,Head Coach,,2,536,20,36,0,0.357
794,Tanner Spencer,Head Coach,,7,442,123,144,0,0.461
795,Lance Spongberg,Head Coach,,1,535,3,14,0,0.176
796,Ben Spotts,Head Coach,,14,94,249,244,2,0.505
797,Robert Spratt,Head Coach,,19,147,345,392,1,0.468
798,Andy Stankiewicz,Head Coach,,15,717,455,313,3,0.592
799,Bryan Stark,Head Coach,,1,801,16,21,0,0.432
800,Mike Stawski,Head Coach,,14,444,357,199,1,0.642
801,Gene Stechschulte,Head Coach,,15,575,311,220,0,0.586
802,Brandon Steele,Head Coach,,8,803,166,166,0,0.5
803,Rod Stephan,Head Coach,,15,583,292,230,3,0.559
804,Adam Stevens,Head Coach,,23,49,575,336,0,0.631
805,Ryan Stevens,Head Coach,,7,765,62,117,0,0.346
806,Shawn Stiffler,Head Coach,,14,565,436,271,0,0.617
807,Mike Stockton,Head Coach,,25,911,716,543,1,0.569
808,Stan Stolte,Head Coach,,11,832,258,250,0,0.508
809,Desi Storey,Head Coach,,35,140,733,858,2,0.461
810,Logan Stout,Head Coach,,2,35,24,43,0,0.358
811,Heath Stover,Head Coach,,9,415,111,196,1,0.362
812,Ryan Strain,Head Coach,,9,512,238,162,0,0.595
813,Bernie Stratchko,Head Coach,,10,745,93,156,2,0.375
814,Austin Straub,Head Coach,,4,1056,50,63,0,0.442
815,Brad Stromdahl,Head Coach,,14,294,476,270,0,0.638
816,Noah Suarez,Head Coach,,4,249,46,72,0,0.39
817,Zach Sugar,Head Coach,,0,341,0,0,0,0
818,Alan Sumner,Head Coach,,38,287,716,750,4,0.488
819,John Susi,Head Coach,,25,890,341,554,2,0.381
820,Paul Svagdis,Head Coach,,30,951,862,512,2,0.627
821,Pedro Swann,Head Coach,,4,205,28,125,0,0.183
822,Kane Sweeney,Head Coach,,2,837,43,32,0,0.573
823,Aaron Swick,Head Coach,,18,933,360,295,2,0.549
824,Kelly Swiney,Head Coach,,18,445,348,269,1,0.564
825,Matt Swope,Head Coach,,3,446,69,55,0,0.556
826,Drake Sykes,Head Coach,,1,379,0,3,0,0
827,John Szefc,Head Coach,,21,858,622,438,4,0.586
828,Tim Tadlock,Head Coach,,14,786,480,280,0,0.632
829,Jeff Tam,Head Coach,,5,268,103,109,0,0.486
830,Adam Taraska,Head Coach,,12,626,164,217,0,0.43
831,David Taylor,Head Coach,,23,148,716,442,1,0.618
832,Rucker Taylor,Head Coach,,8,198,197,150,0,0.568
833,Carl Tebon,Head Coach,,34,418,667,610,4,0.522
834,Dave Therneau,Head Coach,,2,240,33,31,0,0.516
835,Jason Thiel,Head Coach,,11,450,134,177,0,0.431
836,Chuck Thielmann,Head Coach,,3,30,63,33,0,0.656
837,R.J. Thomas,Head Coach,,16,325,296,342,1,0.464
838,Edwin Thompson,Head Coach,,13,291,287,298,0,0.491
839,Sean Thompson,Head Coach,,2,854,22,45,0,0.328
840,Mitch Thompson,Head Coach,,4,62,81,94,0,0.463
841,Butch Thompson,Head Coach,,11,43,334,235,1,0.587
842,Kevin Tidey,Head Coach,,15,197,490,256,0,0.657
843,Wes Timmons,Head Coach,,11,701,247,215,0,0.535
844,Dan Tischler,Head Coach,,0,901,0,0,0,0
845,Dave Tollett,Head Coach,,24,258,784,484,3,0.618
846,Kevin Tomasiewicz,Head Coach,,13,923,262,203,1,0.563
847,Joseph Tonelli,Head Coach,,27,93,410,561,5,0.423
848,Jose Torres,Head Coach,,19,60,260,350,2,0.426
849,Loren Torres,Head Coach,,22,965,544,303,2,0.642
850,Bryan Torresani,Head Coach,,12,210,269,160,0,0.627
851,Brandon Townsend,Head Coach,,13,477,251,229,0,0.523
852,Ross Trachtenberg,Head Coach,,5,657,46,104,0,0.307
853,Chris Tracz,Head Coach,,17,39,417,354,2,0.541
854,Mike Trapasso,Head Coach,,22,838,560,573,0,0.494
855,Alan Trayler,Head Coach,,2,715,34,35,0,0.493
856,Steve Trimper,Head Coach,,28,756,769,672,3,0.534
857,Sean Trindall,Head Coach,,2,272,30,47,0,0.39
858,Russell Triplett,Head Coach,,16,788,454,309,1,0.595
859,Steven Trout,Head Coach,,7,785,182,139,0,0.567
860,Joe Turgeon,Head Coach,,11,192,232,240,1,0.492
861,Matt Tyner,Head Coach,,10,793,182,317,0,0.365
862,Kevin Tyrrell,Head Coach,,5,814,99,81,0,0.55
863,Billy Uberti,Head Coach,,6,392,95,96,0,0.497
864,Jay Uhlman,Head Coach,,5,802,99,102,0,0.493
865,Zach Ullrich,Head Coach,,6,151,124,106,1,0.539
866,Brock Ungricht,Head Coach,,5,684,137,94,1,0.593
867,Jacob Upwood,Head Coach,,2,596,23,28,0,0.451
868,Joe Urso,Head Coach,,26,772,1077,298,1,0.783
869,Eric Valenzuela,Head Coach,,13,672,358,277,0,0.564
870,David Valesente,Head Coach,,10,354,185,138,1,0.573
871,Dave Van Horn,Head Coach,,33,36,1314,643,0,0.671
872,Kevin Vance,Head Coach,,1,685,8,5,0,0.615
873,Clayton VanderLaan,Head Coach,,4,338,62,59,0,0.512
874,Matt Vanderburg,Head Coach,,18,697,543,329,0,0.623
875,Rob Vaughn,Head Coach,,9,8,268,162,0,0.623
876,Jose Vazquez,Head Coach,,10,11,267,201,0,0.571
877,Nick Vennochi,Head Coach,,10,241,71,208,0,0.254
878,Tom Vessella,Head Coach,,5,328,98,115,0,0.46
879,Mike Victory,Head Coach,,7,334,95,118,0,0.446
880,John Vodenlich,Head Coach,,25,929,807,278,1,0.744
881,Brian Voigt,Head Coach,,3,833,41,69,0,0.373
882,Mike Vucsko,Head Coach,,5,403,122,100,1,0.549
883,Jacob Waddle,Head Coach,,8,346,120,131,0,0.478
884,Derek Waddoups,Head Coach,,7,501,127,155,1,0.451
885,Stephen Waggener,Head Coach,,9,941,267,143,0,0.651
886,Bill Walkenbach,Head Coach,,20,154,394,346,2,0.532
887,Kellen Walker,Head Coach,,13,896,330,222,0,0.598
888,Greg Wallace,Head Coach,,33,46,872,428,2,0.671
889,Rich Wallace,Head Coach,,3,813,72,52,0,0.581
890,Mike Wallerich,Head Coach,,8,747,101,130,0,0.437
891,Gregg Wallis,Head Coach,,4,302,110,80,0,0.579
892,Tom Walter,Head Coach,,30,864,937,718,1,0.566
893,TJ Ward,Head Coach,,1,675,0,8,0,0
894,Mark Wasikowski,Head Coach,,11,588,304,191,0,0.614
895,Rob Watt,Head Coach,,8,508,237,119,0,0.666
896,Shaun Wegner,Head Coach,,3,479,45,81,0,0.357
897,Max Weir,Head Coach,,1,452,4,2,0,0.667
898,Jan Weisberg,Head Coach,,20,228,598,263,1,0.694
899,Luke Wetmore,Head Coach,,14,571,253,258,2,0.495
900,Jim Weyandt,Head Coach,,14,312,209,272,0,0.435
901,Billy Whaley,Head Coach,,2,564,12,27,0,0.308
902,Trent Whitcomb,Head Coach,,2,393,22,20,0,0.524
903,Walt White,Head Coach,,15,110,456,289,0,0.612
904,Tom White,Head Coach,,6,169,56,101,0,0.357
905,Ted White,Head Coach,,9,868,120,135,0,0.471
906,Louis Whitlow,Head Coach,,2,9,15,48,0,0.238
907,Todd Whitting,Head Coach,,16,337,481,368,1,0.566
908,Terrance Whittle,Head Coach,,24,971,333,466,0,0.417
909,Justin Wichert,Head Coach,,4,271,81,85,0,0.488
910,Anthony Williams,Head Coach,,15,281,315,301,1,0.511
911,Kyle Williams,Head Coach,,7,552,75,195,0,0.278
912,Mitch Wilson,Head Coach,,2,316,22,35,0,0.386
913,Nick Winecke,Head Coach,,18,673,315,322,1,0.495
914,Seth Wing,Head Coach,,15,918,246,310,0,0.442
915,Scott Winterburn,Head Coach,,27,383,618,422,4,0.594
916,Rich Witten,Head Coach,,4,261,86,98,0,0.467
917,Robert Woodard,Head Coach,,7,145,189,139,0,0.576
918,Jesse Woods,Head Coach,,8,168,126,79,0,0.615
919,Tyler Wright,Head Coach,,10,107,190,245,0,0.437
920,Selwyn Young,Head Coach,,17,69,311,292,0,0.516
921,Brian Young,Head Coach,,2,399,20,38,0,0.345
922,Garett Yukumoto,Head Coach,,14,321,367,284,4,0.563
923,Matt Yurish,Head Coach,,10,252,161,233,1,0.409
924,John Yurkow,Head Coach,,13,599,248,214,1,0.537
925,Greg Zackrison,Head Coach,,7,95,148,106,0,0.583
926,Ed Zeifert,Head Coach,,10,342,131,193,0,0.404
927,PJ Zocchi,Head Coach,,7,26,133,140,0,0.487
928,Garrett deMarrais,Head Coach,,1,255,7,1,0,0.875
929,Alicia Abbott,Head Coach,,7,1294,125,162,0,0.436
930,Margie Acker,Head Coach,,27,1716,618,434,3,0.587
931,Katie Ackerman,Head Coach,,7,1600,121,169,0,0.417
932,Terri Adams,Head Coach,,18,1844,383,291,3,0.568
933,Scot Adams,Head Coach,,10,1807,201,137,0,0.595
934,Tracie Adix-Zins,Head Coach,,8,1979,132,162,1,0.449
935,Lonni Alameda,Head Coach,,23,1094,989,388,3,0.718
936,Michele Alexander,Head Coach,,5,2070,89,96,0,0.481
937,Megan Aliverti,Head Coach,,2,1665,39,17,0,0.696
938,Alex Allaman,Head Coach,,4,1794,57,73,0,0.438
939,Jenny Allard,Head Coach,,31,1328,740,590,4,0.556
940,Terren Allen,Head Coach,,11,1921,180,171,0,0.513
941,Jessica Allister,Head Coach,,16,1221,595,258,0,0.698
942,Kara Amundson,Head Coach,,14,1355,357,331,1,0.519
943,Summer Anagnostopoulos,Head Coach,,2,1608,31,43,0,0.419
944,Tara Anaya,Head Coach,,2,1894,19,30,0,0.388
945,Susan Anderson,Head Coach,,28,1628,752,600,0,0.556
946,Bruce Anderson,Head Coach,,4,1965,67,69,1,0.493
947,Katie Anderson,Head Coach,,12,2009,131,254,1,0.341
948,Larissa Anderson,Head Coach,,12,1282,382,233,1,0.621
949,Jason Anderson,Head Coach,,19,1512,769,226,0,0.773
950,Katie Apostolopoulos,Head Coach,,5,1564,87,83,0,0.512
951,Holly Aprile,Head Coach,,18,1208,474,405,2,0.539
952,Rebecca Arbino,Head Coach,,4,1740,62,73,1,0.46
953,Natalia Ardagna,Head Coach,,18,1810,329,352,2,0.483
954,Clay Ardeeser,Head Coach,,4,1491,67,86,0,0.438
955,Whitney Arion,Head Coach,,1,2051,4,14,0,0.222
956,Mike Armitage,Head Coach,,5,1363,98,105,0,0.483
957,Jeff Arnold,Head Coach,,5,1962,18,94,0,0.161
958,Joe Ausanio,Head Coach,,18,1111,487,412,1,0.542
959,Erica Ayers,Head Coach,,9,1334,186,215,0,0.464
960,Bill Baber,Head Coach,,12,1958,359,196,1,0.647
961,Mandi Baer,Head Coach,,6,1802,122,77,1,0.613
962,Bob Baginski,Head Coach,,3,1572,31,46,0,0.403
963,Jennifer Bagley Trotter,Head Coach,,25,2061,773,532,0,0.592
964,Giselle Bahena,Head Coach,,0,1727,0,0,0,0
965,Junior Bailey,Head Coach,,10,1598,174,224,0,0.437
966,Leanne Baker,Head Coach,,16,1463,212,395,2,0.35
967,Kayla Baker,Head Coach,,2,1765,16,27,0,0.372
968,Tony Baldwin,Head Coach,,5,1151,181,80,0,0.693
969,Cindy Ball-Malone,Head Coach,,12,1130,370,249,3,0.597
970,Josh Baltz,Head Coach,,4,1702,110,32,0,0.775
971,Patrick Barbour,Head Coach,,1,1415,2,5,0,0.286
972,Josh Barnes,Head Coach,,2,1390,58,17,0,0.773
973,Efrain Barraza,Head Coach,,1,1571,5,13,0,0.278
974,Traci Barrett,Head Coach,,7,1813,152,112,0,0.576
975,Bob Bartel,Head Coach,,22,1396,598,493,1,0.548
976,Megan Bartlett,Head Coach,,9,1191,237,189,0,0.556
977,Katelyn Barton,Head Coach,,2,2039,20,25,0,0.444
978,Annaka Bartz,Head Coach,,2,1932,36,42,0,0.462
979,Nicole Bayona,Head Coach,,2,1580,13,40,0,0.245
980,Brittany Beall,Head Coach,,2,1115,37,31,0,0.544
981,Kim Begley,Head Coach,,8,2036,100,110,0,0.476
982,Elisabeth Beirne,Head Coach,,9,1223,119,266,0,0.309
983,Kenneth Bellamy,Head Coach,,3,1386,53,71,0,0.427
984,Shawna Bellaud,Head Coach,,9,1402,161,167,1,0.491
985,Brittany Bennett,Head Coach,,13,1441,272,283,1,0.49
986,Laura Berg,Head Coach,,14,1356,339,326,2,0.51
987,Mike Bernier,Head Coach,,4,2012,70,82,0,0.461
988,Mattie Best,Head Coach,,8,1635,157,174,0,0.474
989,Katie Bettencourt,Head Coach,,9,1927,235,108,0,0.685
990,Kelly Bevere,Head Coach,,19,1796,350,240,1,0.593
991,Scott Beyer,Head Coach,,13,1760,345,128,0,0.729
992,Keri Bianchini,Head Coach,,6,1680,116,117,1,0.498
993,Carolyn Biel,Head Coach,,1,1830,15,22,0,0.405
994,Brianna Billie,Head Coach,,4,1362,51,94,0,0.352
995,Chanin Billings,Head Coach,,8,1484,135,155,0,0.466
996,Sarah Birchmeier,Head Coach,,3,1897,29,81,0,0.264
997,Dani Bishop,Head Coach,,10,1928,186,158,1,0.541
998,Karen Bitter,Head Coach,,15,1584,324,333,1,0.493
999,Nick Bitter,Head Coach,,12,1584,233,266,1,0.467
1000,Hallie Blackney,Head Coach,,8,1465,220,133,1,0.623
1001,Vernon Bland,Head Coach,,15,1128,280,324,0,0.464
1002,Dennis Blas,Head Coach,,8,2143,209,113,0,0.649
1003,Ryan Bliss,Head Coach,,4,1947,11,87,0,0.112
1004,Chris Blum,Head Coach,,4,1761,81,45,0,0.643
1005,Erin Bly,Head Coach,,7,2104,128,133,0,0.49
1006,Kathy Bocock,Head Coach,,28,1239,543,624,2,0.465
1007,Mercedes Bohte,Head Coach,,6,1389,209,74,0,0.739
1008,Julie Boland,Head Coach,,2,1274,51,28,0,0.646
1009,Liz Bouck-Jagielski,Head Coach,,2,1357,25,44,0,0.362
1010,Bailey Bouman,Head Coach,,8,1583,150,180,0,0.455
1011,Kate Bowen,Head Coach,,9,1591,195,101,1,0.658
1012,Cassidy Bowen,Head Coach,,1,1638,13,8,0,0.619
1013,Aly Boytz,Head Coach,,4,1595,63,103,0,0.38
1014,Jessica Bracamonte,Head Coach,,4,1121,67,92,0,0.421
1015,John Brackett,Head Coach,,35,1798,655,615,0,0.516
1016,Robin Brand,Head Coach,,0,1834,0,0,0,0
1017,Michelle Brander Metiva,Head Coach,,3,1835,50,35,0,0.588
1018,Courtney Breault,Head Coach,,2,1248,42,37,0,0.532
1019,Kristi Bredbenner,Head Coach,,22,1172,757,420,2,0.643
1020,Jeff Breeden,Head Coach,,14,1272,305,392,0,0.438
1021,Janelle Breneman,Head Coach,,23,1249,577,505,3,0.533
1022,Jace Brewer,Head Coach,,2,1499,54,19,0,0.74
1023,Mari Briggs,Head Coach,,6,1908,95,108,1,0.468
1024,Mellisa Brocato,Head Coach,,28,1565,634,704,1,0.474
1025,Kim Broking,Head Coach,,17,1873,287,305,0,0.485
1026,Jamie Brown,Head Coach,,21,1882,408,443,2,0.479
1027,Megan Brown,Head Coach,,6,1268,132,145,0,0.477
1028,Erin Brown,Head Coach,,20,2057,473,440,0,0.518
1029,Chris Brunson,Head Coach,,2,1914,32,19,1,0.625
1030,Kae Lani Bryan,Head Coach,,1,1643,3,15,0,0.167
1031,Megan Bryant,Head Coach,,39,1167,1041,884,9,0.541
1032,Kayla Bryant,Head Coach,,5,2176,93,84,0,0.525
1033,Jason Bryant,Head Coach,,9,1381,174,120,0,0.592
1034,Julie Brzezinski,Head Coach,,37,1310,965,898,6,0.518
1035,Lexi Buck,Head Coach,,0,1779,0,0,0,0
1036,Josh Bumgarner,Head Coach,,3,1581,34,69,0,0.33
1037,Jess Bump,Head Coach,,6,1211,123,87,0,0.586
1038,Casey Bump,Head Coach,,6,1264,156,108,1,0.591
1039,Michael Bumpers,Head Coach,,8,1359,58,225,0,0.205
1040,Lou Bunosso,Head Coach,,2,1937,49,37,0,0.57
1041,Terry Burdette,Head Coach,,15,1904,200,288,1,0.41
1042,Justen Burns,Head Coach,,9,2043,77,180,1,0.3
1043,Fred Burroughs,Head Coach,,10,1616,139,168,0,0.453
1044,Grace Burrows,Head Coach,,2,2058,2,19,0,0.095
1045,Kristy Burton,Head Coach,,9,1461,175,224,0,0.439
1046,John Butash,Head Coach,,7,1919,130,96,0,0.575
1047,Kristen Butler,Head Coach,,12,1134,270,320,0,0.458
1048,Chelsea Butler,Head Coach,,3,1358,69,50,0,0.58
1049,Dana Callihan,Head Coach,,12,1485,421,145,0,0.744
1050,Rich Calvert,Head Coach,,22,1253,569,548,0,0.509
1051,Brian Campbell,Head Coach,,26,1173,699,579,2,0.547
1052,Brie Campbell,Head Coach,,7,2074,177,115,0,0.606
1053,Alex Campione,Head Coach,,9,1978,94,217,1,0.303
1054,Chris Cannata,Head Coach,,32,1171,901,510,1,0.638
1055,Brook Capello,Head Coach,,16,1604,254,276,1,0.479
1056,Kevin Carbon,Head Coach,,3,1851,49,61,0,0.445
1057,Gina Carbonatto,Head Coach,,7,1215,131,149,0,0.468
1058,Emily Carosone,Head Coach,,2,1156,49,28,0,0.636
1059,Ryan Carriker,Head Coach,,3,1925,13,51,0,0.203
1060,Melanie Carter,Head Coach,,5,1410,213,63,0,0.772
1061,Mark Caserta,Head Coach,,13,2075,308,143,1,0.683
1062,Susan Cassidy-Lyke,Head Coach,,21,1341,573,460,1,0.555
1063,Jenn Castle,Head Coach,,8,1717,140,126,2,0.526
1064,Erica Castro,Head Coach,,8,1829,115,113,1,0.504
1065,Haley Chandler,Head Coach,,1,1952,16,22,0,0.421
1066,Mallory Chapman,Head Coach,,3,1629,24,92,0,0.207
1067,Kelsey Chapman,Head Coach,,7,1627,113,179,0,0.387
1068,Ashley Chastain Woodard,Head Coach,,7,1340,213,119,0,0.642
1069,India Chiles,Head Coach,,3,1678,62,31,0,0.667
1070,Casey Chrietzberg,Head Coach,,10,1655,228,125,0,0.646
1071,Meghan Christensen,Head Coach,,2,2007,17,44,0,0.279
1072,Kelsey Christensen,Head Coach,,3,1201,51,64,1,0.444
1073,Angie Churchill,Head Coach,,16,1197,314,324,0,0.492
1074,Tony Ciccarello,Head Coach,,24,2014,411,435,1,0.486
1075,Carissa Cicolini,Head Coach,,2,1950,18,57,0,0.24
1076,Cara Clark,Head Coach,,25,1189,584,574,2,0.504
1077,Becky Clark,Head Coach,,20,1316,608,405,2,0.6
1078,Brian Claypool,Head Coach,,18,1884,192,423,1,0.313
1079,John Clemens,Head Coach,,4,1922,57,91,0,0.385
1080,Rachael Click,Head Coach,,14,1752,325,170,0,0.657
1081,Cat Clifford,Head Coach,,3,1268,27,67,0,0.287
1082,Jim Clift,Head Coach,,15,1193,292,431,1,0.404
1083,Brett Cline,Head Coach,,25,1679,419,334,4,0.556
1084,Jake Cockerham,Head Coach,,8,2053,190,134,0,0.586
1085,Anna Coleman,Head Coach,,2,1975,25,28,0,0.472
1086,Selena Collins,Head Coach,,3,1360,53,52,0,0.505
1087,Summer Collins,Head Coach,,2,1742,47,39,0,0.547
1088,Cori Collinsworth,Head Coach,,9,1954,109,157,1,0.41
1089,Chris Comino,Head Coach,,12,1949,174,191,0,0.477
1090,Jenny Condon,Head Coach,,22,1163,493,537,1,0.479
1091,Katie Connell,Head Coach,,12,1533,139,244,1,0.363
1092,Laina Connor,Head Coach,,7,1910,97,101,0,0.49
1093,Christy Connoyer,Head Coach,,17,1212,425,417,0,0.505
1094,Jeff Conrad,Head Coach,,4,1255,130,62,1,0.676
1095,Jen Consaul,Head Coach,,4,1330,76,107,0,0.415
1096,Lauren Conway,Head Coach,,2,1762,20,23,0,0.465
1097,Megan Cook,Head Coach,,3,1948,39,47,0,0.453
1098,Megan Coronado,Head Coach,,1,1339,10,10,1,0.5
1099,Megan Corriea,Head Coach,,3,1573,60,58,0,0.508
1100,Lisa Costello,Head Coach,,31,1326,844,757,3,0.527
1101,Sean Cotter,Head Coach,,25,1579,614,512,2,0.545
1102,Michelle Coultas,Head Coach,,2,2076,17,34,0,0.333
1103,Mike Coutts,Head Coach,,11,1329,181,246,0,0.424
1104,Jodie Cox,Head Coach,,8,1241,83,186,0,0.309
1105,Kasey Cox,Head Coach,,1,1646,5,13,0,0.278
1106,Ashley Cozart,Head Coach,,13,1275,429,192,1,0.691
1107,Dane Craig,Head Coach,,4,1524,25,153,0,0.14
1108,Kristen Cramer,Head Coach,,12,1808,166,179,0,0.481
1109,Casey Cromwell,Head Coach,,9,1721,157,129,0,0.549
1110,Kelliner Croushore,Head Coach,,4,1379,27,97,0,0.218
1111,Clarisa Crowell,Head Coach,,14,1187,360,309,1,0.538
1112,Delanie Cruz,Head Coach,,2,1610,20,60,0,0.25
1113,Julia Culotta,Head Coach,,9,1849,127,142,0,0.472
1114,Mark Cumpian,Head Coach,,10,2063,297,203,0,0.594
1115,Cassie Cunningham,Head Coach,,19,1706,292,347,4,0.457
1116,Megan Curry,Head Coach,,5,1179,92,97,0,0.487
1117,Beth Curtiss,Head Coach,,22,1707,454,367,4,0.553
1118,Shawna Cyrus,Head Coach,,17,1775,219,368,1,0.373
1119,Pete D'Amour,Head Coach,,10,1089,369,126,1,0.745
1120,Angela Dabu,Head Coach,,2,1683,42,19,0,0.689
1121,Brian Daley,Head Coach,,6,1295,87,105,1,0.453
1122,Donnie Danklefsen,Head Coach,,22,1656,690,206,0,0.77
1123,Kecia Davis,Head Coach,,7,1936,161,82,1,0.662
1124,Jackie Davis,Head Coach,,14,2037,251,280,0,0.473
1125,Stephanie DeFeo,Head Coach,,18,1480,494,435,1,0.532
1126,Shauna DeLade,Head Coach,,4,1964,60,95,0,0.387
1127,Michelle DePolo,Head Coach,,15,1297,430,332,2,0.564
1128,Caressa DeRossett,Head Coach,,6,2001,84,123,0,0.406
1129,Kim Dean,Head Coach,,10,1109,228,215,1,0.515
1130,Angela Dean,Head Coach,,21,2040,318,539,11,0.373
1131,Camden Decker,Head Coach,,1,1380,0,18,0,0
1132,Nicole Degenhardt,Head Coach,,13,1853,294,255,0,0.536
1133,Courtney Deifel,Head Coach,,12,1195,405,207,0,0.662
1134,Kristin Delahoussaye,Head Coach,,2,1216,32,50,0,0.39
1135,Phil Delgado,Head Coach,,8,1577,94,184,1,0.339
1136,Amy Delmore,Head Coach,,12,1567,165,285,2,0.367
1137,Mary Beth Dennison,Head Coach,,1,1280,2,18,0,0.1
1138,Lexy Determan,Head Coach,,13,1669,190,290,1,0.396
1139,Joe DiPietro,Head Coach,,23,1812,374,618,1,0.377
1140,Casey Dickson,Head Coach,,9,1854,139,239,0,0.368
1141,Lindsay Diehl,Head Coach,,3,1192,49,68,0,0.419
1142,Kara Dill,Head Coach,,4,1230,77,102,0,0.43
1143,Bailey Dillender,Head Coach,,9,1313,277,132,1,0.677
1144,Shannon Doepking,Head Coach,,13,1180,273,254,2,0.518
1145,Tony Draves,Head Coach,,12,1781,227,195,0,0.538
1146,Kara Dressel,Head Coach,,7,1981,47,147,0,0.242
1147,Kate Drohan,Head Coach,,25,1225,820,457,2,0.642
1148,Mairin Dudek,Head Coach,,11,2055,171,255,2,0.402
1149,Kelli Duimstra,Head Coach,,8,1913,109,141,0,0.436
1150,Kaitlyn Dulac,Head Coach,,7,1792,115,89,0,0.564
1151,Charissa Duncan,Head Coach,,3,1811,40,51,0,0.44
1152,Kelsi Dunne Diaz,Head Coach,,11,1527,287,184,0,0.609
1153,Bianca Duran,Head Coach,,6,1489,122,154,0,0.442
1154,Sam Duran-Kukuk,Head Coach,,2,1323,23,48,0,0.324
1155,Katie Duroe,Head Coach,,5,2107,45,137,0,0.247
1156,Kristen Duross,Head Coach,,4,1877,43,74,0,0.368
1157,Lindsay Eagan,Head Coach,,18,2068,405,288,0,0.584
1158,Gordon Eakin,Head Coach,,24,1100,868,427,0,0.67
1159,Lauren Ebstein,Head Coach,,6,1722,197,60,0,0.767
1160,Tobin Echo-Hawk,Head Coach,,13,1442,284,374,0,0.432
1161,Brandon Elliott,Head Coach,,20,1681,675,158,2,0.81
1162,Mike Ellison,Head Coach,,4,2052,119,54,0,0.688
1163,Sara Emerich,Head Coach,,5,1773,82,109,1,0.43
1164,Ashlyn Englehorn,Head Coach,,5,1504,68,121,0,0.36
1165,Kristin Erb,Head Coach,,1,1447,2,2,0,0.5
1166,Amy Erickson,Head Coach,,29,1718,351,616,0,0.363
1167,Ken Eriksen,Head Coach,,29,1304,1188,609,2,0.661
1168,Ivan Estevez,Head Coach,,4,1654,100,33,0,0.752
1169,Jo Evans,Head Coach,,41,1157,1391,802,2,0.634
1170,Stef Ewing,Head Coach,,7,1267,148,153,0,0.492
1171,Kevin Fagan,Head Coach,,6,1290,156,133,0,0.54
1172,Sara Fallon,Head Coach,,0,1968,0,0,0,0
1173,Zack Farber,Head Coach,,1,1885,12,22,0,0.353
1174,Chelsea Farmer,Head Coach,,3,1182,56,59,0,0.487
1175,Amanda Fazzari,Head Coach,,6,2223,83,123,1,0.403
1176,Kendall Fearn,Head Coach,,1,1315,12,9,0,0.571
1177,Amanda Fefel,Head Coach,,5,1431,107,119,0,0.473
1178,Bree Ferchen,Head Coach,,5,1865,38,110,1,0.258
1179,Donna Ference,Head Coach,,12,1867,284,117,1,0.708
1180,JoAnne Ferguson,Head Coach,,25,1816,409,516,3,0.442
1181,Ron Ferrill,Head Coach,,18,2203,454,361,1,0.557
1182,Molly Fichtner,Head Coach,,8,1178,173,202,0,0.461
1183,Lindsay Fico,Head Coach,,5,1281,104,148,0,0.413
1184,Hannah Fillmore,Head Coach,,2,1506,39,34,0,0.534
1185,Maddie Fink,Head Coach,,0,1909,0,0,0,0
1186,Melissa Finley,Head Coach,,13,1763,233,225,1,0.509
1187,Jen Fisher,Head Coach,,19,1097,487,398,1,0.55
1188,Mike Fisher,Head Coach,,1,1784,15,25,0,0.375
1189,Morgan Flamholtz,Head Coach,,3,2115,52,52,1,0.5
1190,James Flegel,Head Coach,,7,1917,65,138,0,0.32
1191,Tairia Flowers,Head Coach,,16,1174,412,387,0,0.516
1192,Penny Foore,Head Coach,,11,1698,254,148,0,0.632
1193,Trisha Ford,Head Coach,,16,1120,542,280,1,0.659
1194,Mariah Ford,Head Coach,,3,1790,28,59,0,0.322
1195,Stacy Fournier,Head Coach,,4,1551,48,108,0,0.308
1196,Kristie Fox,Head Coach,,14,1103,380,291,0,0.566
1197,Kaylee Fox,Head Coach,,4,1733,87,45,0,0.659
1198,Chris Foye,Head Coach,,15,1368,225,312,0,0.419
1199,Elle Fracker,Head Coach,,12,1526,226,337,0,0.401
1200,Melissa Fracker,Head Coach,,6,1667,146,69,0,0.679
1201,Josh Freeman,Head Coach,,3,2024,30,62,0,0.326
1202,Rick Fremin,Head Coach,,21,1090,667,403,1,0.623
1203,Nick French,Head Coach,,9,1135,149,191,0,0.438
1204,Michelle Frew,Head Coach,,30,1633,1046,436,1,0.706
1205,Magail Frezzotti,Head Coach,,3,1298,68,56,0,0.548
1206,Caytlin Friis,Head Coach,,8,1862,111,134,0,0.453
1207,Angela Froboese,Head Coach,,20,1684,497,300,1,0.623
1208,Melissa Frost,Head Coach,,25,1443,949,365,1,0.722
1209,Emma Frost,Head Coach,,1,2054,5,6,0,0.455
1210,Ron Frost,Head Coach,,2,1244,41,33,0,0.554
1211,Jenny Fuller,Head Coach,,11,1333,266,227,0,0.54
1212,Kendall Fuller,Head Coach,,8,1307,173,204,0,0.459
1213,Jody Gabriel,Head Coach,,19,1694,333,344,0,0.492
1214,Jill Gagnon,Head Coach,,13,1371,318,183,2,0.634
1215,Kenny Gajewski,Head Coach,,11,1119,416,174,0,0.705
1216,Brooke Gajewski,Head Coach,,4,1454,102,66,0,0.607
1217,Kevin Gall,Head Coach,,2,2073,20,11,0,0.645
1218,Edith Gallagher,Head Coach,,35,1617,513,669,5,0.434
1219,Lauren Gambone,Head Coach,,1,1300,5,13,0,0.278
1220,Kris Ganeff,Head Coach,,2,1158,30,43,1,0.412
1221,Katie Garcia,Head Coach,,2,1453,49,30,0,0.62
1222,Sam Garcia,Head Coach,,1,1670,30,15,0,0.667
1223,Michelle Gardner,Head Coach,,17,1369,409,508,1,0.446
1224,Taylor Gardner,Head Coach,,4,1878,66,59,0,0.528
1225,Mandy Gardner-Colegate,Head Coach,,2,1087,52,30,0,0.634
1226,McKenna Garlock,Head Coach,,5,1767,64,85,0,0.43
1227,Sonja Garnett,Head Coach,,12,1162,251,296,2,0.459
1228,Tracey Garofalo,Head Coach,,18,1626,339,430,0,0.441
1229,Patty Gasso,Head Coach,,32,1086,1587,363,4,0.813
1230,Kate Gatti,Head Coach,,8,1788,112,114,1,0.496
1231,Morgan Gerak,Head Coach,,2,1181,29,33,0,0.468
1232,Maddie Gibbs,Head Coach,,3,1422,68,50,0,0.576
1233,Dan Gierlak,Head Coach,,37,1534,520,751,5,0.409
1234,Joe Gierlak,Head Coach,,1,1283,4,4,0,0.5
1235,Ethan Giese,Head Coach,,2,1970,21,29,0,0.42
1236,Lisa Gigliello,Head Coach,,32,2027,736,427,2,0.633
1237,Jeff Gillespie,Head Coach,,2,1990,31,16,0,0.66
1238,Amy Gillmore,Head Coach,,28,1791,611,441,1,0.581
1239,Sheryl Gilmore,Head Coach,,8,1501,224,124,0,0.644
1240,Gerry Glasco,Head Coach,,9,1113,376,103,0,0.785
1241,Kathryn Gleason,Head Coach,,14,1207,272,359,2,0.431
1242,Jim Gleason,Head Coach,,0,1477,0,0,0,0
1243,Breanne Gleason,Head Coach,,13,1278,232,264,2,0.468
1244,Beth Goderwis,Head Coach,,25,1720,438,423,2,0.509
1245,Kella Goins,Head Coach,,4,2059,62,88,0,0.413
1246,Alisa Goler,Head Coach,,6,1337,65,184,0,0.261
1247,Bianca Gonzales,Head Coach,,2,1920,3,34,0,0.081
1248,Jose Gonzalez,Head Coach,,19,1367,314,437,0,0.418
1249,Nick Goodreau,Head Coach,,6,1592,62,151,1,0.292
1250,Ashley Goodwin,Head Coach,,2,1881,48,35,0,0.578
1251,Dana Goss,Head Coach,,8,1623,163,113,0,0.591
1252,Stacey Goyette,Head Coach,,3,1933,43,43,0,0.5
1253,Bill Graham,Head Coach,,15,1747,366,225,1,0.619
1254,Kathryn Grant,Head Coach,,9,1439,206,197,0,0.511
1255,Michael Graves,Head Coach,,8,1400,210,106,0,0.665
1256,Paul Gray,Head Coach,,2,1145,43,36,0,0.544
1257,Stephanie Graziani,Head Coach,,4,1528,80,95,0,0.457
1258,Kelley Green,Head Coach,,27,1176,870,503,0,0.634
1259,Rufus Green,Head Coach,,5,1476,90,92,0,0.495
1260,Denny Griffin,Head Coach,,38,1940,1039,434,0,0.705
1261,Kevin Griffin,Head Coach,,9,1714,237,100,0,0.703
1262,Kasey Griffith,Head Coach,,2,1296,31,41,0,0.431
1263,Megan Griffith,Head Coach,,5,1365,45,133,0,0.253
1264,Willis Griffiths,Head Coach,,6,1905,57,94,0,0.377
1265,Shawn Grimm,Head Coach,,0,1883,0,0,0,0
1266,Kyle Gross,Head Coach,,9,1493,225,177,0,0.56
1267,Ashley Gruber,Head Coach,,12,1753,283,169,0,0.626
1268,Samantha Guillaume,Head Coach,,1,1749,9,19,1,0.328
1269,Tyler Gunelson,Head Coach,,1,2099,21,26,0,0.447
1270,Shannon Guthrie,Head Coach,,12,1518,323,244,0,0.57
1271,Alyson Habetz,Head Coach,,2,1102,43,33,0,0.566
1272,Sarah Hall,Head Coach,,17,1383,427,332,1,0.563
1273,Nakeya Hall,Head Coach,,10,1364,161,222,2,0.421
1274,Tiara Hall,Head Coach,,3,1632,14,53,0,0.209
1275,Paige Hall,Head Coach,,5,1984,65,99,0,0.396
1276,Jenna Hall,Head Coach,,4,1202,112,73,0,0.605
1277,Mary-Ellen Hall,Head Coach,,35,1286,925,720,0,0.562
1278,Scott Hall,Head Coach,,16,1214,349,387,1,0.474
1279,Amber Hallman,Head Coach,,7,2217,66,126,0,0.344
1280,Kristin Halte,Head Coach,,5,1559,123,102,0,0.547
1281,Michaela Hamilton,Head Coach,,5,2044,8,103,0,0.072
1282,Joanna Hardin,Head Coach,,12,1321,310,271,0,0.534
1283,Mercedes Hargett,Head Coach,,6,1242,39,106,0,0.269
1284,Monica Harrison,Head Coach,,8,1901,101,118,1,0.461
1285,Renae Hartl,Head Coach,,25,1712,739,265,0,0.736
1286,Stephanie Hartquist,Head Coach,,6,1939,100,88,0,0.532
1287,Brittney Harvey,Head Coach,,2,1732,44,30,1,0.593
1288,Lauren Hatfield,Head Coach,,3,1726,42,55,1,0.434
1289,Kayla Hatting,Head Coach,,10,1691,208,123,0,0.628
1290,Chris Hawkins,Head Coach,,32,1263,1155,477,1,0.708
1291,Alleen Hawkins,Head Coach,,42,1563,942,954,14,0.497
1292,Larry Hays,Head Coach,,9,1382,357,86,4,0.803
1293,Daren Hays,Head Coach,,16,1451,595,228,0,0.723
1294,Shanon Hays,Head Coach,,17,1092,677,232,5,0.743
1295,Victoria Hayward,Head Coach,,2,1091,54,21,0,0.72
1296,Sara Headley,Head Coach,,22,1818,456,422,3,0.519
1297,Yvette Healy,Head Coach,,22,1262,587,488,2,0.546
1298,Mike Heard,Head Coach,,11,1224,314,159,0,0.664
1299,Madi Hecox,Head Coach,,1,2045,2,10,0,0.167
1300,Kate Heidkamp,Head Coach,,27,1674,739,385,3,0.657
1301,Laura Heise,Head Coach,,2,1896,17,29,0,0.37
1302,Danielle Henderson,Head Coach,,12,1351,194,308,0,0.386
1303,Shawn Hendrickson,Head Coach,,18,1711,427,202,0,0.679
1304,Adriene Henery,Head Coach,,0,1876,0,0,0,0
1305,Brittany Henning,Head Coach,,1,1547,3,13,0,0.188
1306,Dina Henry,Head Coach,,1,1996,9,25,0,0.265
1307,Josie Henry,Head Coach,,16,1700,407,193,0,0.678
1308,Brian Hensley,Head Coach,,4,1906,46,77,0,0.374
1309,Mavreen Hering,Head Coach,,10,1801,208,158,2,0.568
1310,Kris Herman,Head Coach,,37,1734,881,449,5,0.662
1311,Ryan Heslin-Cunningham,Head Coach,,2,2049,3,31,0,0.088
1312,Ericka Hess,Head Coach,,1,2018,3,3,0,0.5
1313,Ashley Hickman,Head Coach,,11,1606,136,327,0,0.294
1314,Benet Higgs,Head Coach,,1,1142,9,13,0,0.409
1315,Bill Higley,Head Coach,,21,1861,289,471,1,0.38
1316,Becky Hilgert,Head Coach,,9,1803,229,103,0,0.69
1317,Kathy Hill,Head Coach,,9,1974,167,171,0,0.494
1318,Chris Hipa,Head Coach,,2,2035,11,36,0,0.234
1319,Casey Hipp,Head Coach,,2,1942,2,53,0,0.036
1320,Geoff Hirai,Head Coach,,11,1127,281,252,0,0.527
1321,Caitlin Hitchcock,Head Coach,,20,2008,358,322,2,0.526
1322,Jeff Hite,Head Coach,,5,1459,75,93,0,0.446
1323,David Hoch,Head Coach,,14,1946,184,269,1,0.406
1324,Kelsey Hodgson,Head Coach,,7,1640,43,228,0,0.159
1325,Shelly Hoerner,Head Coach,,27,1555,729,650,0,0.529
1326,Amy Hogue,Head Coach,,19,1123,509,461,1,0.525
1327,Brenda Holaday,Head Coach,,10,1445,304,174,0,0.636
1328,Ricky Holden,Head Coach,,3,1406,48,52,0,0.48
1329,Shena Hollar,Head Coach,,29,1412,1074,434,2,0.712
1330,Chelsea Holliday,Head Coach,,3,1408,27,64,0,0.297
1331,Tony Holloway,Head Coach,,18,1966,338,331,0,0.505
1332,Mary Holt-Kelsch,Head Coach,,5,1257,96,66,0,0.593
1333,Jessie Homesley,Head Coach,,9,1419,185,221,0,0.456
1334,Amy Hooks,Head Coach,,8,1299,139,223,0,0.384
1335,Bryan Howard,Head Coach,,4,1514,84,97,0,0.464
1336,T.J. Hubbard,Head Coach,,16,1175,314,416,1,0.43
1337,April Huddleston,Head Coach,,11,1427,281,251,0,0.528
1338,Julie Huebner,Head Coach,,14,1411,344,285,0,0.547
1339,Jackie Huff,Head Coach,,7,1460,70,207,0,0.253
1340,Leslie Huntington,Head Coach,,25,1833,615,347,2,0.639
1341,Abby Hurley-Martin,Head Coach,,10,1713,184,174,0,0.514
1342,Bridget Hurlman,Head Coach,,9,1352,87,251,0,0.257
1343,Brad Huskisson,Head Coach,,24,1414,707,475,2,0.598
1344,Dexkie Inman,Head Coach,,2,1444,37,29,0,0.561
1345,Melissa Inouye,Head Coach,,14,1184,295,336,1,0.468
1346,Kelly Inouye-Perez,Head Coach,,20,1104,891,225,1,0.798
1347,Emilia Jackson,Head Coach,,2,1848,15,25,0,0.375
1348,Jeff Jackson,Head Coach,,3,1631,44,79,0,0.358
1349,Jeff Jackson,Head Coach,,3,1354,57,76,0,0.429
1350,Ryan Jacobs,Head Coach,,19,1271,538,386,0,0.582
1351,Kathleen Jacoby,Head Coach,,3,1827,33,44,0,0.429
1352,Now-Allah James,Head Coach,,12,1302,172,237,0,0.421
1353,Sarah Jamo,Head Coach,,12,1739,251,216,2,0.537
1354,Paige Jansen,Head Coach,,5,2022,55,105,0,0.344
1355,Emma Johansen,Head Coach,,4,1421,97,81,0,0.545
1356,Brittany Johnson,Head Coach,,2,1418,26,31,0,0.456
1357,Brandon Johnson,Head Coach,,4,1772,34,95,0,0.264
1358,Greg Jones,Head Coach,,26,1405,1019,353,4,0.742
1359,Taylor Jones,Head Coach,,2,2003,22,22,0,0.5
1360,Whitney Jones,Head Coach,,2,1150,36,32,0,0.529
1361,Jordon Jones,Head Coach,,9,1596,247,160,0,0.607
1362,Todd Judge,Head Coach,,3,1152,58,64,0,0.475
1363,Lisa Jusino,Head Coach,,14,1703,265,182,1,0.593
1364,Emily Kaczmarek,Head Coach,,9,1911,144,125,0,0.535
1365,Brooke Kalman,Head Coach,,8,1336,191,115,2,0.623
1366,Danielle Kaminaka,Head Coach,,2,1894,22,29,0,0.431
1367,Leslie Kanter,Head Coach,,32,1492,878,513,0,0.631
1368,Lauren Karn,Head Coach,,9,1200,173,195,0,0.47
1369,Nicole Karr,Head Coach,,20,1793,361,280,1,0.563
1370,Vanessa Kellems,Head Coach,,4,1535,75,100,0,0.429
1371,Jason Kern,Head Coach,,9,2188,112,146,0,0.434
1372,Michael Kernan,Head Coach,,0,1971,0,0,0,0
1373,Erin Kinberger,Head Coach,,15,1429,501,208,1,0.706
1374,Olivia Kincanon,Head Coach,,2,2013,9,31,0,0.225
1375,Joe Kinsella,Head Coach,,26,1653,561,403,4,0.582
1376,Anna Kirk,Head Coach,,3,1738,33,40,0,0.452
1377,Jackie Klahold,Head Coach,,12,1866,179,178,0,0.501
1378,Matt Klampert,Head Coach,,1,1136,9,5,0,0.643
1379,Andy Klaus,Head Coach,,7,1455,153,105,0,0.593
1380,Ruth Kmak,Head Coach,,27,1744,519,355,2,0.594
1381,Courtney Knight,Head Coach,,3,1783,22,55,0,0.286
1382,MJ Knighten,Head Coach,,6,1246,104,168,1,0.383
1383,Brad Koch,Head Coach,,10,1552,294,148,1,0.665
1384,Susan Kocher,Head Coach,,16,1472,426,269,0,0.613
1385,Skye Koehl,Head Coach,,1,1536,2,15,0,0.118
1386,Ryan Konitzer,Head Coach,,10,1825,187,146,1,0.561
1387,Jake Koolbeck,Head Coach,,4,1708,91,50,0,0.645
1388,Jo Koons,Head Coach,,2,1183,17,55,0,0.236
1389,Sam Korn,Head Coach,,4,1723,61,67,0,0.477
1390,India Kornegay,Head Coach,,2,1398,33,37,0,0.471
1391,Tina Kramos,Head Coach,,4,1258,87,89,0,0.494
1392,Eric Kraut,Head Coach,,2,1895,22,32,0,0.407
1393,Kandi Krebs,Head Coach,,2,2086,3,28,0,0.097
1394,Korey Krueger,Head Coach,,2,1879,20,21,0,0.488
1395,Beth Krysiak,Head Coach,,8,1324,149,180,0,0.453
1396,Sara Kubuske,Head Coach,,7,1361,104,177,0,0.37
1397,Chris Kuhlmeyer,Head Coach,,15,1234,264,390,0,0.404
1398,David Kuhn,Head Coach,,24,2032,764,560,0,0.577
1399,Taylor Kuhn,Head Coach,,6,2072,81,129,0,0.386
1400,Kirin Kumar,Head Coach,,6,1139,225,81,2,0.734
1401,Sue Kunkle,Head Coach,,25,2060,694,504,1,0.579
1402,Rebecca Kvam,Head Coach,,4,1819,19,81,0,0.19
1403,Danielle L'Argent,Head Coach,,4,1622,21,102,0,0.171
1404,Leigh Ann LaFave,Head Coach,,19,1858,223,443,0,0.335
1405,Loren LaPorte,Head Coach,,9,1114,265,130,0,0.671
1406,Jamie Lachall,Head Coach,,4,1951,43,69,0,0.384
1407,Ronnie Ladines,Head Coach,,2,1634,31,42,0,0.425
1408,Jon Ladino,Head Coach,,9,1306,161,136,0,0.542
1409,Sydney Lahners,Head Coach,,4,1440,102,80,0,0.56
1410,Marissa Lamison-Myers,Head Coach,,9,1266,148,215,1,0.408
1411,James Landreneau,Head Coach,,10,1229,355,188,0,0.654
1412,Wes Landrum,Head Coach,,22,1824,463,323,1,0.589
1413,Jennifer Lane,Head Coach,,24,1941,334,431,3,0.437
1414,Mike Larabee,Head Coach,,20,1169,521,512,1,0.504
1415,Judy Lawes,Head Coach,,39,1469,1178,675,2,0.636
1416,Rachel Lawson,Head Coach,,22,1194,735,478,1,0.606
1417,Amari Lawson,Head Coach,,2,1620,20,34,0,0.37
1418,Kara LeLeux,Head Coach,,5,1863,59,97,0,0.378
1419,Julie LeMaire,Head Coach,,18,1436,550,350,1,0.611
1420,Ryan Leahy,Head Coach,,2,2019,32,46,0,0.41
1421,Sarah Leavenworth,Head Coach,,7,1766,98,95,0,0.508
1422,Lindsay Leftwich,Head Coach,,3,1231,70,59,1,0.542
1423,Kyle Lem,Head Coach,,8,1582,140,192,0,0.422
1424,Laura Leonetti,Head Coach,,2,1709,31,22,0,0.585
1425,Marissa Leslie,Head Coach,,9,1605,177,153,1,0.536
1426,Candi Letts,Head Coach,,27,1413,553,766,1,0.419
1427,Brian Levin,Head Coach,,14,1821,422,221,0,0.656
1428,Scott Libby,Head Coach,,18,1612,369,544,0,0.404
1429,Janet Lloyd,Head Coach,,32,1780,795,468,0,0.629
1430,Tammy Lohmann,Head Coach,,7,1240,106,153,0,0.409
1431,Diane Lokey,Head Coach,,25,1452,763,464,1,0.622
1432,Melyssa Lombardi,Head Coach,,8,1117,253,122,0,0.675
1433,Pam London,Head Coach,,20,1311,390,537,2,0.421
1434,Emily Lopez,Head Coach,,7,1912,81,167,2,0.328
1435,Lacey Lord,Head Coach,,18,1666,413,268,3,0.606
1436,Kim Lorenc,Head Coach,,5,1967,60,115,0,0.343
1437,Jaime Lorenzo,Head Coach,,5,1462,69,124,0,0.358
1438,Danielle Lowe,Head Coach,,16,1448,388,309,2,0.557
1439,Caitlin Lowe,Head Coach,,5,1096,171,83,1,0.673
1440,Brooke Lowry,Head Coach,,4,1420,117,57,1,0.671
1441,Kayla Lucas,Head Coach,,6,1293,186,86,0,0.684
1442,Cristina Lukas,Head Coach,,23,1687,513,368,2,0.582
1443,Allie Lyerly,Head Coach,,2,1416,35,31,0,0.53
1444,Tracey Lynch,Head Coach,,5,1889,75,135,0,0.357
1445,Alexis Lynn,Head Coach,,6,1893,89,111,0,0.445
1446,Sophie Maccarone,Head Coach,,3,1839,63,31,0,0.67
1447,Thomas Macera,Head Coach,,22,1430,842,298,2,0.738
1448,Brian Madden,Head Coach,,7,1417,166,131,0,0.559
1449,Cheyenne Mahy,Head Coach,,1,1541,3,16,0,0.158
1450,Amber Maisonet,Head Coach,,16,1750,378,177,1,0.681
1451,Miles Mallette,Head Coach,,21,1576,369,548,1,0.403
1452,Ali Maloof,Head Coach,,5,2062,49,146,0,0.251
1453,Chris Malveaux,Head Coach,,6,1303,160,163,0,0.495
1454,Kate Malveaux,Head Coach,,2,1303,52,30,0,0.634
1455,Bari Mance,Head Coach,,13,1672,348,140,0,0.713
1456,Billy Manley,Head Coach,,1,2029,2,24,0,0.077
1457,Melissa Mapes,Head Coach,,1,2050,1,27,0,0.036
1458,Sam Maples,Head Coach,,7,1428,188,121,0,0.608
1459,Bre Marcyoniak,Head Coach,,3,1983,13,90,0,0.126
1460,Frank Marinello,Head Coach,,2,1956,26,40,0,0.394
1461,Krysti Maronski-Neufeldt,Head Coach,,8,1689,173,77,1,0.691
1462,Tracey Marshall,Head Coach,,15,2041,59,299,0,0.165
1463,Mike Marsili,Head Coach,,14,2193,130,187,0,0.41
1464,Dale Martin,Head Coach,,24,1651,590,371,0,0.614
1465,Terry Martin,Head Coach,,28,1724,662,427,1,0.608
1466,Ashley Martinez,Head Coach,,7,1982,63,150,0,0.296
1467,Tiffany Massey,Head Coach,,4,1458,62,46,0,0.574
1468,Bayleigh Masterson,Head Coach,,1,1699,9,3,0,0.75
1469,Dino Mastropierro,Head Coach,,2,1671,43,28,0,0.606
1470,Brittney Matta,Head Coach,,2,1236,23,41,0,0.359
1471,Laura Matthews,Head Coach,,14,1269,341,242,1,0.585
1472,D'Maria Matthews,Head Coach,,1,1347,6,9,0,0.4
1473,Tatjana Matthews,Head Coach,,7,1372,50,159,0,0.239
1474,Brent Matthias,Head Coach,,9,1688,174,138,0,0.558
1475,Joyce Maudie,Head Coach,,33,1899,617,841,1,0.423
1476,Stacy May-Johnson,Head Coach,,7,1285,161,147,0,0.523
1477,Stacey Mayer,Head Coach,,4,1522,70,65,0,0.519
1478,Lindsay Mayer,Head Coach,,4,1407,69,69,0,0.5
1479,Meredith McCarthy,Head Coach,,8,2002,72,157,0,0.314
1480,Gina McCool,Head Coach,,3,1238,58,64,0,0.475
1481,J.D. McCurdy,Head Coach,,23,1999,406,381,4,0.516
1482,Sami McDonald,Head Coach,,4,1560,38,98,0,0.279
1483,Sharonda McDonald-Kelley,Head Coach,,8,1320,162,182,1,0.471
1484,Phil McElroy,Head Coach,,27,1991,530,428,0,0.553
1485,Jennifer McFalls,Head Coach,,8,1206,160,198,1,0.447
1486,Kristen McGaughey,Head Coach,,13,1977,190,204,1,0.482
1487,Kat McKay,Head Coach,,7,2004,81,134,1,0.377
1488,Mike McKenzie,Head Coach,,22,1657,683,243,3,0.737
1489,Chris McKenzie,Head Coach,,2,1575,3,21,0,0.125
1490,Jim McKinnon,Head Coach,,20,2020,386,331,1,0.538
1491,Ashliegh McLean,Head Coach,,8,1394,246,111,0,0.689
1492,Paige McMenemy,Head Coach,,5,1490,124,96,0,0.564
1493,David McNally,Head Coach,,9,1769,149,149,1,0.5
1494,Gay McNutt,Head Coach,,27,1625,705,766,0,0.479
1495,Genee McRath,Head Coach,,5,1219,86,122,1,0.414
1496,Kristina McSweeney,Head Coach,,14,1204,473,265,1,0.641
1497,Meadow McWhorter,Head Coach,,10,1209,156,261,0,0.374
1498,Courtney Medina,Head Coach,,1,1704,2,2,0,0.5
1499,Erica Mehalick,Head Coach,,16,1805,285,309,1,0.48
1500,Gretta Melsted,Head Coach,,20,1393,785,294,0,0.728
1501,Sam Mendez,Head Coach,,4,1774,46,109,0,0.297
1502,Lacey Middlebrooks,Head Coach,,1,1836,2,13,0,0.133
1503,Sally Miller,Head Coach,,31,1826,772,380,3,0.67
1504,Emily Miller,Head Coach,,5,1929,43,91,0,0.321
1505,Jessica Miller,Head Coach,,1,1960,10,26,0,0.278
1506,Brittany Miller,Head Coach,,4,2079,33,144,0,0.186
1507,Erin Miller,Head Coach,,6,1898,103,95,0,0.52
1508,Lawrence Miller,Head Coach,,10,1809,243,173,0,0.584
1509,Cheryl Milligan,Head Coach,,22,1345,596,322,1,0.649
1510,Meredith Mills,Head Coach,,5,1652,127,52,0,0.709
1511,Mike Mitchell,Head Coach,,18,1823,411,266,0,0.607
1512,Macey Mize,Head Coach,,2,1840,21,37,0,0.362
1513,Melissa Mojica,Head Coach,,6,1748,147,78,0,0.653
1514,Cathy Monroe,Head Coach,,11,1639,163,312,0,0.343
1515,Emily Montanez,Head Coach,,2,1588,42,30,0,0.583
1516,Mark Montgomery,Head Coach,,24,1301,659,580,0,0.532
1517,Kevin Montgomery,Head Coach,,17,1233,324,454,0,0.416
1518,Melissa Montoro,Head Coach,,12,1935,185,204,0,0.476
1519,Michael Mook,Head Coach,,11,1392,413,125,0,0.768
1520,Glenn Moore,Head Coach,,30,1170,1095,541,0,0.669
1521,Glenn Moore,Head Coach,,6,1366,46,125,0,0.269
1522,Ally Moore,Head Coach,,4,1943,54,61,0,0.47
1523,Aileen Morales,Head Coach,,13,1116,342,295,0,0.537
1524,Charlotte Morgan,Head Coach,,6,1108,118,133,0,0.47
1525,Brenna Morrissey,Head Coach,,3,1871,37,47,0,0.44
1526,David Morton,Head Coach,,9,1523,105,170,0,0.382
1527,Maggie Mrowka,Head Coach,,1,1305,8,13,0,0.381
1528,Darren Mueller,Head Coach,,25,1350,777,515,0,0.601
1529,Becca Mueller,Head Coach,,2,1332,24,49,0,0.329
1530,Jamie Mueller,Head Coach,,11,1845,227,154,0,0.596
1531,Chelsey Mulligan,Head Coach,,3,1481,53,67,0,0.442
1532,Patrick Murphy,Head Coach,,29,1308,1365,417,1,0.766
1533,Jill Murray,Head Coach,,7,1614,77,153,0,0.335
1534,Leigh Murray-Winstead,Head Coach,,3,1868,35,43,0,0.449
1535,Christi Musser,Head Coach,,6,1349,107,152,0,0.413
1536,Chuck Myers,Head Coach,,10,1930,117,211,1,0.357
1537,Anna Nagro,Head Coach,,19,1370,304,502,3,0.378
1538,John Nelson,Head Coach,,2,1815,54,29,0,0.651
1539,Kaley Ness,Head Coach,,9,1432,122,248,0,0.33
1540,Liz Neubinski,Head Coach,,8,1923,100,161,0,0.383
1541,Eric Newell,Head Coach,,20,1129,669,280,1,0.705
1542,Angie Nicholson,Head Coach,,21,1217,504,498,1,0.503
1543,Craig Nicholson,Head Coach,,18,1218,585,360,1,0.619
1544,Amanda Novak,Head Coach,,7,1924,149,91,1,0.62
1545,Christie Novatin,Head Coach,,3,1265,20,68,1,0.23
1546,Stacey Nuveman Deniz,Head Coach,,5,1168,160,80,0,0.667
1547,Molly O'Donnell,Head Coach,,6,1676,126,65,0,0.66
1548,Jessica O'Donnell,Head Coach,,8,1126,183,174,0,0.513
1549,Brooke O'Hair,Head Coach,,20,1399,594,325,0,0.646
1550,Sarah O'Malley-Fisher,Head Coach,,14,1857,227,257,4,0.469
1551,Keri O'Meara,Head Coach,,19,2005,369,303,7,0.549
1552,Eric Oakley,Head Coach,,14,2010,266,364,1,0.422
1553,Gina Oaks Garcia,Head Coach,,7,1107,163,96,0,0.629
1554,Nathan Ohta,Head Coach,,11,1916,285,190,0,0.6
1555,Rebecca Oldham,Head Coach,,3,1959,49,39,0,0.557
1556,Letty Olivarez,Head Coach,,4,1346,55,125,0,0.306
1557,Jason Ollison,Head Coach,,4,1630,40,111,0,0.265
1558,Rinae Olsen,Head Coach,,6,1696,105,71,0,0.597
1559,Dan Opera,Head Coach,,9,1997,141,136,0,0.509
1560,Bridget Orchard,Head Coach,,29,1254,963,586,4,0.621
1561,Nicole Orgeron,Head Coach,,10,1288,204,231,1,0.469
1562,Davon Ortega,Head Coach,,16,1232,307,383,1,0.445
1563,Jose Ortega,Head Coach,,8,1673,173,94,0,0.648
1564,Kristin Ortman,Head Coach,,17,1511,260,437,0,0.373
1565,Shannon Padula,Head Coach,,10,1987,97,241,0,0.287
1566,Tyler Pagaduan,Head Coach,,2,1875,33,46,0,0.418
1567,Nikki Palmer,Head Coach,,13,2064,253,364,0,0.41
1568,Keith Parr,Head Coach,,23,1746,739,218,1,0.772
1569,Vani Patel,Head Coach,,1,1797,10,24,0,0.294
1570,Kelly Paterson,Head Coach,,3,1647,18,73,0,0.198
1571,Whitney Patterson,Head Coach,,5,1837,73,102,0,0.417
1572,Camise Patterson,Head Coach,,4,1164,72,96,0,0.429
1573,Jackie Patts,Head Coach,,5,1989,58,70,0,0.453
1574,Kristi Paulson,Head Coach,,2,1147,39,38,0,0.506
1575,Dan Paulson,Head Coach,,2,1147,39,38,0,0.506
1576,Dee Payan,Head Coach,,7,1433,155,135,0,0.534
1577,Kyleigh Payne,Head Coach,,4,1434,102,80,0,0.56
1578,Becky Pearl,Head Coach,,22,1519,548,492,0,0.527
1579,Patrick Peasant,Head Coach,,22,1621,282,509,2,0.357
1580,Niki Pecora,Head Coach,,11,1590,125,235,0,0.347
1581,Sara Pelegreen,Head Coach,,7,1578,124,198,0,0.385
1582,Tiffane Pendleton,Head Coach,,8,1820,77,164,0,0.32
1583,Dedeann Pendleton-Helm,Head Coach,,4,1279,82,91,0,0.474
1584,Danielle Penner,Head Coach,,16,1166,458,328,0,0.583
1585,Heather Pennie,Head Coach,,28,1697,327,627,1,0.343
1586,Tom Pennino,Head Coach,,5,1693,74,83,0,0.471
1587,Liz Pennino,Head Coach,,5,1675,133,50,0,0.727
1588,Diana Pepin,Head Coach,,24,1831,602,337,3,0.641
1589,Antonia Peretti,Head Coach,,0,1998,0,0,0,0
1590,Lori Perez,Head Coach,,13,1160,321,272,2,0.541
1591,Sharon Perkins,Head Coach,,12,1291,387,261,0,0.597
1592,Tyra Perry,Head Coach,,25,1148,702,625,1,0.529
1593,Jordan Petersen,Head Coach,,5,1569,72,146,0,0.33
1594,Jim Peterson,Head Coach,,9,1538,197,158,0,0.555
1595,Helen Peña,Head Coach,,3,1228,69,53,0,0.566
1596,Tina Phillips,Head Coach,,26,1677,408,475,4,0.462
1597,Cassi Pickett,Head Coach,,5,1585,72,141,0,0.338
1598,Sarah Piening,Head Coach,,1,1664,3,4,0,0.429
1599,Adrian Pilkington,Head Coach,,12,1532,253,301,1,0.457
1600,Daniella Pillar,Head Coach,,3,2046,6,58,0,0.094
1601,Jamie Pinkerton,Head Coach,,21,1227,572,580,0,0.497
1602,Megan Pleskovic,Head Coach,,7,1994,122,101,0,0.547
1603,Chelsea Plimpton,Head Coach,,1,1312,6,14,0,0.3
1604,Jenn Plourde,Head Coach,,4,2026,43,60,0,0.417
1605,Natalie Poole,Head Coach,,25,1292,634,731,0,0.464
1606,Jaclin Poole,Head Coach,,11,1505,197,248,0,0.443
1607,Arielle Porter,Head Coach,,5,1986,85,77,1,0.525
1608,Hailey Post,Head Coach,,4,1636,87,90,2,0.492
1609,Steve Potts,Head Coach,,18,1558,225,472,0,0.323
1610,Edward Powell,Head Coach,,7,1457,108,112,1,0.491
1611,Rachael Powers,Head Coach,,17,1961,336,275,0,0.55
1612,Colleen Powers,Head Coach,,13,1757,268,191,0,0.584
1613,Tiffany Prager,Head Coach,,10,1668,276,113,1,0.709
1614,Trena Prater,Head Coach,,11,1376,246,324,1,0.432
1615,Julie Pratt,Head Coach,,8,1955,96,248,0,0.279
1616,Jackie Price,Head Coach,,12,1603,225,189,1,0.543
1617,Jennifer Probst,Head Coach,,17,1486,362,340,0,0.516
1618,Shelly Prochaska,Head Coach,,3,2028,24,58,0,0.293
1619,Lou Proietti,Head Coach,,1,2031,6,26,0,0.188
1620,Kali Pugh,Head Coach,,1,1615,6,14,0,0.3
1621,Marissa Pullo,Head Coach,,4,1496,47,89,0,0.346
1622,Hannah Qualls,Head Coach,,3,1995,30,59,0,0.337
1623,Bridgette Quimpo,Head Coach,,22,1730,414,396,2,0.511
1624,Bridget Rafter,Head Coach,,5,1715,72,83,0,0.465
1625,Diann Ramsey,Head Coach,,7,2025,140,92,1,0.603
1626,Todd Randall,Head Coach,,22,1695,307,511,3,0.376
1627,Dietrich Randle,Head Coach,,7,1540,132,87,0,0.603
1628,Beth Ratke,Head Coach,,2,2090,0,28,0,0
1629,Mark Redburn,Head Coach,,17,1177,390,426,0,0.478
1630,Jan Reddinger,Head Coach,,34,1758,735,484,2,0.603
1631,Frank Reed,Head Coach,,25,1132,809,563,1,0.59
1632,Ashley Reeves,Head Coach,,7,1450,196,114,0,0.632
1633,Victor Reich,Head Coach,,1,1795,15,22,0,0.405
1634,Alicia Reid,Head Coach,,8,1599,195,171,0,0.533
1635,Stephanie Reinhardt,Head Coach,,2,1902,29,48,0,0.377
1636,Bill Relyea,Head Coach,,6,1754,77,92,0,0.456
1637,Rhonda Revelle,Head Coach,,35,1146,1194,701,0,0.63
1638,Rachel Rhode,Head Coach,,3,1602,30,87,0,0.256
1639,Paige Rhodes,Head Coach,,3,1487,28,85,0,0.248
1640,Laura Ricciardone,Head Coach,,4,1237,61,84,0,0.421
1641,Stacey Rice,Head Coach,,12,1537,216,252,1,0.462
1642,Andrew Rich,Head Coach,,5,1155,117,109,0,0.518
1643,Dot Richardson,Head Coach,,13,1277,438,285,0,0.606
1644,Ritchie Richardson,Head Coach,,9,1425,260,153,0,0.63
1645,Matt Richwine,Head Coach,,25,1953,347,459,0,0.431
1646,Samantha Ricketts,Head Coach,,7,1138,217,121,0,0.642
1647,Taliyah Riddick-Waters,Head Coach,,2,1375,3,43,0,0.065
1648,Piper Ritter,Head Coach,,6,1137,151,126,1,0.545
1649,John Rittman,Head Coach,,25,1144,1001,436,3,0.696
1650,Lily Rivera,Head Coach,,1,2017,12,26,0,0.316
1651,Mitch Roberts,Head Coach,,5,1549,156,82,0,0.655
1652,Rick Roberts,Head Coach,,2,1787,64,18,0,0.78
1653,Kelly Roberts,Head Coach,,1,1456,13,3,0,0.813
1654,Guy Robertson,Head Coach,,1,1438,5,2,0,0.714
1655,Zoe Robertson,Head Coach,,5,1969,21,118,0,0.151
1656,Kelly Robichaud,Head Coach,,3,1771,83,34,1,0.708
1657,Aaron Robinson,Head Coach,,3,1199,21,81,0,0.206
1658,A.J. Robinson,Head Coach,,2,1466,61,24,0,0.718
1659,Shellie Robinson,Head Coach,,5,1325,111,135,0,0.451
1660,Deb Robitaille,Head Coach,,21,1566,493,351,1,0.584
1661,Tori Roche,Head Coach,,1,1915,26,15,0,0.634
1662,Sal Rodriguez,Head Coach,,3,1508,60,47,0,0.561
1663,Raven Rodriguez,Head Coach,,5,1210,86,92,0,0.483
1664,Shalee Rodriguez,Head Coach,,5,1568,167,79,0,0.679
1665,Jenny Rohn,Head Coach,,5,1110,94,84,1,0.528
1666,Tracey Roman,Head Coach,,7,2056,95,141,0,0.403
1667,Crystal Rosenthal,Head Coach,,18,1548,755,206,2,0.785
1668,Christine Roser-LeFevers,Head Coach,,7,1510,156,93,0,0.627
1669,Heather Ross,Head Coach,,9,1705,187,134,1,0.582
1670,Michelle Ross,Head Coach,,2,1828,20,19,0,0.513
1671,Karla Ross,Head Coach,,6,1353,59,149,0,0.284
1672,Morgan Royer,Head Coach,,2,1335,17,50,0,0.254
1673,James Rubbelke,Head Coach,,19,1755,335,310,3,0.519
1674,Alyssa Ruiz,Head Coach,,2,1196,14,37,0,0.275
1675,Victoria Rumph,Head Coach,,9,1785,151,162,0,0.482
1676,Marissa Rush,Head Coach,,10,1817,135,172,1,0.44
1677,Mel Rushing,Head Coach,,8,1980,85,183,0,0.317
1678,Emily Russell,Head Coach,,24,1409,757,471,1,0.616
1679,Andy Russo,Head Coach,,2,1314,25,30,0,0.455
1680,Emma Ryan,Head Coach,,1,1611,7,9,0,0.438
1681,Kristin Ryman,Head Coach,,21,1342,597,473,2,0.558
1682,Orlando Salinas,Head Coach,,4,1500,88,89,0,0.497
1683,McCall Salmon,Head Coach,,13,1331,322,234,0,0.579
1684,Al Sampson,Head Coach,,2,1743,14,25,0,0.359
1685,Ashton Sangster,Head Coach,,2,1607,24,48,0,0.333
1686,Mandy Sansbury,Head Coach,,13,1384,321,258,0,0.554
1687,Juliana Santos,Head Coach,,9,1587,150,219,0,0.407
1688,Blake Saperstein,Head Coach,,3,1731,36,43,0,0.456
1689,Noelle Sass,Head Coach,,2,1874,37,33,0,0.529
1690,Gregg Sauve,Head Coach,,10,1570,241,181,2,0.571
1691,Kim Scavone,Head Coach,,16,1886,283,281,1,0.502
1692,Ryan Schalk,Head Coach,,5,1483,142,83,0,0.631
1693,Claire Schapker,Head Coach,,1,1468,6,4,0,0.6
1694,Shannon Schaub,Head Coach,,8,1644,89,154,3,0.368
1695,Aja Scheuber,Head Coach,,5,1557,73,129,0,0.361
1696,Hayden Schigur,Head Coach,,2,1985,9,50,0,0.153
1697,Amy Schmeckpeper,Head Coach,,3,1618,29,94,0,0.236
1698,Chrissy Schoonmaker,Head Coach,,5,1149,128,99,0,0.564
1699,Jake Schumann,Head Coach,,15,1553,419,369,1,0.532
1700,Terry Schweikert,Head Coach,,2,1719,22,25,0,0.468
1701,Tony Scibelli,Head Coach,,2,2033,16,19,0,0.457
1702,Sara Scoone,Head Coach,,6,1539,120,123,0,0.494
1703,Travis Scott,Head Coach,,26,1516,1039,382,3,0.731
1704,David Scott,Head Coach,,3,1641,22,59,1,0.274
1705,Caitlyn Seamster,Head Coach,,6,1832,81,88,0,0.479
1706,Annika Seedborg,Head Coach,,2,2030,24,23,0,0.511
1707,Mark Sergio,Head Coach,,7,1957,52,149,0,0.259
1708,Jen Sewell,Head Coach,,5,1235,145,73,1,0.664
1709,Angel Shamblin,Head Coach,,16,1601,468,297,0,0.612
1710,Kelly Shannon,Head Coach,,17,1556,370,324,1,0.533
1711,Brian Shearer,Head Coach,,24,1892,317,456,0,0.41
1712,Breanne Shearin,Head Coach,,9,2000,82,165,0,0.332
1713,Mike Shehorm,Head Coach,,13,1391,390,227,0,0.632
1714,Christy Shelton,Head Coach,,22,1756,201,569,2,0.262
1715,Mackenzie Sher,Head Coach,,8,1479,165,185,0,0.471
1716,Monte Sherrill,Head Coach,,11,1658,348,89,0,0.796
1717,Janae Shirley,Head Coach,,19,1649,649,166,0,0.796
1718,Mark Shirley,Head Coach,,2,1515,18,48,0,0.273
1719,Melissa Shock,Head Coach,,4,1250,81,79,0,0.506
1720,Justin Shults,Head Coach,,5,1125,152,85,0,0.641
1721,Val Silvestrini,Head Coach,,17,1562,454,334,1,0.576
1722,Randy Simkins,Head Coach,,17,2066,556,292,0,0.656
1723,Dawn Simmons,Head Coach,,28,1846,750,399,2,0.652
1724,Meghan Simons,Head Coach,,10,1662,247,139,2,0.639
1725,Steve Singleton,Head Coach,,1,1118,8,14,0,0.364
1726,Bekah Slattery,Head Coach,,5,1976,45,112,0,0.287
1727,Gabby Smart,Head Coach,,0,1690,0,0,0,0
1728,Taylor Smartt,Head Coach,,3,1327,66,62,0,0.516
1729,Jameshia Smith,Head Coach,,5,1388,71,55,0,0.563
1730,Hillary Smith,Head Coach,,8,1289,99,180,0,0.355
1731,Mitch Smith,Head Coach,,3,1424,55,64,0,0.462
1732,Megan Smith Lyon,Head Coach,,18,1088,569,332,0,0.632
1733,Jamie Smyth,Head Coach,,28,1729,629,445,0,0.586
1734,Sally Snover,Head Coach,,6,1859,79,90,2,0.468
1735,Ben Sorden,Head Coach,,4,1185,88,95,0,0.481
1736,Jared Sotelo,Head Coach,,0,1822,0,0,0,0
1737,Siera Spahiu,Head Coach,,3,1741,39,50,0,0.438
1738,Tom Spencer,Head Coach,,27,1768,543,501,2,0.52
1739,Lena Springer,Head Coach,,2,1856,35,38,0,0.479
1740,Claudia Stabile,Head Coach,,44,1478,890,855,4,0.51
1741,Angie Stackhouse,Head Coach,,7,1344,142,70,0,0.67
1742,Sara Stafford,Head Coach,,8,2021,61,157,0,0.28
1743,Kassie Stanfill,Head Coach,,8,1247,202,150,0,0.574
1744,Shonda Stanton,Head Coach,,28,1112,865,622,2,0.582
1745,Jen Starek,Head Coach,,23,1317,548,404,3,0.575
1746,Jeff Staton,Head Coach,,7,1799,122,104,0,0.54
1747,Dawn Stearns,Head Coach,,17,1517,336,387,1,0.465
1748,Jen Steele,Head Coach,,15,1153,364,291,1,0.556
1749,Jamie Stefani,Head Coach,,6,1777,62,121,1,0.34
1750,Chris Stelma,Head Coach,,10,1245,122,284,0,0.3
1751,Theresa Stephens,Head Coach,,6,1642,45,209,1,0.178
1752,Jordan Stevens,Head Coach,,17,1373,365,484,1,0.43
1753,Kimberly Stiles,Head Coach,,16,1378,353,404,1,0.466
1754,Daniel Stockdale,Head Coach,,5,1251,53,120,0,0.306
1755,Kiki Stokes O'Connor,Head Coach,,5,1322,69,157,0,0.305
1756,Heather Stone,Head Coach,,24,1890,517,452,3,0.533
1757,Meagan Stone,Head Coach,,8,1992,62,132,0,0.32
1758,Leigh Streetman,Head Coach,,2,1397,47,27,1,0.633
1759,Brianna Strickland,Head Coach,,2,1737,35,15,0,0.7
1760,Crissy Strimple,Head Coach,,7,1133,140,152,1,0.48
1761,Brittany Stroop,Head Coach,,15,2087,140,348,1,0.287
1762,Rebecca Stryker,Head Coach,,16,1926,191,350,2,0.354
1763,Vann Stuedeman,Head Coach,,11,1374,324,277,0,0.539
1764,Sydney Sturner,Head Coach,,4,1494,68,100,0,0.405
1765,Claire Sua-Amundson,Head Coach,,10,1593,219,244,0,0.473
1766,Aisha Sueda,Head Coach,,5,1594,94,91,0,0.508
1767,Ryan Sullivan,Head Coach,,21,1686,460,296,3,0.608
1768,Kristen Sullivan,Head Coach,,12,1502,233,247,0,0.485
1769,Tripp Swisher,Head Coach,,10,2168,169,253,0,0.4
1770,Heather Tarr,Head Coach,,22,1101,870,339,1,0.719
1771,Heather Tarter,Head Coach,,6,1497,154,118,0,0.566
1772,Cat Tarvin,Head Coach,,6,1319,83,182,0,0.313
1773,Alisa Tasler,Head Coach,,14,1507,320,324,1,0.497
1774,Venus Taylor,Head Coach,,10,1907,181,204,0,0.47
1775,Josh Taylor,Head Coach,,10,1259,268,207,0,0.564
1776,Jennifer Teague,Head Coach,,16,1256,263,399,0,0.397
1777,Brandon Telesco,Head Coach,,2,1105,54,20,0,0.73
1778,Naomi Tellez,Head Coach,,5,1467,109,117,0,0.482
1779,Tara Tembey,Head Coach,,2,1220,5,11,0,0.313
1780,Panita Thanatharn,Head Coach,,1,1270,8,10,0,0.444
1781,Windy Thees,Head Coach,,21,1276,555,503,0,0.525
1782,Kaitlin Thibodeau-Corey,Head Coach,,2,1880,18,40,1,0.314
1783,Bonnie Tholl,Head Coach,,4,1222,125,70,0,0.641
1784,Nicole Thomas,Head Coach,,1,2228,8,13,0,0.381
1785,Robert Thompson,Head Coach,,17,2048,51,431,0,0.106
1786,Nicole Thompson,Head Coach,,10,1545,262,196,0,0.572
1787,Cody Thomson,Head Coach,,5,1165,96,127,0,0.43
1788,Erin Thorpe,Head Coach,,23,1338,478,588,1,0.448
1789,McKinsey Thorpe,Head Coach,,1,2163,3,18,0,0.143
1790,Brady Tillotson,Head Coach,,1,2034,2,24,0,0.077
1791,Nicole Tines,Head Coach,,5,1470,74,129,0,0.365
1792,Shalise Tolentino,Head Coach,,7,1554,51,187,0,0.214
1793,Randie Torgalski,Head Coach,,5,1973,69,98,1,0.414
1794,Beth Torina,Head Coach,,19,1159,724,368,0,0.663
1795,Melissa Torres,Head Coach,,7,1736,54,99,1,0.354
1796,Jamie Trachsel,Head Coach,,16,1243,546,306,1,0.641
1797,Mo Triner,Head Coach,,6,1619,76,157,0,0.326
1798,Madison Trotman,Head Coach,,3,1764,95,34,0,0.736
1799,Fran Troyan,Head Coach,,31,1131,975,558,8,0.635
1800,John Tschida,Head Coach,,32,1682,1137,249,1,0.82
1801,Amy Tudor,Head Coach,,22,1143,603,445,4,0.575
1802,Heather Turnquist,Head Coach,,1,1972,1,3,0,0.25
1803,Rachel Turoscy,Head Coach,,28,1841,447,513,1,0.466
1804,Ben Tyree,Head Coach,,18,1437,581,258,2,0.692
1805,Tori Tyson,Head Coach,,8,1093,160,159,0,0.502
1806,Tammy Utley,Head Coach,,9,2006,116,157,1,0.425
1807,Skania Valencia,Head Coach,,3,1745,45,39,1,0.535
1808,Laura Valentino,Head Coach,,7,1260,180,116,0,0.608
1809,Garrett Valis,Head Coach,,8,1284,162,213,0,0.432
1810,Stacey Vallee,Head Coach,,22,1426,669,384,1,0.635
1811,Lisa Van Ackeren,Head Coach,,14,1186,258,256,3,0.502
1812,Grace Van Horn,Head Coach,,1,1944,13,23,0,0.361
1813,Alison Van Scyoc,Head Coach,,10,1404,247,170,0,0.592
1814,Annie Van Wetzinga,Head Coach,,19,1385,584,380,0,0.606
1815,Marcella Vanlandingham,Head Coach,,31,1503,875,704,1,0.554
1816,Jexx Varner,Head Coach,,11,1261,185,249,0,0.426
1817,Bill Vasko,Head Coach,,11,1124,199,246,0,0.447
1818,Jackson Vaughan,Head Coach,,25,1661,897,209,2,0.81
1819,Andrea Vaughn,Head Coach,,11,1495,376,181,1,0.675
1820,Angela Vecchione,Head Coach,,1,1869,19,18,0,0.514
1821,Laura Villagrana,Head Coach,,3,1852,24,59,0,0.289
1822,Jessica Villegas,Head Coach,,1,1498,1,4,0,0.2
1823,Dan Vitale,Head Coach,,3,1377,19,82,0,0.188
1824,Brenda Volk,Head Coach,,26,1838,800,324,5,0.711
1825,Zadaisha Waddell,Head Coach,,4,1589,47,88,0,0.348
1826,Beth Wade,Head Coach,,5,1474,118,102,0,0.536
1827,Ashley Wade,Head Coach,,4,1309,93,81,0,0.534
1828,Rich Wagner,Head Coach,,14,1561,315,315,0,0.5
1829,Robert Wagner,Head Coach,,11,1343,239,303,1,0.441
1830,Lakyn Wagoner,Head Coach,,2,1870,18,26,0,0.409
1831,Kelsy Waite,Head Coach,,1,2016,0,31,0,0
1832,Justin Walker,Head Coach,,6,1318,121,143,0,0.458
1833,Kyrin Walker,Head Coach,,5,1531,62,88,0,0.413
1834,Steve Wallace,Head Coach,,3,1648,20,62,0,0.244
1835,Jordyn Walter,Head Coach,,2,1931,12,22,0,0.353
1836,Tim Walton,Head Coach,,24,1095,1176,320,0,0.786
1837,Juleah Wanner,Head Coach,,10,1650,124,142,0,0.466
1838,George Wares,Head Coach,,42,1806,1294,464,3,0.736
1839,Steve Warner,Head Coach,,34,1520,1224,522,2,0.701
1840,Megan Warren,Head Coach,,8,1692,116,128,2,0.476
1841,Ashley Waters,Head Coach,,11,1099,371,165,1,0.692
1842,Laura Watten,Head Coach,,28,1203,825,750,0,0.524
1843,Amy Weaver,Head Coach,,29,1685,761,384,1,0.664
1844,Carrie Webber,Head Coach,,19,1513,529,367,0,0.59
1845,Karen Weekly,Head Coach,,30,1161,1375,454,2,0.752
1846,Taylor Welch,Head Coach,,2,1395,46,24,0,0.657
1847,Luke Wesneski,Head Coach,,10,1710,246,140,2,0.637
1848,Samantha West,Head Coach,,1,1449,7,11,0,0.389
1849,Mary Karen Wheat,Head Coach,,2,1988,22,50,0,0.306
1850,Tara Wheeler,Head Coach,,6,1521,85,132,2,0.393
1851,Mike White,Head Coach,,17,1085,771,205,4,0.789
1852,Cody White,Head Coach,,13,1273,508,184,0,0.734
1853,Samantha Whiting,Head Coach,,3,1800,43,52,0,0.453
1854,Bailey Wigness,Head Coach,,8,1205,185,163,0,0.532
1855,Jess Wilcox,Head Coach,,0,1860,0,0,0,0
1856,Michelle Wiley,Head Coach,,8,1401,171,122,0,0.584
1857,Scottie Wilkes,Head Coach,,4,1387,140,49,0,0.741
1858,Kallee Wilkins,Head Coach,,3,2038,18,60,0,0.231
1859,David Williams,Head Coach,,21,1348,487,505,4,0.491
1860,Brittney Williams,Head Coach,,5,1287,76,127,0,0.374
1861,Don Don Williams,Head Coach,,7,1213,82,186,0,0.306
1862,Art Williams,Head Coach,,14,1751,251,211,0,0.543
1863,Jennifer Williams,Head Coach,,16,1198,259,253,1,0.506
1864,Kim Wilson,Head Coach,,35,1725,1032,364,2,0.739
1865,Marlee Wilson,Head Coach,,3,1188,50,64,0,0.439
1866,Wade Wilson,Head Coach,,15,1660,511,98,0,0.839
1867,Casey Wilson,Head Coach,,3,1782,68,27,0,0.716
1868,Randi Wimpy,Head Coach,,4,2261,83,35,0,0.703
1869,Shane Winkler,Head Coach,,18,1122,493,491,3,0.501
1870,Ashley Winter,Head Coach,,17,2023,263,293,1,0.473
1871,Bailey Wittenauer,Head Coach,,7,1770,151,105,0,0.59
1872,Jaime Wohlbach,Head Coach,,19,1435,460,409,2,0.529
1873,Kristle Wolcott,Head Coach,,1,1423,4,10,0,0.286
1874,Krista Wood,Head Coach,,20,1190,602,409,0,0.595
1875,Ricci Woodard,Head Coach,,26,1154,891,529,2,0.627
1876,Jane Worthington,Head Coach,,34,1140,954,804,0,0.543
1877,Joel Worthington,Head Coach,,6,1509,145,93,0,0.609
1878,Autum Wyatt,Head Coach,,1,1586,5,15,0,0.25
1879,Merritt Yackey,Head Coach,,17,1945,142,468,0,0.233
1880,Kent Yamaguchi,Head Coach,,21,1574,253,627,0,0.288
1881,Madelyn Yannetti,Head Coach,,0,1778,0,0,0,0
1882,Joe Yegge,Head Coach,,5,1543,116,107,0,0.52
1883,Margaret Yerdon-Grange,Head Coach,,16,2015,374,253,0,0.596
1884,Codee Yeske,Head Coach,,4,2065,75,96,0,0.439
1885,Marissa Young,Head Coach,,9,1098,318,133,0,0.705
1886,Van Zanic,Head Coach,,23,1786,564,384,0,0.595
1887,Kim Zarling,Head Coach,,31,1847,494,855,0,0.366
1888,Jessica Zavolta,Head Coach,,2,1888,18,22,1,0.451
1889,Morgan Zerkle,Head Coach,,3,1106,69,59,0,0.539
1890,Glenn Zinsmeister,Head Coach,,8,1843,103,178,2,0.367
1891,Alicia du'Monceaux,Head Coach,,18,1659,339,332,0,0.505
