player_name,player_id,player_ncaa_season_id,team_id,games_played,home_runs,boxscore_hr,delta
D. Hill,146693,,1364,28,7,0,7
Tranasia Parker,139876,11224293.0,1381,34,15,8,7
Laila Ruiz,143117,11225388.0,1484,34,11,5,6
Taya Hopfauf,98699,,1373,39,5,0,5
Jake Busson,139661,11247717.0,817,34,12,8,4
Sammie Jarvis,97248,9670106.0,1526,29,4,0,4
Katelyn Harmon,89476,9665297.0,1521,37,7,3,4
Ayden Lohr,72370,9685881.0,141,30,6,2,4
Taneah Gibbons,146294,11225097.0,1540,25,5,1,4
Adam Moser,138244,11233651.0,877,32,7,3,4
Noelle Smith,149489,,1792,19,4,0,4
Ashlyn Zapach,80956,9666553.0,1526,39,5,1,4
Gracyn Tucker,86196,9659539.0,1116,49,16,13,3
Hunter Rasnick-Pope,108334,9681834.0,339,26,3,0,3
Ty Grover,76911,9705168.0,12,31,8,5,3
Rylee Lemos,96829,9668368.0,1428,43,8,5,3
Joshua Lile,131582,11243133.0,339,31,7,4,3
Lauren Harris,91390,9658127.0,1497,42,13,10,3
Cam Rendell,56262,9696215.0,341,23,5,2,3
Damian Brown,55220,9692128.0,362,31,8,5,3
Zach Johnston,76616,9683662.0,363,29,5,2,3
Ibrahim Marrero,104657,9684108.0,399,21,5,2,3
Patrick Sido,147014,11249679.0,443,30,8,5,3
Isaiah Parido,56809,9697269.0,467,31,13,10,3
Jimmy Casey,137008,11244476.0,759,28,5,2,3
Dylan Barnes,75664,9698365.0,605,24,6,3,3
Kaitlyn Fletcher,118076,9666732.0,1540,24,7,4,3
Corbin Martens,135615,11218954.0,642,29,11,8,3
Kameron Byrd,57093,9692495.0,725,31,3,0,3
Brandon Mahler,52586,9704572.0,177,29,12,9,3
Byron Robinson,137399,11246998.0,784,30,9,6,3
Chloe Bethune,108607,,1373,31,3,0,3
Isaac Goddard,148421,11253061.0,49,28,4,1,3
Colin Barczi,67934,9690923.0,852,18,6,3,3
Jake Smith,65563,9696252.0,847,38,13,10,3
Bri Weimer,105651,9660477.0,1444,42,8,5,3
Cyndia Dobbins,144752,11245918.0,1642,20,3,0,3
Bethany Rodman,81700,9670368.0,1910,22,3,0,3
Braedan Trissell,138246,11233678.0,877,31,7,4,3
Ansleigh Mason,80605,9662950.0,1381,30,3,0,3
Taelor Chang,105969,9661253.0,2065,35,5,2,3
Audrey Higgins,105353,9656343.0,1526,37,6,3,3
RILEY UHLS,51157,9680486.0,73,29,8,5,3
McKenzie Nervis,107275,11224289.0,1381,32,7,4,3
Ryan Campbell,104828,9686794.0,373,38,10,7,3
Mayci Larson,94011,9666760.0,1757,25,4,2,2
Michael Alspaugh,139319,11243631.0,19,23,3,1,2
Baelee Garland,141973,11237614.0,1421,21,2,0,2
Miles Hawkins,129140,11237045.0,157,34,4,2,2
Annalise Buncy,145699,11224989.0,1430,31,3,1,2
Marleigh Monroe,124818,,1875,14,2,0,2
Alexander Kavalick,66381,9688819.0,21,28,5,3,2
Ruben Velasco III,129292,11234673.0,812,24,5,3,2
Heather Ebner,86940,9660666.0,1538,28,5,3,2
Sammy Burman,54765,9682640.0,128,31,7,5,2
Kendra Lewis,107144,9656040.0,1262,37,2,0,2
Briana Murray,143280,11231982.0,2261,18,3,1,2
Evan Brock,146792,11250656.0,764,28,5,3,2
Onnika Spencer,95731,11231093.0,1272,37,8,6,2
Sylvia Mudis,144398,11218342.0,1468,27,6,4,2
Grady Pieratt,139384,11218710.0,21,13,2,0,2
Kenzie Moss,90525,9667185.0,1639,40,7,5,2
Trace Mazon III,146844,11249947.0,163,21,4,2,2
Ava Littin,122017,9670548.0,1533,22,3,1,2
Trent Holland,117799,9701429.0,94,34,5,3,2
Ava Cyphers,124455,,1881,30,2,0,2
Braylon Ryan,139388,11218713.0,21,23,2,0,2
Noelle Simmons,95420,9660235.0,1726,26,3,1,2
Emory Stephens,50254,9680143.0,12,31,3,1,2
Isaac Wendler,120743,9677402.0,49,19,3,1,2
Moira Tinsley,121193,9665693.0,1943,28,5,3,2
Karris Rhine,140049,11214647.0,1387,41,7,5,2
Mady Lyons,93249,9668551.0,1709,24,10,8,2
Madison Passineau,148255,11252672.0,1926,26,2,0,2
KK Dement,107042,9661636.0,1120,43,9,7,2
Lorena Ruiz-Rubio,92234,9665721.0,1526,32,2,0,2
Sara DeFrancesco,149486,,1792,20,2,0,2
Yuleesa Kennedy,142583,11240871.0,1434,50,6,4,2
Katie Gray,89622,9659438.0,1465,41,12,10,2
Stephani DeBise,98214,9654354.0,1657,23,3,1,2
La'taviona Parke,106176,9666675.0,1480,25,6,4,2
Roxy Thompson,96735,9654910.0,1299,42,3,1,2
Kaygen Marshall,140164,11220037.0,1170,42,9,7,2
Saniya Hunter,142659,11237664.0,1415,25,4,2,2
Natalie Savage,95222,9661194.0,1483,35,3,1,2
Seth Brankey,76318,9702585.0,67,28,3,1,2
Kenyan Jr.,51097,9704584.0,69,26,5,3,2
Lauryn Olson,91551,9667325.0,1674,26,2,0,2
Haley Barnes,86421,11332177.0,1674,26,5,3,2
Taylor Hodson,119527,9659970.0,1395,42,5,3,2
Cassidy Cummings,82947,9655671.0,1635,34,3,1,2
Elisa Allen,84172,9666056.0,1211,31,11,9,2
Samantha Taylor,105771,9658212.0,1398,47,12,10,2
Raegan Gibson,122329,9669512.0,1711,26,4,2,2
Christina Meneses,105386,9660644.0,1431,37,8,6,2
Christopher Watson,100517,9699424.0,77,26,2,0,2
Madison Austra,106194,9666844.0,1520,34,4,2,2
Summer Nelsen,98262,9661483.0,1563,26,3,1,2
Jayla Givens,144715,11213567.0,1546,25,5,3,2
Kierston McCoy,90642,9665879.0,1300,41,10,8,2
Taylor Sedlacek,98922,11239741.0,1224,34,13,11,2
Joey Appino,51839,9700647.0,124,32,5,3,2
Jamaria Charley,108822,,1364,29,2,0,2
Alyssa Stanford,108825,,1364,27,2,0,2
Nevaeh Martinez,105197,9657697.0,1588,41,11,9,2
Ellanie Yarrell,146697,,1364,29,2,0,2
Maya Knasiak,93975,9664902.0,1826,23,4,2,2
Ava JOSHUA,146694,,1364,14,2,0,2
Iris Bejarano,105957,11223760.0,1433,38,9,7,2
Max Pemberton,115186,9678483.0,154,29,10,8,2
Dalen Lamberson,51847,9702222.0,124,32,3,1,2
America Rubio,80187,11225919.0,1512,34,10,8,2
Addy Peaden,146295,11225102.0,1540,22,6,4,2
Jillian Albayati,88170,9669427.0,1466,41,12,10,2
Kinzey Woody,146045,10801150.0,1172,36,9,7,2
Jacie Frencken,108041,9661001.0,1471,38,6,4,2
Aiden Melvin,116411,9704081.0,5,13,4,2,2
Abby Schreiner,78684,9665539.0,1491,42,4,2,2
Amira Johnson,141838,11212307.0,1476,39,4,2,2
Zack Chadwell,117800,9700632.0,94,34,10,8,2
Jasmin Stewart,87638,9654816.0,1476,37,3,1,2
Rylee Gray,105498,9660638.0,1426,34,2,0,2
Jacob Gillis,127694,11214109.0,56,36,8,6,2
Ava Blake,106680,9666922.0,1106,42,15,13,2
Tyler Skaggs,74416,9698329.0,19,17,4,2,2
Gabbie Saucedo,85602,11233570.0,1391,34,2,0,2
Sydni Burko,106592,11223199.0,1106,43,17,15,2
Bryce Fowler,46921,9688507.0,8,37,5,3,2
Madi Drummond,105870,9661098.0,1568,31,4,2,2
Mackenzie Gieseler,105285,9670706.0,1521,37,4,2,2
Sydney Dickinson,115569,9662488.0,1699,31,10,8,2
Lauryn Foster,91540,9658400.0,1406,25,5,3,2
Jenna Kosnoff,87907,9668612.0,1484,36,12,10,2
Jake Mahler,52587,9701437.0,177,29,12,10,2
Graham Kasten,120176,9677435.0,178,27,9,7,2
Brandon Mercado,39840,9689133.0,193,22,2,0,2
Grant Mealey,71660,9680051.0,199,33,4,2,2
Justin Batts,115221,9692738.0,205,27,3,1,2
Aaron Schneider,124157,9688522.0,210,19,4,2,2
Jordan Smith,108316,9699790.0,234,35,2,0,2
Mason Roell,122818,9692497.0,351,25,8,6,2
Pierre Cabral,117663,9703254.0,355,36,7,5,2
Tyree Reed,45036,11247542.0,355,36,6,4,2
Lukas Geer,55222,9691592.0,362,31,10,8,2
Alex Shane,55230,9685531.0,362,32,5,3,2
Vahn Lackey,68816,9704441.0,295,36,12,10,2
Marco Fernandez,131930,11228445.0,2257,29,8,6,2
Cannon Jackson,131935,11228477.0,2257,19,3,1,2
Jace Irvin,55239,9681712.0,363,29,5,3,2
Will Baker,116575,9702115.0,295,35,5,3,2
Nason Busca,53438,9679130.0,238,22,2,0,2
J. Padgett,132067,11243857.0,373,31,2,0,2
Dylan Witkowski,55663,9682597.0,389,26,5,3,2
Evan Sareyka,55662,9683459.0,389,26,5,3,2
Tanner Smith,132276,11231220.0,389,19,3,1,2
UNKNOWN Chapa,132678,11243853.0,391,29,2,0,2
Alex Hernandez,116574,9689598.0,295,35,7,5,2
S. Terrell,146502,11249037.0,399,36,4,2,2
Alex Kowalski,55915,9692690.0,408,32,7,5,2
Blythe Blakey,103726,9686483.0,1083,31,6,4,2
Colin Kissane,72995,9685131.0,418,27,11,9,2
Benton Jones,56221,9684800.0,426,31,5,3,2
Gabriel Pegues,133391,11247155.0,426,16,2,0,2
Guytano Kiesel,147001,11251028.0,766,17,2,0,2
Ryan Zuckerman,71060,11230384.0,295,36,14,12,2
Connor Hassan,66670,9678174.0,445,30,2,0,2
Nolan Williams,102514,9703662.0,444,33,12,10,2
Collin Bruning,106261,9702603.0,456,32,7,5,2
Connor Powell,131408,11247007.0,313,28,3,1,2
Evan Appelwick,41604,9699338.0,470,35,11,9,2
Easton Steck,133485,11214745.0,477,28,4,2,2
Jackson Fliflet,101377,9679240.0,481,35,10,8,2
Ryan Kessler,66761,9689146.0,504,10,2,0,2
Aubrey Kearns,99904,9705117.0,505,36,9,7,2
Caden Sheridan,100274,9695978.0,505,34,9,7,2
Davis Germann,57291,9690716.0,505,34,6,4,2
Kris Hokenson,57003,11228796.0,516,35,6,4,2
Payton Diaz,118697,9693507.0,544,29,3,1,2
Taylor Joseph,119275,9683495.0,550,26,7,5,2
Jeremiah Cabuyaban,53114,11210625.0,557,36,12,10,2
Jack Shaeffer,131217,11231896.0,314,22,4,2,2
Boe Rodriguez,131385,10802271.0,324,33,4,2,2
Adam Cooper,75668,9700146.0,605,17,4,2,2
Donato Incollingo,74058,9691831.0,603,30,11,9,2
Trey Fenderson,58966,11231497.0,614,35,4,2,2
Thomas Smith,75347,9678351.0,611,25,5,3,2
Quinn Hill,76346,9676998.0,769,16,2,0,2
Corie Lockette,69267,11248732.0,621,27,4,2,2
Kailis Mayo,58985,9687172.0,624,28,2,0,2
Jesse Bullard,135559,11227070.0,637,32,13,11,2
Dylan Oblepias,147273,10809182.0,2259,29,5,3,2
Maddox German,147257,10809228.0,2259,26,3,1,2
Ben Daniel,66823,9702110.0,642,29,3,1,2
Brandon Trichell,66837,9688592.0,642,30,3,1,2
Mason Krznarich,131374,10802311.0,324,28,7,5,2
Sam Reardon,135620,11218855.0,642,17,5,3,2
Danny Ferguson,117361,9703512.0,649,20,2,0,2
Mason Rasmussen,59400,9698961.0,656,24,3,1,2
Brayden Davis,76109,9698693.0,658,25,9,7,2
Brody Capps,100197,11211747.0,714,38,10,8,2
Connor Cuff,70400,11211750.0,714,38,9,7,2
Chase Bloomer,60092,9677126.0,705,37,7,5,2
Terrick Thompson-Allen,69341,11236829.0,705,28,9,7,2
Davis Gillespie,60326,9699523.0,722,37,9,7,2
Kyle Douin,60314,9688733.0,721,24,7,5,2
Xavier Bradley,118112,9692944.0,725,22,4,2,2
Jacoby Radcliffe,60365,9687915.0,725,32,2,0,2
Mason Eckman,146922,11249935.0,327,4,2,0,2
Adam Agresti,67592,9688321.0,740,36,14,12,2
Tyler Dean,55865,11329329.0,747,29,5,3,2
Tyler Rinehart,148656,11254274.0,575,27,7,5,2
Mike Tiseo,149721,11331055.0,583,22,6,4,2
Michael Girardi,61012,11332487.0,770,30,2,0,2
Landon Smelser,115405,9678059.0,777,36,6,4,2
Caden Sorrell,67771,9676762.0,782,34,17,15,2
Connor Harrison,70925,9694868.0,782,31,5,3,2
JP Kuczik,53638,9699035.0,251,28,3,1,2
Anthony Ruiz,137400,11247000.0,784,18,3,1,2
Manny Salas,137304,11243649.0,785,37,10,8,2
Brayden Clark,71528,9682541.0,791,37,8,6,2
Michael Patellis,115413,9690837.0,791,36,7,5,2
Luke Kruer,119235,9687021.0,463,22,10,8,2
Tyler Shigenaka,103123,9677342.0,956,39,5,3,2
Skyler Fields,131571,11243127.0,339,11,2,0,2
Davis Wagner,104943,11242484.0,275,27,3,1,2
Luka Gilliam,116971,11229272.0,857,22,2,0,2
Josh Dezenzo,62398,9677190.0,867,28,8,6,2
Ryan Hartz,102756,9683553.0,877,32,3,1,2
Reid Hietpas,102670,9694185.0,877,28,6,4,2
Nick Wrubluski,102453,9686955.0,877,28,6,4,2
Daniel Donaldson-Fountain,130148,11237443.0,234,37,11,9,2
Noah Loveall,130671,11242486.0,275,23,8,6,2
Jaliyah Grigsby,139829,11219022.0,1295,27,5,3,2
Avery Fisher,105097,9662847.0,1381,35,8,6,2
K. Mills,122071,9693881.0,346,29,6,4,2
Thomas Curry,102970,9700019.0,817,34,4,2,2
Anthony Tetto,129831,11246372.0,214,24,3,1,2
Drew Mistele,100874,9682264.0,926,19,4,2,2
Spencer Shipman,71999,11237922.0,905,21,10,8,2
Jason Smith,62982,9702914.0,909,22,3,1,2
Brayden Knoll,138845,11244987.0,925,24,7,5,2
Ashlyn Short,149772,11330947.0,1877,12,1,0,1
Chloe Geijer,83269,9659709.0,1122,38,1,0,1
Jenna Krol,107515,9670436.0,1122,45,1,0,1
Katelin Keller,141401,11225270.0,1586,38,1,0,1
Riley Martens,124932,9659696.0,1345,37,1,0,1
Ava Rodriguez,81234,9670539.0,1649,31,2,1,1
Piper Morgan,141443,11237530.0,1649,27,4,3,1
Sophia Olman,98099,9663824.0,1147,39,5,4,1
Abbi Hatton,107546,9669743.0,1147,43,4,3,1
Ana Oquita,141473,11215876.0,1431,24,3,2,1
Jordan Rivera,88396,9659582.0,1431,18,2,1,1
Emily Marsh,105387,9662960.0,1431,37,5,4,1
Mary Moss Wirt,93890,9664097.0,1239,36,1,0,1
Emely Rodriguez,84537,9663722.0,1871,26,2,1,1
Hannah Booth,122236,9669618.0,2053,44,10,9,1
Brooke Flewelling,82121,9655095.0,1427,37,14,13,1
Gabby Burroughs,85611,9656399.0,1563,38,8,7,1
Catherine Seay,150070,11332553.0,1927,19,1,0,1
Bre Dixon,81777,9655782.0,1822,19,4,3,1
Emma Paul,118922,9667948.0,1420,32,4,3,1
Xztashya Porter,99504,9659018.0,1531,28,3,2,1
Sydney Jackson,98381,9665794.0,1531,24,8,7,1
Tiara Stueck,105806,11242893.0,1531,27,4,3,1
Kimberly Torres,105461,9657551.0,1577,34,8,7,1
Mikayla Brown,94623,9663555.0,1577,32,1,0,1
Karina De La Vega,141662,11243776.0,1577,33,4,3,1
Annika Smith,80598,11243781.0,1577,12,1,0,1
Jadyn Joseph,87439,9660840.0,1553,36,2,1,1
Alexis Kozlowski,79382,9662991.0,1553,39,4,3,1
Jayden Marlatt,105469,9663930.0,1553,39,2,1,1
Joslynne Frazier,88543,9670755.0,1448,34,7,6,1
Ciara Maple,115510,9670459.0,1115,12,1,0,1
Makayla Register,93430,11244429.0,1115,35,3,2,1
Gigi Polanco,141796,11220996.0,1619,33,1,0,1
Hannah Lewis,141794,11220990.0,1619,32,1,0,1
Isa Torres,87082,9656256.0,1094,35,10,9,1
Jaysoni Beachum,87787,9661700.0,1094,43,7,6,1
Anna Hinde,141809,11224559.0,1094,42,6,5,1
Carmen Alexander,141826,11217451.0,1487,35,7,6,1
Marley Quammie,108824,11212305.0,1476,39,1,0,1
Zarayna Anderson,141834,11212298.0,1476,16,1,0,1
McKenzie Jewell,141850,11222894.0,1426,46,8,7,1
Kate DelGrippo,123365,9668629.0,1996,19,5,4,1
Delaney Duford,124409,9659587.0,1455,32,5,4,1
Madison Lowe,93097,9661843.0,2014,16,2,1,1
Izabella Donaldson,118425,9658861.0,1438,32,6,5,1
Justine Robbins,88756,9657418.0,1786,28,1,0,1
Emily Benavidez,84599,9661524.0,1916,25,2,1,1
Maddie Todd,92723,9655844.0,1418,38,1,0,1
Stephanie Condland,98216,9666033.0,1418,29,4,3,1
Emma Simon,107586,9670599.0,1116,49,4,3,1
Gracie King,141963,11229333.0,1116,28,2,1,1
Kendall Huelsman,90326,9662027.0,1421,41,6,5,1
Lani Dansby,141972,11237608.0,1421,40,1,0,1
Chloe Hatcher,83273,9668620.0,1332,43,8,7,1
Zailees Seda,99533,9663883.0,1539,38,1,0,1
Delaney Warnick,83940,9657270.0,1539,38,4,3,1
Caitlin Olafsson,82429,9663695.0,2054,22,2,1,1
Zoey Neal,99626,11210117.0,1450,38,6,5,1
Maryn Jordan,93909,9656206.0,1093,35,1,0,1
Kendall Cole,90317,9664609.0,1774,28,1,0,1
Hannah Meshnick,86742,9667176.0,1258,28,3,2,1
Emme Steward,142362,11237284.0,1518,38,6,5,1
Emilia Bartholomew,142349,11223206.0,1339,26,2,1,1
Jaisy Caceres,87519,9654120.0,1109,43,5,4,1
Kennedy Hill,115521,9654280.0,1109,27,3,2,1
Sydney Zenon,98525,11229636.0,1109,45,7,6,1
Brooklyn Willis,105549,9664403.0,1443,46,16,15,1
Cara Cooper,82673,9668987.0,1443,46,2,1,1
Beija Allen,81568,9659460.0,1233,29,2,1,1
Kate Linkletter,89422,11225012.0,1334,39,3,2,1
Maddy Ybarra,105557,9655179.0,2074,45,6,5,1
Maliyah Lawson,93565,11222504.0,2074,45,2,1,1
Amanda Burch,106606,9661961.0,2073,24,2,1,1
Hope Ransome,106603,9662019.0,2073,32,1,0,1
Morgan Pelletier,121983,9664248.0,1709,18,6,5,1
DazeJah Lanham,142505,11248156.0,1575,31,1,0,1
Aaliyah Long,105574,9669014.0,1523,25,1,0,1
Tiahna Bowman,142555,11224183.0,1523,25,1,0,1
Keala Montgomery,90087,9660124.0,1929,34,2,1,1
Cheyanne Merkel,150234,11377316.0,1942,21,2,1,1
Samantha Lippiatt,108557,9665665.0,1644,19,1,0,1
Abby Heitman,78598,9664699.0,1663,21,1,0,1
Sarah Lopez,142663,11237662.0,1415,25,1,0,1
Allie Johnston,79623,9666155.0,1581,34,6,5,1
Crysta Duenas,83628,9659446.0,1131,35,1,0,1
Sydney Parlett,98444,9666823.0,1131,43,3,2,1
Aysia Lewis,81400,9657642.0,1632,19,1,0,1
Ki-Litta Sowell,122256,9655720.0,1632,29,3,2,1
Khaylani Bailey,122252,9654877.0,1632,28,1,0,1
Autumn Joyce,142720,11197964.0,1412,42,7,6,1
Lani Warren,91257,9656032.0,1412,42,11,10,1
Kaylan Brown,89930,9669750.0,1412,42,3,2,1
Alexandria Gray,79307,9669973.0,1412,36,3,2,1
Anna Frafjord,80456,9655524.0,1519,36,7,6,1
Ariana Trausch,105620,9658928.0,1519,34,3,2,1
Morgan Spodarek,105672,11238957.0,1519,36,4,3,1
TK Lawson,99102,9659121.0,1630,24,4,3,1
Ashlynn Sherman,80963,9670302.0,1589,25,1,0,1
Ashley  Stringer,80767,9667560.0,1589,29,2,1,1
Izzy Wilcox,107726,9661853.0,2057,26,1,0,1
Rylee Watson,96861,9658238.0,1648,18,2,1,1
Miranda Gonzalez,142835,9669504.0,1315,37,1,0,1
Nina Sepulveda,142839,10801554.0,1315,41,3,2,1
Hollie Thomas,106668,9667668.0,1178,47,5,4,1
Callia Holland,82515,9659921.0,1694,25,4,3,1
Rebecca Heinze,96380,9659286.0,1694,23,1,0,1
Maddie Pike,92685,9668422.0,1728,19,1,0,1
Zoe Stewart,99602,9665700.0,2029,17,7,6,1
Mia Rose,94506,9654769.0,1459,32,3,2,1
Brianna Estevez,115549,9657727.0,1352,39,3,2,1
Sophia KISELOSKI,98071,9665863.0,1352,32,2,1,1
Samantha Kelly,143000,11242132.0,1352,39,1,0,1
Lainey Brown,142995,11242122.0,1352,39,6,5,1
Natalye Debus,142996,11242126.0,1352,39,9,8,1
Isabella Manory,87157,9669266.0,1111,39,4,3,1
Maia Sholter,93360,9656062.0,1444,33,7,6,1
Camryn Sterling,105646,9667142.0,1444,32,2,1,1
Sadie Cecil,143030,11219580.0,1444,40,6,5,1
Bella Gerlach,81614,9658042.0,1106,43,12,11,1
Tia Titi,106681,9664251.0,1106,36,6,5,1
Diamond Leslie,106679,9667087.0,1106,43,9,8,1
Chandler Hoskins,83100,9670164.0,1106,41,8,7,1
Gabriella Beltran,143079,11216289.0,1199,29,3,2,1
Kai Hudson,117524,9655826.0,1199,14,1,0,1
Caitlin Boden,82409,9664702.0,1888,27,1,0,1
Ally McBride,122280,9662418.0,1888,21,1,0,1
Cameron Kelly,122279,9655301.0,1888,21,1,0,1
Addison Clark,143153,11243051.0,1497,36,4,3,1
Jasmine Myers,143161,11243054.0,1497,42,8,7,1
Sophia Fuller,98055,9669955.0,1769,35,3,2,1
Julianna Coluccio,88703,9654517.0,1462,26,3,2,1
Cheyenne Prieto,83226,9666597.0,1385,40,8,7,1
Neila Lucero,143231,11233441.0,1385,33,2,1,1
Trinity Kennemer,99220,11233433.0,1385,28,5,4,1
Lexi Medlock,91765,9656797.0,1272,40,6,5,1
Mady Pint,143290,11231068.0,1272,38,5,4,1
Gabriela Garcia,143317,11241018.0,1621,43,6,5,1
Allyson Black,79776,9655937.0,1486,28,4,3,1
Carly Vaughan,82786,9661820.0,1486,38,4,3,1
Anna LaCount,80477,9656887.0,1508,37,4,3,1
Taylor Eatherton,98774,9662726.0,1508,13,1,0,1
Audrey Olson,143394,11212227.0,1697,15,1,0,1
Olivia Losee,95606,9660821.0,1697,25,3,2,1
Gianna Foreman,85804,9661696.0,1761,25,2,1,1
Rachel Connors,106720,9658890.0,1243,30,3,2,1
Blakely Gill,105730,9666242.0,1397,41,6,5,1
Shelby Samples,97790,9660473.0,1397,42,4,3,1
Megan Matheis,105729,9670750.0,1397,39,2,1,1
Bailey Dillon,105741,9658056.0,1465,42,3,2,1
Carsen Tinkler,82884,9657399.0,1465,42,6,5,1
Cady Dickey,105742,9660586.0,1465,30,1,0,1
Gianna Saggese,143461,11221075.0,1465,37,2,1,1
Taylor Nelson,105737,9665306.0,1608,38,12,11,1
Ty Neal,99271,9665970.0,1608,22,1,0,1
Brooklyn Millhollin,116296,9659295.0,1972,25,1,0,1
Danica Butler,143535,11226779.0,1543,32,4,3,1
Liz Mullen,92149,9669049.0,1853,34,1,0,1
Katie Brunner,89585,9668599.0,1853,25,2,1,1
Olivia Pagano,108596,9666708.0,1250,30,2,1,1
Emily Saw,105775,9670585.0,1398,45,4,3,1
Carmen Henderson,147615,11251098.0,1851,14,1,0,1
Cara Taylor,82681,9670725.0,1910,28,1,0,1
Olivia Dishon,124772,9670873.0,1910,16,1,0,1
Haley Wilwerding,86509,9658713.0,1224,18,1,0,1
Alyson Edwards,107846,9662061.0,1224,29,6,5,1
Kendall Kersey,90328,9666896.0,1600,27,2,1,1
Samantha Bland,97097,9659354.0,1146,38,2,1,1
Zoe Twarog,143722,11241720.0,1967,25,3,2,1
Natalie Rosales,95220,9662199.0,1982,22,1,0,1
Emily Gill,147647,11248441.0,1826,29,1,0,1
Miracle McKenzie,106764,9663399.0,1288,41,14,13,1
Naya Schubel,123469,9660027.0,1993,27,3,2,1
Samantha Clark,105792,9659680.0,1424,38,1,0,1
Brooke Hodges,105795,9666031.0,1424,36,1,0,1
Jolyn Gibbons,88317,9661377.0,1145,29,3,2,1
Tyra Robinson,116308,9654444.0,1367,41,8,7,1
Makyiah Simmons,93523,9656278.0,1798,33,4,3,1
Alona Hanna,105804,9670675.0,1528,44,6,5,1
Lexie Metcalf,105819,9666484.0,1383,47,2,1,1
Emily Carpenter,143940,11233699.0,1638,43,3,2,1
Annsleigh Morris,143947,11233709.0,1638,43,6,5,1
Mattison Hamilton,143945,11233701.0,1638,43,1,0,1
Jaeleigh Darnell,105944,11210204.0,1467,36,8,7,1
Kaia Cortes,106822,9659890.0,1158,21,1,0,1
Raegan Perkes,149583,11330240.0,1800,22,1,0,1
Gianna Russo,85837,9660838.0,1436,40,6,5,1
Kayla Turmell,118454,9664725.0,1245,33,4,3,1
Danae Lopez,105297,11219968.0,1568,43,4,3,1
Aubrey Jones,144146,11226227.0,1119,39,3,2,1
Ayanna Shaw,81388,9659325.0,1117,39,1,0,1
Ryin Perico,149591,11330187.0,1944,12,2,1,1
S. Adams,148932,11255024.0,2032,31,3,2,1
B. Rofkahr,148939,11255027.0,2032,34,1,0,1
Willa Poplawski,99483,9666267.0,1478,36,2,1,1
Aby Redwine,149441,11330078.0,1813,18,1,0,1
Payton Crawford,120473,9658144.0,1759,26,2,1,1
Gigi Ganje,115593,9666492.0,1265,34,15,14,1
Kenzie Bessette,90508,9665563.0,2012,21,2,1,1
Lindsey Fischer,92056,9656092.0,1639,37,2,1,1
Haleigh Winter,144435,11218099.0,1639,29,2,1,1
Hannah Hensler,86689,9660313.0,1730,30,2,1,1
Adyson Kim,78983,9663194.0,1673,33,1,0,1
Reagan Hill,96323,9668558.0,1689,34,4,3,1
Ashley Bush,80787,9668602.0,1689,32,4,3,1
Liliana Bell,149659,11330573.0,1726,23,4,3,1
Sophia Quinlan,98105,9656093.0,1874,26,4,3,1
Emily Berry,84600,9670597.0,1623,39,8,7,1
Mya Bristow,120136,9669630.0,1623,28,5,4,1
Chloe Cardona,144572,11235513.0,1495,42,1,0,1
Mikayla Dansky,120324,9656920.0,1725,34,2,1,1
Ava Fisher,120305,11251374.0,1725,30,6,5,1
Samantha Gaona,97129,9658838.0,2019,29,1,0,1
Olivia Moscardi,144684,11226543.0,1599,31,1,0,1
Katey Brennan,89522,9669494.0,1197,39,3,2,1
Lea Kosinski,91585,11218485.0,1197,26,3,2,1
Ansley Giffin,80614,9658670.0,1945,33,1,0,1
Iona Davis,108645,9654685.0,1642,19,1,0,1
Jordan Booker,88332,9667215.0,1642,27,1,0,1
Syhia Marks,98548,11245879.0,1642,23,1,0,1
Alyssa Massucci,123548,9659035.0,1537,29,3,2,1
Emma Brinkman,84961,11236004.0,2065,28,3,2,1
"Lashea ""Shea"" Morlu",108823,,1364,28,1,0,1
Abi Brown,78722,9663441.0,1343,36,2,1,1
Bria Riebel,144905,11211468.0,1204,47,10,9,1
Kelsi Adams,90271,9659455.0,1512,41,8,7,1
Abby Lineman,78626,9657666.0,1566,35,8,7,1
Berkeley Whitten,81684,11250946.0,1820,25,9,8,1
Sophia Badell,98034,11330092.0,1820,25,7,6,1
Shalie Wooden,97641,9661345.0,1471,41,3,2,1
Abby Lawson,145034,11217561.0,1491,36,4,3,1
Marissa Moreland,145036,11217564.0,1491,35,6,5,1
Landry Bayless,145051,11236269.0,1541,40,5,4,1
Kayla Coley-Drayton,89810,9663214.0,1506,30,1,0,1
Meadow Villar,94142,11217707.0,1506,37,9,8,1
Meredith Fontenot,145069,11217704.0,1506,28,3,2,1
Helen McKinnon,86964,9670950.0,1757,25,1,0,1
Lauren Stalica,145143,11229462.0,1238,21,1,0,1
Emily Wendt,124816,,1875,19,1,0,1
Allison Kroft,79684,,1875,20,1,0,1
Caelen Jahnle,82384,,1875,19,1,0,1
Kaylee Walker,106045,9660509.0,1538,38,1,0,1
Rhiannon Carroll,96509,9665868.0,1682,16,1,0,1
CJ Davidson,83446,9667107.0,1592,30,3,2,1
Karleigh Linssen,89245,9667070.0,1909,20,1,0,1
Joie Economides,108066,9663990.0,1221,38,5,4,1
Logan Forman,92190,11211982.0,1325,41,12,11,1
Irianis Garcia,106987,9669281.0,1325,44,9,8,1
Jessica Hsu,116373,9655613.0,1911,31,3,2,1
Isabela Lipsky,145290,11229856.0,1911,32,7,6,1
Mya Morales,122013,9663625.0,2001,24,1,0,1
Lia Fong,121848,9664718.0,1763,28,2,1,1
Penelope Saenz,116385,9654463.0,1210,31,4,3,1
KateLynn Cooper,145457,11238354.0,1210,32,3,2,1
Jasmyn Burns,87673,11201903.0,1113,38,11,10,1
Ashley Allinger,106085,9659147.0,1625,31,1,0,1
Taryn Madlock,98652,9670970.0,1374,44,7,6,1
Alisha Fox,145532,11212890.0,2068,37,3,2,1
Ahstyn Elbe,119617,9663017.0,2068,42,1,0,1
Emma Fegan,119626,9654238.0,2068,34,1,0,1
Haylee Palmer,119623,9667279.0,2068,42,3,2,1
Maddie Goddard,122325,9658062.0,1711,22,1,0,1
Tyra Marcum,99300,9655357.0,1656,22,6,5,1
Natalie Summers,145586,11243619.0,1656,18,2,1,1
Hannah Flores,146709,11249802.0,1770,23,1,0,1
Katelyn Pilcher,145598,10809426.0,1544,40,4,3,1
Maci Cole,92359,11215893.0,1133,40,7,6,1
Hayden Reilly,123586,9666435.0,1986,21,1,0,1
Kenya Tatum,146299,11225119.0,1540,26,5,4,1
Ava Mearideth,81219,11228066.0,1540,24,2,1,1
Taylor Hamaker,98804,9658634.0,1602,30,1,0,1
Kayla Lyon,89862,9670634.0,1123,39,5,4,1
Maddeline Waddell,145696,11237447.0,1696,23,2,1,1
Krisley Arnold,106135,9665182.0,1430,40,2,1,1
Charlotte Phillips,106131,9666433.0,1430,29,5,4,1
Jayme Prandine,87780,9667953.0,1430,31,2,1,1
Saylor McNearney,97583,9670965.0,1430,40,12,11,1
Madison VanAllen,145705,11225010.0,1430,28,4,3,1
Mack Gallagher,92382,9654864.0,1363,41,8,7,1
Lexi Kobryn,107113,9670776.0,1254,35,2,1,1
Mylia Knight,95074,9658800.0,1388,19,2,1,1
Chloe DAWSON,106165,9664324.0,1616,25,1,0,1
Janiya Brown,146719,11249887.0,1616,32,5,4,1
Madison Hayes,146722,11249894.0,1616,30,2,1,1
Maci Smythe,92369,9660342.0,1533,22,2,1,1
Danielle Schlader,83775,9656027.0,1445,35,1,0,1
Kierra Goos,90623,11217653.0,1445,32,3,2,1
Jamie Kelly,145836,11247137.0,1914,32,4,3,1
Braylee Corbin,145832,11247134.0,1914,32,7,6,1
Taylor Coleman,98758,9668784.0,1637,40,5,4,1
Isabelle Loiben,145861,11233716.0,1743,28,2,1,1
Ava Reinecke,145865,11233722.0,1743,20,2,1,1
Ella Watson,106179,9667195.0,1480,39,11,10,1
Nicole Mergen,106186,9656191.0,1394,41,12,11,1
Trinity Kuntz,99221,9667350.0,1392,42,7,6,1
Emily Liskai,84756,9665706.0,1392,42,8,7,1
Emily Bechtel,115669,9655110.0,1635,33,1,0,1
Brooke Christian,145996,11247889.0,1635,22,1,0,1
Josi Fix,88507,9663282.0,1520,36,3,2,1
Reagan Winn,96355,11241446.0,1520,36,3,2,1
Kennedy Kemp,123740,9663591.0,1900,27,1,0,1
Mia Gonzales,146017,11233840.0,1719,26,6,5,1
Mackenzie Rooney,146042,10801088.0,1172,38,5,4,1
Catelyn Beckerley,107137,9662785.0,1172,10,1,0,1
Reagan Bennett,116400,9656043.0,1611,33,3,2,1
Emma Jane Ogle,108206,9658416.0,1611,38,4,3,1
Rylee Maloney,96833,9658785.0,1391,30,1,0,1
Maddie Vollmar,119650,9657714.0,1391,32,5,4,1
Brianna Greenlaw,146084,11233590.0,1391,22,1,0,1
Emilee Cohee,108207,9660982.0,1440,13,1,0,1
Aaliyah Rodriguez,108845,9669212.0,1458,10,2,1,1
Bryn Elsenpeter,82321,9659402.0,1405,46,8,7,1
Ava Smith,146120,11221089.0,1405,25,4,3,1
Alyssa Woelfel,80009,11221129.0,1405,46,8,7,1
Melissa Dietz,115041,9656061.0,1918,18,3,2,1
Sarah Wilkins,146215,11240828.0,1870,26,5,4,1
Kayla Drake,89822,,1881,27,1,0,1
Rebekah Giel,96397,,1881,30,1,0,1
Emma Lohri,150214,,1881,19,1,0,1
Bailey Tammaro,81504,9665928.0,1680,28,1,0,1
Kate Miller,121466,,1792,22,1,0,1
Bri McKeown,81873,,1792,23,1,0,1
Jaylene Riley,149815,,2041,11,1,0,1
Emily Chandler,84636,11229868.0,1349,19,2,1,1
Emma Smith,140917,11227901.0,1395,35,2,1,1
Emma Dunman,140906,11227908.0,1395,6,1,0,1
Maddie Entler,140909,11227920.0,1395,25,1,0,1
Jake Burns,116413,9704540.0,5,27,10,9,1
Jaxon McGuigan,101562,9695304.0,5,25,3,2,1
Brendan Willadsen,73944,9695920.0,5,26,3,2,1
Gabe Jones,146747,11251071.0,5,29,4,3,1
Kelton Phillips,117752,11216242.0,7,25,1,0,1
Easton Amundson,103887,11216256.0,7,26,6,5,1
Jason Torres,56831,9678322.0,8,38,4,3,1
Justin Osterhouse,71252,11245095.0,8,33,3,2,1
Bryan Walker,139150,11231888.0,9,26,1,0,1
NIguel Jenkins,70544,9682303.0,11,23,3,2,1
Kevin Hall Jr.,69283,11206493.0,805,32,5,4,1
Landon Beaver,101947,9686338.0,805,37,4,3,1
Ryan Brown,57091,11213194.0,12,23,1,0,1
Luke Addison,50243,11213198.0,12,37,11,10,1
David Cooper,139196,11213192.0,12,36,4,3,1
Aiden Payne,64240,11213200.0,12,34,4,3,1
Tyler Turner,77633,9704648.0,12,33,6,5,1
Isaiah Haygood,101284,9686348.0,12,32,4,3,1
Arin Chevers,99895,9691909.0,12,30,7,6,1
Jack LaPorte,139252,9679934.0,14,24,3,2,1
Evan Schuster,50282,9680184.0,14,26,5,4,1
Logan DeVos,125838,9694781.0,14,20,3,2,1
Brendan Welch,126338,9703168.0,14,4,1,0,1
Max Holser,139249,11230483.0,14,31,3,2,1
Gavin Caston,50300,9684131.0,16,24,2,1,1
Zach Young,62567,9687675.0,18,25,4,3,1
Frank Grad,117073,9702234.0,18,31,3,2,1
Max Gladke,139305,11241893.0,18,8,1,0,1
Will Woodring,73612,11248555.0,22,21,3,2,1
Cameron Bleasdale,50366,9687751.0,21,30,2,1,1
Charlie Martyn,66387,9696315.0,21,17,2,1,1
Kyler Warren,36765,11218714.0,21,27,1,0,1
Justin Diaz,139369,11218732.0,21,27,4,3,1
Josh Frometa,48400,11222163.0,23,32,2,1,1
Zander Carnahan,139399,11241491.0,24,20,3,2,1
Dylan Hogan,55913,9693847.0,25,30,4,3,1
Max Oswald,57260,9678522.0,30,29,11,10,1
Ashton Quiller,68924,9692475.0,37,36,6,5,1
Ryder Helfrick,67483,9693661.0,36,38,12,11,1
Aaron Beaman,72965,9693394.0,40,34,3,2,1
Avery Hare,72973,9687023.0,40,34,2,1,1
Hank Burns,101193,9703479.0,40,29,2,1,1
Sean Krueckeberg,103930,9693209.0,41,37,6,5,1
Gage Weaver,103922,9688671.0,41,16,1,0,1
Drew Stevens,127506,11231837.0,41,36,5,4,1
Christopher McNeill,127536,11213895.0,48,41,7,6,1
Luke Turner,127540,11213901.0,48,34,5,4,1
Eric Guevara,77489,9693179.0,43,35,7,6,1
Riley Hendren,115167,9692323.0,46,29,6,5,1
Kaileb Hackman,117076,9702807.0,46,29,6,5,1
Kyle Mack,119014,9682550.0,49,29,1,0,1
Joe Lukancic,75202,9684150.0,49,29,1,0,1
Tyler Patton,50827,9689967.0,49,26,9,8,1
Ethan Flores,148420,11254048.0,49,2,1,0,1
Sean Kolenich,37217,9683245.0,55,28,4,3,1
Maddox Tarquinio,119753,9699304.0,55,21,1,0,1
Colin West,76436,9694743.0,55,28,3,2,1
Dennis Ritlinger-Nirider,50903,9701656.0,55,27,9,8,1
Charlie Keller,127695,11214098.0,56,21,3,2,1
Tyce Armstrong,48610,11225991.0,62,36,14,13,1
Brady Janusek,127760,11226007.0,62,36,8,7,1
Austin Canale,116453,9677641.0,63,32,2,1,1
Brady Holbrook,127827,11237902.0,65,29,3,2,1
Drew Hanson,76319,9702154.0,67,25,1,0,1
Kent Johnson,71723,11247473.0,69,19,5,4,1
Colin Jones,127944,11247477.0,69,24,1,0,1
Mike Budorick,119757,9685512.0,70,24,6,5,1
Spencer Geake,148448,11252856.0,70,30,5,4,1
Carter Funk,148447,11252853.0,70,16,1,0,1
Austin Jetmore,66479,9702242.0,73,26,2,1,1
Tanaka Mukono,102926,9684145.0,73,29,2,1,1
Chaz Moore,100470,9689434.0,73,21,1,0,1
Devin Toothman,51168,9691028.0,74,27,3,2,1
Xander Meissner,119901,9692763.0,75,23,6,5,1
Gary Swann,119907,9688660.0,75,22,5,4,1
Seth Jones,75117,11254978.0,75,15,2,1,1
Harley Carney,77018,9687939.0,81,22,1,0,1
Jordan Kelly,101710,11253579.0,81,18,1,0,1
Nick Wang,41343,11218200.0,87,40,13,12,1
Ben Kuja,117099,9681824.0,91,26,2,1,1
Danny Tambascia,117101,9690457.0,91,26,3,2,1
Henry Aronwald,75903,9688472.0,91,25,3,2,1
Anthony Mitta,51791,10807337.0,89,31,4,3,1
Anthony Martinez,128071,11212438.0,90,35,4,3,1
Michael Quick,116870,11212445.0,90,37,2,1,1
Hayden Miller,52445,11212441.0,90,37,9,8,1
Davis Anders,64383,11232060.0,92,31,4,3,1
Logan Sawyer,51407,9693023.0,92,27,1,0,1
Jamie Luna,122899,9684504.0,95,20,3,2,1
Ashton Smith,66534,9687927.0,94,33,9,8,1
Chase Ford,119050,9702376.0,94,8,1,0,1
Chandler Valbak,66536,9684169.0,94,34,2,1,1
Luke Tomajczyk,51436,9697343.0,94,6,1,0,1
Ridge Erickson,116472,9698999.0,101,23,3,2,1
Cooper Jones,128111,11233850.0,101,13,2,1,1
Matt Mayer,74443,9678624.0,764,24,3,2,1
Cole Grazioplene,118788,9696289.0,764,21,2,1,1
Michael Norton,71279,11250618.0,764,26,3,2,1
Matthew Coon,74439,11250636.0,764,27,5,4,1
Will White,124539,11214393.0,100,19,2,1,1
AJ Ramirez,72515,11237905.0,103,28,1,0,1
Bryce McFeely,128263,11212981.0,116,37,11,10,1
Kai Caranto,66790,9701680.0,104,30,3,2,1
Zach Plasschaert,70848,10805128.0,280,18,3,2,1
Marcus Nolen,128399,11241083.0,280,34,5,4,1
Brady Hewitt,128395,11241062.0,280,34,3,2,1
Michael Boyd,128390,11241082.0,280,33,4,3,1
Paul Contreras,122905,9691310.0,109,32,8,7,1
Ty Thomas,128416,11232688.0,109,34,4,3,1
Matthew Pena,69809,9694970.0,190,33,13,12,1
Erick Dessens,128444,11224529.0,663,38,9,8,1
Rowan Felsch,102732,9705010.0,808,23,1,0,1
Landon Evans,124308,9692079.0,118,26,3,2,1
Zane Roos,103691,9687914.0,119,39,5,4,1
Wyatt Cunningham,103685,9698756.0,119,36,5,4,1
Jett Music,117115,9700679.0,120,31,7,6,1
Darnell Parker Jr.,69895,9702090.0,120,17,1,0,1
Eliezer Vazquez,74888,9681935.0,765,20,1,0,1
Derek Maldonado,60956,9699652.0,765,14,1,0,1
Eddie Synek,51854,9681802.0,124,28,1,0,1
Gabe Lee,51848,9682364.0,124,19,1,0,1
Leo Matuga,74549,9695498.0,124,32,3,2,1
Evan Becker,51840,9700797.0,124,30,4,3,1
Jimmy Williams,119768,9688126.0,124,31,5,4,1
Nathan Crick,77025,9694896.0,124,23,1,0,1
Cade McCubbin,119061,9679132.0,126,8,1,0,1
Zander Tubbs,51887,9694638.0,126,28,7,6,1
Michael Ossenfort,146816,11250763.0,126,26,8,7,1
Matt Trout,52847,9698080.0,194,27,1,0,1
Ethan Hopkins,128754,11243153.0,132,34,6,5,1
Vance Sartor,128768,11243160.0,132,34,2,1,1
Parker Gwyn,128783,11224624.0,135,37,3,2,1
Garrett Guenther,74741,9681027.0,134,29,3,2,1
Brock Luna,74744,9686005.0,134,19,3,2,1
Dom DeLaPaz,38385,11242984.0,134,29,9,8,1
Baylor Woodall,52087,9678069.0,141,27,3,2,1
Forrest Day,115180,9697957.0,141,27,3,2,1
Ben Prather,52083,9702523.0,141,16,6,5,1
Jamison Craig,115182,9691080.0,141,27,2,1,1
Josh Nowlin,72152,9696791.0,142,21,1,0,1
Andrew Powers,69762,9695894.0,142,18,1,0,1
Nick Molina,128935,11245147.0,142,30,5,4,1
Lucas Perez,128937,11245149.0,142,18,2,1,1
Blake Edgmon,116500,9686667.0,144,35,2,1,1
Michael Pascoe,73538,9691952.0,147,33,7,6,1
Matthew Sharkey,129018,11245071.0,147,31,2,1,1
Max Weisner,116082,9678289.0,814,27,2,1,1
Shahkai Matthews,52229,9700876.0,151,37,1,0,1
Ivan Zambrano,103751,9690726.0,151,39,4,3,1
Mikey Rodriquez,63051,11247953.0,151,27,2,1,1
Josh Reinhold,52217,9679349.0,150,25,1,0,1
Lukas Miller,129061,11246352.0,150,20,1,0,1
Quinton Coats,102645,9692776.0,152,39,22,21,1
Ryan Tyranski,102795,9697214.0,152,31,4,3,1
Christian Mitchelle,52021,9687019.0,152,32,4,3,1
Bryce Didrickson,52262,9681057.0,154,30,7,6,1
Rider Gordon,72229,9683794.0,154,29,6,5,1
Carter Bennett,115189,9697291.0,154,30,8,7,1
Randy Carlo,37828,9692591.0,155,33,13,12,1
Derek Smail,129123,11244398.0,155,27,2,1,1
Michael Salzillo,75284,9692275.0,156,27,4,3,1
Andrew Soares,52290,9703384.0,156,27,9,8,1
Dean Mihos,52384,9679038.0,163,36,5,4,1
Rex Watson,117726,11249980.0,163,34,11,10,1
Logan Firment,52390,9697338.0,164,23,3,2,1
Eli Elsbecker,122918,9681153.0,165,21,2,1,1
Ryan Thoreson,52415,9694077.0,165,26,4,3,1
Luke Schieltz,146870,11250787.0,165,26,1,0,1
Henry Silva,121502,9689678.0,168,25,2,1,1
Miguel Oropeza,139177,11231169.0,11,35,5,4,1
Tyler Genrich,63935,9677621.0,812,37,10,9,1
Bryce Peterson,103845,9695541.0,812,38,12,11,1
Brendan Killeen,129282,11234661.0,812,32,4,3,1
Taehyung Kim,106285,11203228.0,189,28,3,2,1
Korbin Bostic,51287,9703929.0,175,36,7,6,1
Atticus Goodson,129389,11226084.0,175,26,3,2,1
Makenzie Simon,93514,9665089.0,1524,30,2,1,1
Cam Buckley,119086,9698342.0,177,29,6,5,1
Aubree Davis,81009,9669124.0,1524,32,4,3,1
Louis Alonzo,129490,11235197.0,176,25,2,1,1
Samuel Ortiz,66315,9684325.0,176,32,1,0,1
Logan Smith,108308,9701651.0,176,33,3,2,1
Karsyn Malinich,121721,9666828.0,1733,26,5,4,1
Dylan Hein,129464,11228054.0,178,22,4,3,1
Evan Menzel,124189,11224172.0,816,36,2,1,1
Armando Hurtado,129534,11235575.0,181,29,6,5,1
Lucas Granger,118223,9679890.0,184,30,4,3,1
Jack McFerran,122930,9678643.0,184,30,4,3,1
Nick Plue,56314,9702045.0,184,21,2,1,1
Meghan Kowalyk,147532,11251018.0,1733,26,5,4,1
Ryan Martin,129647,11228896.0,201,37,12,11,1
Dylan Schlaegel,68505,9704294.0,201,28,7,6,1
Luke Gill,75514,9702817.0,195,28,8,7,1
Walker Alsobrooks,66293,9701571.0,195,31,2,1,1
Kenzie Beaudoin,90507,9664021.0,1783,18,2,1,1
Jett Walters,71667,9685527.0,199,15,1,0,1
Carter Boyd,115734,9696534.0,205,26,2,1,1
Owen Sherrill,138896,11199470.0,933,27,2,1,1
Jabril Bullock,115217,9686461.0,205,31,3,2,1
Caleb King,115220,9695023.0,205,26,2,1,1
Matteo Viola,129764,9701267.0,206,27,2,1,1
Gavin Migliori,52994,9689585.0,206,31,8,7,1
Bo Rock,103607,9684332.0,207,24,2,1,1
Erik Sundgren,53033,9678932.0,208,26,6,5,1
Kuyper Lashutka,53026,9687724.0,208,22,1,0,1
Kelly Crittenberger,67383,11248725.0,208,26,1,0,1
Grady Johnson,74511,9704226.0,209,29,5,4,1
Louis Florida,53039,9704128.0,209,29,5,4,1
Max Bond,74504,9686033.0,209,29,6,5,1
Connor Osborne,147868,11252354.0,209,15,3,2,1
Ryan Kramer,63306,9693069.0,933,24,13,12,1
Dominic Berretta,129790,11246132.0,210,25,1,0,1
Jaden Maia,76435,9678375.0,213,39,8,7,1
Nick Garbooshian,118562,9698981.0,214,10,1,0,1
Luke Rizzo,102105,9697117.0,933,26,5,4,1
Jake Lambdin,68607,11229042.0,217,38,8,7,1
Davin Whitaker,67723,9682188.0,220,37,4,3,1
Walker Barron,67710,9688123.0,220,35,2,1,1
Milan Desai,129941,11244730.0,219,11,1,0,1
Hank Penders,53290,11217125.0,226,28,5,4,1
Khaleel Pratt,101883,11222001.0,228,37,10,9,1
Dalton Rocke,53252,9678028.0,224,31,4,3,1
Aidan Miller,53250,9705330.0,224,30,2,1,1
Noah Sanderson,72754,9695876.0,224,31,2,1,1
Daniel McGinnis,72750,9699944.0,224,30,4,3,1
Jett Cabanban,72742,9689670.0,224,25,3,2,1
Tucker Cahoon,130053,11236441.0,224,3,1,0,1
Michael Duncan,130058,11236444.0,224,31,2,1,1
Trevor Harris,72273,9677569.0,225,25,1,0,1
Zack Barienbrock,73640,9688334.0,933,31,1,0,1
Louis Rodriguez,130158,11237525.0,234,27,3,2,1
Luis Nunez,103449,9695738.0,234,35,1,0,1
JP Peltier,70395,9677022.0,936,33,7,6,1
Joseph Di Cesare,130147,11237579.0,234,26,2,1,1
Calvin Scott,130159,11237581.0,234,25,1,0,1
David Woolley,53406,9687024.0,235,31,3,2,1
Patrick Fultz,63339,9693176.0,936,32,7,6,1
Manny Essley,130176,11243452.0,238,22,2,1,1
Raynel Rodriguez,130182,11243427.0,238,12,3,2,1
Ryan Price,148472,11254030.0,237,9,1,0,1
Jayden Rodriguez,65670,11221135.0,244,40,4,3,1
Brenden Walsh,75928,9694747.0,246,26,6,5,1
John Fusco,146907,11251587.0,246,22,1,0,1
Harrison Taubert,69858,11218952.0,250,21,3,2,1
TJ Schmalzle,53641,9689726.0,251,30,6,5,1
Richard Kline,124234,9682184.0,940,28,6,5,1
Hunter Ray,115239,9682636.0,254,35,18,17,1
Travis Stroh,115236,9694363.0,254,34,8,7,1
Jeremy Delamota,115453,11219254.0,254,35,5,4,1
Ethan Surowiec,118278,11211389.0,265,39,7,6,1
Cade Kurland,53842,9679088.0,265,26,2,1,1
Josue Figueroa,70173,9698553.0,266,34,2,1,1
Ian Collier,70486,11243535.0,262,24,7,6,1
Jaret Nelson,115753,9697619.0,258,34,8,7,1
Gabriel Roque,130536,11222981.0,268,37,7,6,1
Andrew Ildefonso,70715,9698749.0,261,36,5,4,1
Kam Seitz,120836,9679434.0,275,16,1,0,1
Brady Redman,120835,9693008.0,275,10,2,1,1
Brett Michael,63384,9690609.0,940,27,2,1,1
Grant Watkins,101171,9696510.0,2,36,18,17,1
Ben Rothenberg,130685,11195742.0,276,6,1,0,1
Landon Hallett,130680,11195736.0,276,27,1,0,1
Nick DiGiacomo,102420,9699059.0,276,29,2,1,1
Ryan Bouma,71541,9700200.0,281,33,2,1,1
Ryan Kennell,54152,9698276.0,286,35,2,1,1
Tre Phelps,68042,9693711.0,292,38,14,13,1
Drew Burress,68809,9678158.0,295,36,7,6,1
UNKNOWN Berg,120918,9705255.0,441,19,3,2,1
Jacob Herzberg,66631,9692196.0,912,25,1,0,1
Drew Rogers,116578,9692108.0,295,24,6,5,1
Xander Rodriguez,74813,9701707.0,930,26,9,8,1
Niko Brini,61645,9697309.0,932,37,5,4,1
Coleman Lewis,130877,11230378.0,295,11,1,0,1
Evan Wainman,104612,9695935.0,283,42,8,7,1
Caleb Gipson,130885,11237634.0,283,39,4,3,1
Sam Silas,69839,11223816.0,294,29,1,0,1
Will Stellato,72601,9679576.0,296,31,6,5,1
Mike Coleman,130969,11234486.0,296,28,3,2,1
Ashton Crace,118594,9680310.0,297,26,2,1,1
James Woody,69291,9685545.0,301,22,1,0,1
Aidan Lopez,131034,11242938.0,301,34,1,0,1
Charles Ashe III,131026,11242926.0,301,29,8,7,1
Julio Vasquez Sanzsole,131040,11242947.0,301,25,7,6,1
Trevor Schmidt,50546,10805903.0,302,19,6,5,1
Billy Scaldeferri,70467,9705108.0,302,34,6,5,1
Shane Garrett,72081,9685662.0,304,19,2,1,1
Matt Rocco,102208,9689492.0,305,30,1,0,1
Lucas Herman,54461,9695316.0,311,21,2,1,1
Alexander Hokenson,99797,9696585.0,312,26,1,0,1
Owen Giesen,54469,9702345.0,312,23,1,0,1
Chase Sanford,54494,9689994.0,313,24,2,1,1
Kennen Lewis,101864,11246981.0,313,28,1,0,1
Ben Timblin,115469,9687118.0,932,33,8,7,1
Laura Daniels,124664,9668317.0,2025,14,1,0,1
Karson Leatherwood,54525,9680699.0,316,15,1,0,1
Paul Samaripa,131264,11238926.0,316,28,6,5,1
Catcher Ridings,131261,11238935.0,316,28,4,3,1
Jeremy Mangiameli,54541,9677088.0,317,21,2,1,1
Cameron Boardman,54533,9681842.0,317,18,2,1,1
Zayn Godbee,76674,9701810.0,317,18,2,1,1
Nico DiGioia,124568,9688662.0,317,23,1,0,1
Brayden Tucker,54638,9690458.0,323,28,2,1,1
Grant Bomer,131350,11239974.0,323,28,3,2,1
Lauren Brakovec,91329,9660131.0,1456,35,6,5,1
Carson Hobbs,82891,9668131.0,1456,40,4,3,1
Hank Penfield,104143,9681790.0,324,12,2,1,1
Rocco Tenuta,71449,9677210.0,328,36,5,4,1
Jude Khoury,146928,11249941.0,327,26,1,0,1
Dakota Kennedy,83669,11211437.0,1195,41,14,13,1
Jackson Fowle,54744,9689672.0,330,9,1,0,1
Harrison Ludington,72522,9704117.0,334,16,1,0,1
Gabriel Melara,131493,11232255.0,331,28,3,2,1
Cade Seabaugh,74542,9691318.0,335,27,5,4,1
Anthony Devito,146948,11251418.0,335,14,3,2,1
Xavier Perez,61216,9704455.0,337,35,9,8,1
Riley Jackson,68258,9696424.0,337,32,7,6,1
Atalyia Rijo,81003,9662490.0,1195,41,7,6,1
Braden Franks,66241,9700531.0,339,24,2,1,1
Colby Chapman,120190,9689587.0,339,16,1,0,1
Jace MacKenzie,108331,9694885.0,339,31,1,0,1
Huston Cornish,131569,11243122.0,339,24,2,1,1
Destiney Madewell,139995,9663371.0,1596,35,3,2,1
Landon Prestage,54905,11243130.0,339,25,1,0,1
Aly White,105112,9661746.0,1596,38,4,3,1
Matt Holmes,76211,9691314.0,341,22,4,3,1
Hunter Curtis,54932,9694153.0,341,22,1,0,1
Anna Winkfield,80522,9668865.0,1596,40,8,7,1
Liam Kelley,131617,11230866.0,341,17,1,0,1
Cada Collins,105122,9665092.0,1582,6,1,0,1
Vidal Colon,69235,9677080.0,817,26,2,1,1
Gracie Suggs,107885,11214649.0,1387,28,1,0,1
Ashton Kampa,139664,11247723.0,817,27,6,5,1
Olivia Watkins,140050,11214642.0,1387,36,4,3,1
Emil Estrella,115280,9702253.0,351,36,8,7,1
Reese Cauley,105130,9661427.0,1387,27,4,3,1
Colin Sander,131738,11241313.0,351,19,4,3,1
Caleb Niehaus,60302,11241318.0,351,34,2,1,1
Ricardo Aponte,71561,9701329.0,350,36,7,6,1
Cayden Bender,100401,9694958.0,350,21,2,1,1
Miles Risley,102333,9700469.0,353,28,4,3,1
Kyle Alivo,101909,9691390.0,353,20,1,0,1
Jaixen Frost,67284,9690290.0,353,28,1,0,1
Kooper Schulte,101905,9702561.0,353,34,5,4,1
Joey Nerat,52914,11222312.0,353,34,3,2,1
Malachi Costello,102132,9686001.0,352,23,3,2,1
Jasmine Sneed,105129,9668925.0,1387,39,6,5,1
Ansley Gibson,80613,9663516.0,1565,37,5,4,1
Edwin Lemus Hudson Jr.,132128,11247532.0,355,32,1,0,1
Diego Melendez,132130,11247537.0,355,27,2,1,1
E. Fantel,120874,9691875.0,354,25,6,5,1
Sam Richardson,139673,11248096.0,357,20,4,3,1
Conner Spelman,71006,9684597.0,356,23,3,2,1
Clay Thompson,131845,11239760.0,358,35,4,3,1
Tony Otis,58596,9685819.0,963,42,16,15,1
Hunter Hirayama,46215,11222345.0,963,36,3,2,1
Landyn Plaut,131875,11222424.0,963,40,9,8,1
Eden Parker,140142,11247904.0,1565,29,4,3,1
Jacob Harris,55223,9693306.0,362,27,9,8,1
Kristyn Ezzo,111959,11247909.0,1565,22,1,0,1
Madi Bickell,140068,11192520.0,1815,20,5,4,1
Alexis Duke,118154,9670882.0,1815,20,2,1,1
Norah Christiansen,105139,9664754.0,1393,41,6,5,1
Kierra Lubovich,140081,11223924.0,1393,41,6,5,1
Jackson Cunnane,55237,9704933.0,363,20,2,1,1
Lily Komperda,91975,9656807.0,1657,24,6,5,1
A. Thelen,119190,9692027.0,363,14,2,1,1
R. Scott,120877,9685997.0,363,26,1,0,1
Matthew Koehler,131961,11223557.0,363,23,2,1,1
Max Soliz Jr.,36954,9694533.0,366,28,4,3,1
Tyson LeBlanc,131991,11218441.0,366,37,14,13,1
Tyson Owens,131998,11218446.0,366,31,5,4,1
Dylan Schlotterback,132000,11218447.0,366,37,2,1,1
Augusto Mungarrieta,131994,11218463.0,366,35,10,9,1
Dan Reistle,66580,9697223.0,368,28,2,1,1
Sawyer Solitaria,116640,9691335.0,371,35,10,9,1
Kelsey Oviatt,121734,9656157.0,1657,21,1,0,1
Kendall Garland,65819,9697546.0,373,29,1,0,1
Amber Toven,80148,9654841.0,1170,43,5,4,1
Niko Price,55398,9678316.0,374,22,2,1,1
Ben Russell,75379,9693380.0,374,15,4,3,1
Benny Hess,132107,11229224.0,376,23,4,3,1
Rueben Livingston,146472,11239302.0,949,28,6,5,1
Zachary Janczyk,132186,11246256.0,383,11,1,0,1
Travis Yankovich,65585,9678009.0,386,35,2,1,1
Bryce Backus,124187,9696779.0,387,24,1,0,1
Mikey Hernandez,148575,11253716.0,387,22,5,4,1
Donovan Boles,118626,9680092.0,389,18,3,2,1
Casey Laing,82921,9665588.0,1449,44,5,4,1
Madison Dolecki,108434,9657461.0,1269,36,6,5,1
Shane Stephan,74134,9690117.0,389,26,2,1,1
Malachi Sloane,74132,9690730.0,389,20,2,1,1
Jasmine Cadore,87642,9665906.0,1620,14,1,0,1
Logan Grimm,132266,11231165.0,389,15,1,0,1
Wilfredo Soto,132691,11229095.0,391,29,3,2,1
Gabriel Garza,105047,9685083.0,391,32,3,2,1
Desean Rogers,105048,9695521.0,391,33,4,3,1
Teagan Davies,132679,11229082.0,391,34,8,7,1
Myia Lambert,95062,11243744.0,1620,33,3,2,1
Declan Silva,75658,9691301.0,392,28,4,3,1
Adam Sullivan,55724,9690186.0,394,28,4,3,1
Jack Cannon,68630,9698247.0,394,28,3,2,1
Isaac Brozon,132317,11234240.0,394,24,1,0,1
Devin Kreger,75399,9679901.0,395,17,2,1,1
Lucien Burger,147908,11251963.0,395,24,1,0,1
Narrada Smith,104655,9678799.0,399,29,3,2,1
Mackenzie Howell,92447,9659478.0,2040,23,3,2,1
Rachel Carey,106349,9668401.0,1211,32,7,6,1
Cederic Poellnitz,55382,11251560.0,399,40,4,3,1
Sylas Boris,67244,11214245.0,400,39,12,11,1
Seth Christmas,117223,11210316.0,400,40,7,6,1
Dylan Lee,71883,9676768.0,404,23,2,1,1
Nick Barone,62682,9686390.0,405,35,8,7,1
Theresa Izenstark,140292,11224211.0,1211,18,2,1,1
Peyton Mullannix,104273,9696720.0,408,43,2,1,1
Kevin Fernandez,55910,9692769.0,408,37,4,3,1
Hunter Mitchell,103717,9683571.0,1083,31,5,4,1
Lillianna Garcia,91899,11216945.0,1559,41,9,8,1
Tim Fleming,132443,11238996.0,1083,31,6,5,1
Zane Hunter II,132449,11239003.0,1083,14,1,0,1
Marcellus Brown,119205,9698073.0,407,21,1,0,1
Keith Gardner,119206,9692098.0,407,29,3,2,1
Antonio Bruno,132428,11222724.0,407,19,1,0,1
William Zareh,70422,11235128.0,409,27,4,3,1
Jaxson Kister,132476,11231568.0,410,29,4,3,1
Jordan Thomas,132500,10241010.0,411,29,7,6,1
Aaron Stelogeannis,115291,9696788.0,411,32,2,1,1
Cayden Robertson,148599,11253957.0,415,34,3,2,1
Cord Dobrinski,115295,9678677.0,413,20,5,4,1
Ryan Rivera,115298,9694931.0,413,29,3,2,1
Samuel Finarelli,133071,11246523.0,413,6,1,0,1
Jake Kelleher,133073,11246528.0,413,26,3,2,1
Nicholas Matson,133074,11246524.0,413,29,3,2,1
Desi Hernandez,105186,9659834.0,1504,38,7,6,1
Donovan LaSalle,67618,11192423.0,419,28,5,4,1
Lee Amedee,56084,9685009.0,419,36,2,1,1
Micah Dean,69400,10283778.0,820,27,4,3,1
Marcus Aranda,70423,10283840.0,820,32,10,9,1
Lucas Moore,69515,9689254.0,421,37,3,2,1
Kade Elam,132592,11242955.0,421,36,4,3,1
Richie Klosek,132614,11211159.0,414,21,3,2,1
Zach Wadas,70695,11211168.0,414,38,8,7,1
Zach Gwost,115859,9701102.0,424,30,5,4,1
Nick Reeder,132667,11245443.0,425,31,1,0,1
Maddox Tsutsui,72019,9679325.0,426,15,1,0,1
Audrey Fouras,81063,9660058.0,1504,37,3,2,1
Kenadee Frey,90290,9658466.0,1827,30,5,4,1
Carter Murphy,148613,11253678.0,459,21,2,1,1
Nic Pepe,132792,11219861.0,429,18,2,1,1
Matt Louie,77300,9676938.0,433,16,1,0,1
Chris Goohs,56322,9683860.0,433,26,2,1,1
Scott Ennist,52159,11247163.0,433,18,1,0,1
Griffin White,133450,11247180.0,433,24,3,2,1
Sebastian Martin,122686,9691153.0,435,26,2,1,1
Jason Sims,75074,9679744.0,436,25,3,2,1
Michael Ciavolella,102289,11248012.0,437,22,7,6,1
Randy Ventura,60972,9685010.0,766,25,2,1,1
Joey Goodman,119382,9690427.0,766,24,5,4,1
A. Ruyle,149556,11330203.0,1827,21,3,2,1
Dylan Payano,147008,11251029.0,766,25,3,2,1
Isaac Pregors,71466,9705001.0,442,35,10,9,1
Bryce Leafgren,56438,9700561.0,442,36,10,9,1
Taylor Dawkins,98766,9656445.0,1457,27,5,4,1
Sean Smith,102882,9677814.0,445,27,1,0,1
Eric Powell,66673,9679258.0,445,30,1,0,1
Coreena Dunham,83544,9661138.0,1457,31,2,1,1
Nala Bain,140357,11234474.0,1457,16,2,1,1
Jacob Newland,66516,11220115.0,444,28,3,2,1
Zev Moore,57158,9683188.0,494,22,2,1,1
Joey Severson,122424,9701279.0,494,20,2,1,1
Cooper Wixon,76660,9694962.0,822,29,3,2,1
C. Simon,123047,9679476.0,453,23,2,1,1
DJ Stolba,73915,9702559.0,453,25,4,3,1
T. Mezzullo,123046,9684397.0,453,33,2,1,1
Kia'i Sylvester,133169,11212524.0,456,30,2,1,1
Kaden Buske,133153,11212496.0,456,33,1,0,1
Audrey Newell,108648,11234498.0,1457,28,2,1,1
Webb Watson,133184,9680561.0,461,24,3,2,1
Hayden Stringfellow,133147,11213329.0,457,37,4,3,1
Shane Aldridge,52757,11216985.0,953,37,5,4,1
Michael Samarin,133285,11242461.0,465,29,2,1,1
Ranciel Ventura,66157,11242481.0,465,24,2,1,1
Jayden Hamilton,101575,9679720.0,466,32,1,0,1
Brooks Craigue,69563,9681685.0,466,31,3,2,1
Joe Frammartino,5114,11242183.0,466,32,4,3,1
Nick Moyer,72198,9696580.0,467,31,4,3,1
Drew Hurst,72195,9699196.0,467,30,7,6,1
Morgan Schlosser,107341,9664839.0,1300,41,2,1,1
Blake Freeman,57328,9696457.0,468,31,3,2,1
Dylan Dubovik,133331,11234790.0,469,27,5,4,1
Ryan Novak,67957,9678770.0,470,35,7,6,1
Tommy Harrison,56836,9703068.0,470,34,10,9,1
Austin Comstock,81106,9655264.0,1300,41,7,6,1
Dom Krupinski,55076,9698494.0,470,35,5,4,1
Noah Miller,67369,9679419.0,471,28,2,1,1
Alex Glasscock,73960,11249640.0,474,20,2,1,1
Henry Ayers,147020,11249637.0,474,23,2,1,1
Kaden Burch,105073,9680017.0,475,21,1,0,1
M. Wessels,118039,9690121.0,475,32,1,0,1
Matthew Williams,56918,9689769.0,476,35,5,4,1
Gage Reynolds,133481,11214740.0,477,28,2,1,1
Hannah Brooks,140369,11237551.0,1300,24,1,0,1
Michael Griggs,133492,10015415.0,478,15,1,0,1
Kyle Mayberry,101924,9676858.0,511,30,5,4,1
Cameron Dean,133553,11214484.0,481,1,1,0,1
Hilary Wilson,140373,11237566.0,1300,37,2,1,1
Cole Hebl,66016,9696483.0,481,35,4,3,1
Ryan McGie,73850,11214466.0,482,19,2,1,1
Easton Richter,59566,9676929.0,483,35,10,9,1
Jack Bello,50155,11241024.0,483,30,4,3,1
Brayden Randle,70778,9678201.0,584,33,2,1,1
Hastings Gibson,146526,11249378.0,518,16,1,0,1
Aidan Teel,62268,11210226.0,488,30,4,3,1
Jake Leeker,108370,9698045.0,496,19,5,4,1
Brayden Luikart,133744,9693195.0,496,39,10,9,1
Aiden Hinkle,133742,11220965.0,496,35,6,5,1
Cameron Benson,36557,9690771.0,490,29,4,3,1
Kam Durnin,69878,11240811.0,490,25,3,2,1
Angel Rodriguez Cruz,147048,11250702.0,495,18,3,2,1
Matt Kaliske,44157,11252887.0,502,28,3,2,1
Troy Rabosky,118675,9682850.0,504,27,6,5,1
Korina Feliciano,123260,9660287.0,2034,23,1,0,1
Danielle Diaz,83749,9667608.0,1936,31,2,1,1
Nani Arreola,95111,9670697.0,1588,30,4,3,1
Abreanna Alba,105196,11253113.0,1588,41,7,6,1
Nicholas Griffith,133951,11238124.0,505,33,4,3,1
Jaden Correa,133948,11238142.0,505,35,12,11,1
Ian McCubbin,133959,11238125.0,505,28,8,7,1
Elijah James,57304,9703995.0,506,30,4,3,1
Owen McDermott,74104,9689866.0,507,22,2,1,1
Kayden Crawford,104327,9686311.0,508,26,3,2,1
Zac Clow,133986,11239303.0,513,27,2,1,1
Michael Akalski,147053,11250387.0,161,15,3,2,1
JJ Foti,57417,9691339.0,515,5,1,0,1
Marius Haughton,119833,9703410.0,515,25,1,0,1
Alissa Lewis,79533,9663744.0,1601,35,3,2,1
Sam Palmieri,57453,9682545.0,517,29,7,6,1
Conner Thamann,75452,9704841.0,517,22,1,0,1
Aiden Reis,75447,9700698.0,517,27,2,1,1
Brady Bell,72851,11212077.0,524,28,3,2,1
Nin Burns II,51573,11216183.0,832,36,5,4,1
Ayden Garcia,99937,11216190.0,832,31,7,6,1
Jayden Hertel,101577,9691139.0,832,26,2,1,1
Sean Yamaguchi,116713,9695737.0,527,26,8,7,1
Noah Blythe,12255,11253139.0,527,19,3,2,1
Ryan Cote,57618,9693166.0,528,26,5,4,1
Jaken Pellerin,120223,9703887.0,528,18,5,4,1
Luke Mansy,69445,9681517.0,531,34,4,3,1
Brodey Williams,115914,9694859.0,531,22,2,1,1
Lenny Ashby,44166,11223840.0,531,35,5,4,1
Seth Galfano,104161,9695303.0,521,21,3,2,1
Tamden Webb-Tate,134195,11235414.0,521,27,3,2,1
Steve Solorzano,68693,9680536.0,532,35,7,6,1
Cj Franchini,118705,9682872.0,568,21,2,1,1
Carter Aarts,116732,9696437.0,536,10,1,0,1
Josiah Harrison,56060,11235321.0,541,27,4,3,1
Petey Craska,115344,9699344.0,542,36,6,5,1
Justin Santoyo,63673,11234836.0,542,35,4,3,1
Marcus Bradshaw,134387,11229850.0,519,31,2,1,1
Luke Nixon,69773,9681511.0,523,37,5,4,1
Maison Nance,66546,9682654.0,520,32,9,8,1
Schumata Brown,146551,11249057.0,520,32,4,3,1
Alec DeMartino,48493,11237160.0,145,36,6,5,1
Jacob Mueller,134742,11247528.0,827,35,5,4,1
Jenna Porto,105210,9669771.0,1593,38,1,0,1
Drew Buchanan,134505,11212393.0,547,28,2,1,1
Carter White,67505,9678168.0,547,33,8,7,1
Cooper Noble,134538,11232960.0,549,26,5,4,1
CJ Dean,71824,11233013.0,549,44,10,9,1
Enzo Vertucci,50829,9678183.0,550,16,2,1,1
Katie Griego,140571,11223439.0,1433,37,3,2,1
Branden Sanchez,70603,9690081.0,553,33,4,3,1
Sam Pease,70602,9693686.0,553,25,1,0,1
Mason Griffin,134582,11221441.0,553,37,4,3,1
Ethan Sanchez,134593,11221453.0,553,22,1,0,1
Jake Paulick,68408,9691068.0,554,33,8,7,1
Marissa Brody,107406,9654909.0,1573,38,3,2,1
Ethan Menard,63588,11207283.0,561,19,1,0,1
Michael McAloose,134710,11207280.0,561,29,3,2,1
Griffin Mills,67389,9704374.0,559,15,1,0,1
Tony Greco,123071,9688277.0,562,27,2,1,1
Ben Boyer,118884,9692865.0,1084,28,3,2,1
Hunter Biel,118888,9693385.0,1084,21,5,4,1
Mark Quatrani,73433,11243062.0,565,32,11,10,1
Evann Smith,134847,11232206.0,571,30,2,1,1
S. Labrecque,118714,9696545.0,570,27,1,0,1
Trey Kinnan,66810,9698536.0,572,29,1,0,1
Ryan Causey,102746,9692516.0,572,28,13,12,1
Alexa Garcia,107403,9666407.0,1573,37,2,1,1
Taylor Harris,134900,11235607.0,573,35,2,1,1
Nolan Stevens,67563,11245154.0,580,23,4,3,1
Alec Blair,134929,11245193.0,580,26,2,1,1
Kollin Ritchie,67623,9700829.0,581,36,21,20,1
Brock Thompson,100186,9694887.0,581,36,6,5,1
Brady Francisco,70459,11221740.0,581,13,1,0,1
Colin Brueggemann,58370,11221720.0,581,37,11,10,1
Maverick Stallings,67879,11241828.0,582,36,7,6,1
EJ Suggitt,119285,9703311.0,585,22,2,1,1
Kole Dudding,69862,11231932.0,587,20,3,2,1
Bryson Glassco,135036,11217426.0,589,18,5,4,1
Michael White,115968,9677384.0,593,13,1,0,1
Joseph Coon,115965,9678592.0,593,31,4,3,1
Taber Childs,58547,9687683.0,593,33,9,8,1
Langdon Townsend,58570,9703180.0,593,29,5,4,1
Levi Sotomayor,135096,11209549.0,595,19,1,0,1
Shelby Shanks,97793,9669726.0,1573,39,6,5,1
Olivia Hurtado,140591,11237384.0,1573,29,2,1,1
J. Federouch,149347,11329623.0,605,14,1,0,1
James Quici,135236,11247209.0,602,33,3,2,1
Bryce Kelly,58718,11250413.0,606,27,2,1,1
James Secretarski,135167,11222619.0,599,30,2,1,1
Zoe Karam,109403,11237396.0,1466,42,11,10,1
Aqual Chapman,124605,9699774.0,603,15,1,0,1
John Busco,148050,11252560.0,603,30,9,8,1
David Kursman,118864,9682158.0,964,27,1,0,1
Jack Brandle,58739,9696425.0,608,30,5,4,1
Ben Connelly,115977,9699489.0,609,29,4,3,1
Jack Ryan,115976,9690481.0,609,33,4,3,1
Carter Few,115979,9693820.0,609,32,4,3,1
Angelina Rodriguez,140604,11237408.0,1466,35,4,3,1
Aj Nessler,58860,9700595.0,614,34,5,4,1
Carter Dierdorf,57923,11231496.0,614,32,8,7,1
Kayla Penor,140639,11215660.0,1236,24,1,0,1
E. Steinmetz,120986,9685762.0,611,9,1,0,1
Adrian Pagan Cruz,135309,11238156.0,611,7,1,0,1
Ryan Hart,62930,9688887.0,615,16,2,1,1
Braeden Calkins,147169,11249685.0,615,8,1,0,1
Leilani Juan,91682,9657931.0,1236,31,2,1,1
Ethan Merone,61004,9678513.0,769,12,1,0,1
Brody Liddy,76349,9686562.0,769,8,1,0,1
Luke Landis,118800,9690598.0,769,20,2,1,1
John Leonard,149942,11331265.0,769,18,1,0,1
J. Yamin,149196,11329265.0,769,18,1,0,1
Jack Gold,66498,9686427.0,618,29,8,7,1
Greg Pierantoni,66501,9692074.0,618,27,2,1,1
Cooper Berry,66493,9690856.0,618,29,11,10,1
Cole Katayama-Stall,116810,9699317.0,619,34,9,8,1
Sonnier Moses,117711,9696957.0,621,30,2,1,1
John Lawson,69266,9702818.0,621,24,1,0,1
Dylan Diaz,147191,11248689.0,621,17,2,1,1
Ryland Duson,147192,11248683.0,621,35,4,3,1
Alyssa Doucette,140643,11225908.0,2064,3,1,0,1
Carly Dole,82759,9654435.0,1803,26,3,2,1
Brock Makishima,71900,9701863.0,625,16,1,0,1
Brayden Barrett,100122,9702616.0,629,22,1,0,1
Denham Kozy,135448,11218440.0,629,20,5,4,1
Alex Irizarry,56488,9682789.0,633,33,4,3,1
Zach Novakowski,75934,9684389.0,635,29,4,3,1
Zach Barbash,125142,9701616.0,635,18,1,0,1
Zach Wernoski,72794,9677226.0,636,28,3,2,1
Nathan Miller,66290,9700883.0,637,33,9,8,1
Anthony Thomas,107208,9690736.0,637,28,3,2,1
Natalie Bush,95157,11240939.0,1803,26,3,2,1
Jaye Guichelaar,140662,11240972.0,1803,13,1,0,1
Maddy Beall,92756,9665079.0,1901,29,1,0,1
Jack Moulin,59165,9677255.0,638,37,8,7,1
Ethan Wood,104978,9704430.0,638,37,10,9,1
George Smith,104970,9703810.0,638,37,4,3,1
Grayson Headrick,103604,9702297.0,638,29,2,1,1
James Iandoli,135585,11220988.0,638,35,2,1,1
Dylan Perry,135596,11221025.0,638,25,1,0,1
Michael Lebenson,102303,9701689.0,639,26,8,7,1
Aly Hageman,107448,9657692.0,1628,40,2,1,1
Cooper Angilly,66816,9700264.0,642,29,4,3,1
Bailey Brumley,81441,9667035.0,1628,40,9,8,1
Marco Nunez,135618,11218942.0,642,20,3,2,1
Jenna Little,87914,11225370.0,1628,12,1,0,1
Jace Trozzo,135626,11218946.0,642,19,2,1,1
Kennedy Clark,90436,9655012.0,1428,43,4,3,1
Will Gallagher,59234,9698058.0,645,32,2,1,1
Anthony Paskell,59241,9697145.0,645,32,6,5,1
Sebastien Reis,76536,9704248.0,648,25,1,0,1
Nathan Innerfield,53581,9704140.0,648,25,3,2,1
Hannah Demoff,140847,11238273.0,1428,43,4,3,1
Liam Murphy,59302,9696728.0,649,30,3,2,1
Sammy Besztery,73629,9682348.0,650,22,1,0,1
Trent Lawrence,135739,11213091.0,651,25,6,5,1
Kadin Bergstrom,59315,9692003.0,651,25,10,9,1
Cooper Ohlson,148092,11251819.0,955,22,1,0,1
Connor O'Connell,59398,9678881.0,656,27,1,0,1
Jackson Harms,101380,9683748.0,656,27,5,4,1
TJ Pipkins,102986,9688468.0,656,26,3,2,1
Haley Gallo,140848,11238278.0,1428,43,10,9,1
Izzy Vargas,140864,11214704.0,1634,38,2,1,1
Anthony Rizzo,121654,9684164.0,659,27,2,1,1
Michael Weinbel,59475,9693641.0,662,28,8,7,1
Jack Kushman,121178,9687103.0,958,19,3,2,1
Nick Frink,123800,9689163.0,743,33,9,8,1
Evan O'Rourke,59732,9703150.0,681,27,3,2,1
Shane Williams,59738,9696956.0,681,27,10,9,1
CJ Moran,116008,11242229.0,684,34,5,4,1
Andrew Gauna,69797,11242243.0,684,32,5,4,1
Diego Gonzalez,135860,11242261.0,684,25,2,1,1
Jake Jackson,68562,9697945.0,685,36,7,6,1
Tyce Peterson,58501,11226678.0,685,39,10,9,1
TJ Rogers,37168,11220391.0,687,31,9,8,1
Jayden Garrison,135869,11220396.0,687,30,3,2,1
Jake McCoy,116012,9692042.0,688,35,9,8,1
Tyler Tucker,104387,9694674.0,690,35,2,1,1
Yan Cartaya,135947,11224332.0,690,28,2,1,1
Kale Lackey,108737,9703805.0,691,33,3,2,1
Blake Juarez,59875,9700258.0,691,30,1,0,1
Zach Fortman,66229,9700541.0,696,22,6,5,1
W. Jennewein,115396,9700069.0,696,27,1,0,1
JP Williams,146605,11249388.0,698,33,5,4,1
Carl Keenan,66704,9677716.0,698,33,4,3,1
Jaime Padilla,59998,9691524.0,698,33,3,2,1
Nik Rubendall,108380,9680095.0,699,36,6,5,1
Robert Miranda,117392,9703716.0,709,13,2,1,1
Talmadge LeCroy,46752,10239176.0,710,38,8,7,1
Patrick Evans,136151,10239182.0,710,33,6,5,1
Luke Luskey,60179,9701434.0,711,32,6,5,1
Carter Taylor,136194,11217582.0,711,30,3,2,1
Luke Wroblewski,136197,11217585.0,711,29,2,1,1
Caleb Klein,136203,11235076.0,713,37,6,5,1
Alex Perry,69181,11211847.0,714,38,11,10,1
Isabel Rodriguez,87096,9654670.0,1574,35,1,0,1
Jenn Pokropinski,87846,9659442.0,1641,24,1,0,1
Peyton Woods,70524,9700842.0,714,34,4,3,1
Justin Williams,56110,11230006.0,714,36,9,8,1
Kyle Mager,146613,11248827.0,719,11,1,0,1
Izabella Rodriguez,87242,9665543.0,1641,21,1,0,1
Sean Kang,67782,9697917.0,705,26,3,2,1
Mack Mitchell,67786,9683683.0,705,36,10,9,1
Joshua Heyder,67780,11236770.0,705,28,8,7,1
Ethan Willoughby,60104,9701478.0,705,37,3,2,1
Marin Beeson,93731,9659152.0,1521,37,3,2,1
Brooke Zuber,82226,11210259.0,1746,32,9,8,1
Matthew Russo,46930,9684336.0,722,37,6,5,1
Aniyah Jackson,107455,9661627.0,1406,27,1,0,1
Peter Keblinsky,121037,9685119.0,721,26,1,0,1
Michael Anquillare,60899,9690436.0,721,22,4,3,1
Evan Baschnagel,71035,11330223.0,721,26,8,7,1
Brant Stewart,118110,9683621.0,725,15,1,0,1
Aryana Meadows,140983,11229860.0,1406,25,1,0,1
Delanie Davison,83950,9654171.0,1496,26,4,3,1
Tamia Polk,106421,9669932.0,1580,35,1,0,1
Tres Organ,60451,9679261.0,730,31,1,0,1
Lucas Marlowe,60450,9700870.0,730,19,3,2,1
Logan Strong,136517,11218483.0,732,19,2,1,1
Gavin Moran,104760,9684742.0,733,33,6,5,1
Zoee Barrett,140998,11236695.0,1580,12,1,0,1
Alex Kelsey,115998,9682963.0,668,35,2,1,1
Alex Venezia,136686,9703901.0,668,25,6,5,1
Jack Finnegan,77258,9702977.0,744,20,1,0,1
Ryan Csida,75124,9704509.0,673,28,6,5,1
Gavan Schulte,75134,9692130.0,673,28,2,1,1
Alex Hanneman,75126,11245712.0,673,20,2,1,1
McKennah Metzger,107471,9670866.0,1176,43,12,11,1
Justin Ogle,66336,9677639.0,751,24,2,1,1
Jack Kehoe,118312,9685374.0,755,30,2,1,1
Josh Ibe,101746,9678100.0,697,29,4,3,1
Jhett Creel,137146,11226454.0,697,38,2,1,1
Adam Barrington,136987,11229944.0,757,29,4,3,1
Garret Wolf,66736,9695330.0,757,23,6,5,1
Chip Krese,66727,9700167.0,757,33,3,2,1
Hadyn Shoots,86231,9655171.0,1708,27,3,2,1
Yenuelle Rodriguez,137015,11244496.0,759,29,2,1,1
Kacin Robinson,137029,11211920.0,760,22,2,1,1
Nathan Kearney,71014,9699084.0,760,27,1,0,1
Michael Rickert,102313,9700701.0,760,20,5,4,1
Johnny Pilla,60906,9679952.0,761,30,1,0,1
Michael Petrucelly,58409,9700683.0,583,20,4,3,1
Leah Garcia,91611,9669414.0,1382,44,7,6,1
Andrew Haussman,72945,11227810.0,770,30,3,2,1
Michael Gagliardi,72437,11332486.0,770,31,5,4,1
Tayler McCombs,105313,9663400.0,1542,32,3,2,1
Zac Kahn,118805,9679830.0,771,30,3,2,1
Connor Crowson,64415,11212409.0,777,35,3,2,1
Nash Crowell,137158,11212408.0,777,32,4,3,1
Kathryn Steinmetz,89565,9668207.0,1542,37,5,4,1
Owen Lee,102541,9684838.0,777,37,9,8,1
Cameron Greene,100334,9679432.0,839,32,5,4,1
Andrew Davis,137169,11220313.0,839,36,1,0,1
Makayla Westmoreland,93444,9663859.0,1389,40,4,3,1
Kamdyn Hagerty,105298,9667418.0,1389,29,4,3,1
Jayden Reynolds,137249,11234933.0,1,32,1,0,1
Harold Laracuente,147321,11249858.0,838,33,2,1,1
Adam Peavy,61186,9692863.0,783,35,6,5,1
Andres Chapa,137285,11231901.0,845,11,3,2,1
Julius Ramirez,71205,11231934.0,845,36,9,8,1
Evan Joubert,117758,9682463.0,784,23,4,3,1
Jonathan Trejo,73296,9694198.0,784,28,7,6,1
April Neill,141100,11220067.0,1389,24,3,2,1
Zachari Pace,137397,11246987.0,784,27,3,2,1
Molli MagaÃ±a,141099,11220056.0,1389,36,8,7,1
Shaun Williams,137402,11247006.0,784,19,5,4,1
Erwin Cabassa,137391,11246972.0,784,15,2,1,1
Jaquae Stewart,121073,11212150.0,785,36,12,11,1
Chase Mora,61214,9679833.0,785,37,7,6,1
Madyson Ortiz,141107,11210318.0,1442,19,1,0,1
Aiden Robbins,67297,11227636.0,781,35,15,14,1
Andrew Stucky,68196,11248474.0,846,30,10,9,1
Jandre Rivera-Caraballo,101532,9677845.0,790,13,2,1,1
Jack Geers,137415,11212935.0,948,34,9,8,1
Chad Atchley,100414,9695822.0,948,18,1,0,1
Katie Bauer,89576,9659115.0,1442,37,3,2,1
Lauren Romero,91480,9661354.0,1442,42,1,0,1
Jovanny Skrelja,137446,11228306.0,791,36,4,3,1
Brian Heckelman,61344,9677178.0,793,30,7,6,1
C. Hedinger,119425,9700548.0,794,27,7,6,1
Luke Dymond,55908,9689616.0,795,18,1,0,1
Dillon Carlquist,122154,9693616.0,796,19,1,0,1
Aidan Stevenson,121089,9683779.0,797,23,1,0,1
Peter Beisel,121082,9701655.0,797,15,2,1,1
John Ramsey,116956,9695814.0,798,25,7,6,1
Josh Pyne,41616,11195287.0,799,35,4,3,1
James Henshon,122719,9705107.0,801,25,2,1,1
Owen McKiernan,61447,9692453.0,801,23,2,1,1
Tate Bannish,149358,11329666.0,801,25,4,3,1
Tye Wood,69456,10268703.0,802,38,3,2,1
Yadisson Karbalaieasghar,137606,11229810.0,162,21,2,1,1
Alex Prechel,137626,11229772.0,463,18,2,1,1
Kellan Ton,90156,9654256.0,1442,42,2,1,1
Evan Lagemann,137648,11216168.0,830,25,1,0,1
Andrew Keaveney,61844,9681339.0,830,24,1,0,1
Caleb Miller,61848,9699204.0,830,25,4,3,1
Cooper Ames,61839,9694395.0,830,25,1,0,1
Jet Gilliam,115907,11213371.0,841,32,4,3,1
Luke Jacobs,137750,11213367.0,841,32,5,4,1
Luca Logan,123910,9705081.0,844,17,4,3,1
Joshua Gross,137788,9702309.0,844,6,1,0,1
Michael Rockwell,55723,9704174.0,844,23,6,5,1
Tyler Brown,137778,11236671.0,844,9,1,0,1
Ryan Smith,137802,11236703.0,844,21,3,2,1
Trenton Rowan,137774,11167899.0,843,20,1,0,1
Carson Lengle,147381,11250655.0,850,23,1,0,1
Case Sullivan,69979,9677516.0,851,30,4,3,1
Taylor Wayne,98959,9656133.0,1442,25,1,0,1
Bennett Vondrak,137856,11228393.0,956,26,3,2,1
Tristan Gallegos,103042,11228371.0,956,38,2,1,1
Joshua Sur,137855,11228390.0,956,36,7,6,1
Mike Mancini,55180,9699363.0,852,33,12,11,1
McKenna James,94051,9657079.0,1489,41,5,4,1
Tommy Goodin,147520,9692305.0,852,28,8,7,1
Sebastian Vazquez,137882,11246032.0,860,28,1,0,1
Michael Whooley,62256,9684778.0,855,32,4,3,1
Jake Bollin,62252,9694043.0,855,9,1,0,1
Austin Lemon,67619,9704237.0,855,32,1,0,1
John Freitag,101659,9698739.0,855,26,1,0,1
Mark Gialluisi,68278,11223915.0,855,30,3,2,1
Nova Wright,95433,9657565.0,1414,43,6,5,1
Antonio Perrotta,68283,9699569.0,856,27,3,2,1
Michael Petite,137923,11225258.0,854,36,11,10,1
Izzy Ripatti,87265,9657636.0,1414,29,3,2,1
Samuel Young,137953,11229243.0,857,22,1,0,1
Nicholas Mazzotta,53680,9696655.0,863,29,2,1,1
Evan McRae,138011,11245298.0,863,26,2,1,1
A. Gallegos,148703,11252888.0,866,24,7,6,1
Nathan DeWitte,72186,9682799.0,868,26,2,1,1
William Melton,72189,9695523.0,868,7,1,0,1
Andrew Thornton,72190,9698143.0,868,26,1,0,1
Anna Waites,80515,9655082.0,1414,43,10,9,1
Andrew Miko,66607,9705306.0,867,25,3,2,1
Brett Connolly,138153,11229993.0,871,31,7,6,1
Chase Ruppel,62464,9683312.0,871,33,12,11,1
Aubrey Ussery,105319,9664417.0,1414,41,6,5,1
Talan Hutchings,138237,11233581.0,877,28,3,2,1
Abrianna Green,105317,9669772.0,1414,39,3,2,1
Kailee Falconer,88864,9655518.0,2030,22,2,1,1
Easton Kretzer,100928,9696384.0,877,5,1,0,1
Kaitlyn Kibling,88979,9663301.0,1260,43,5,4,1
Cal Tiner,138245,11233672.0,877,5,1,0,1
Jorja Sandilands,125479,9666457.0,1555,24,3,2,1
James Marsden,62581,9696786.0,880,25,3,2,1
Kyle Blevins,101912,9682492.0,881,38,2,1,1
Nick Wilson,102451,9687560.0,881,39,7,6,1
Zack Stokes,49264,9689578.0,883,42,12,11,1
Andon Lewis,99806,11226485.0,884,35,8,7,1
Luke Marsh,62648,9697146.0,885,27,2,1,1
Charles Tice,138337,11233208.0,885,24,1,0,1
Dylan Neach,125469,9700360.0,887,33,3,2,1
Wyatt Stanley,69119,9681743.0,891,36,9,8,1
Trey Spees,116123,9701762.0,891,26,3,2,1
Cole Jones,62733,9689061.0,891,30,5,4,1
Mason Holton,69111,11225927.0,891,38,4,3,1
Luke Malzewski,73741,9698262.0,903,21,1,0,1
Matthew Mecate,107255,9683847.0,904,31,7,6,1
Alexis Pupillo,79412,9664100.0,1308,43,13,12,1
Trinity Fleming,99215,9656282.0,1526,33,1,0,1
Kara Burman,139824,11219015.0,1295,36,1,0,1
Braylin Cook,139848,11230710.0,1164,33,4,3,1
April Belcher,116246,9655738.0,1526,28,2,1,1
Madison Smith,105359,9662764.0,1526,33,1,0,1
Amari Mapps,105096,9670932.0,1381,27,1,0,1
Kyla Fitch,139870,11224280.0,1381,30,1,0,1
Cortney Dobbs,105355,9667628.0,1526,13,1,0,1
Mianna Lopez De Haro,118061,9658243.0,1251,36,4,3,1
Alainah Felton,79076,9654547.0,1362,29,3,2,1
Samantha Vidal,97211,9666616.0,1710,24,1,0,1
Elissa Rich,107284,9663661.0,2086,18,1,0,1
Tylar Crawford,107288,9655379.0,2086,19,1,0,1
Eddie Peine,138831,11229751.0,2243,10,1,0,1
Nevaeh Terrell,95286,11233024.0,1251,34,1,0,1
Aidan Cardoza,138553,11231608.0,904,31,2,1,1
Layla Albarran,91563,11253239.0,1560,22,4,3,1
Sean Burke,66680,9683354.0,907,27,5,4,1
Carter Stoltz,74196,9692679.0,909,24,4,3,1
Olivia Magliacano,95610,9663361.0,1805,31,3,2,1
Cornelius Wouters,138778,11226527.0,919,35,4,3,1
Danny Connelly,73324,9692650.0,923,22,2,1,1
Braydon Skenandore,49830,9693807.0,923,25,3,2,1
Dylan O'Connell,60747,11234744.0,479,32,7,6,1
Trinity Beland,121706,9679729.0,925,20,4,3,1
Mason Molitor,63204,9701838.0,925,25,3,2,1
Reece Anderson,105366,9664907.0,1454,41,3,2,1
Kaden Kokaisel,126372,9680423.0,2243,13,2,1,1
John Santelman,126376,9683335.0,2243,20,1,0,1
Brady Gold,138871,11217904.0,932,26,4,3,1
