gameId,sport,division,date,d
6437849,baseball,D1,2026-04-02,2026-04-02
6482817,baseball,D1,2026-04-02,2026-04-02
6483575,baseball,D1,2026-04-02,2026-04-02
6484914,baseball,D1,2026-04-02,2026-04-02
6486549,baseball,D1,2026-04-02,2026-04-02
6486781,baseball,D1,2026-04-02,2026-04-02
6488987,baseball,D1,2026-04-02,2026-04-02
6489283,baseball,D1,2026-04-02,2026-04-02
6490221,baseball,D1,2026-04-02,2026-04-02
6491628,baseball,D1,2026-04-02,2026-04-02
6492217,baseball,D1,2026-04-02,2026-04-02
6492892,baseball,D1,2026-04-02,2026-04-02
6494014,baseball,D1,2026-04-02,2026-04-02
6494082,baseball,D1,2026-04-02,2026-04-02
6494560,baseball,D1,2026-04-02,2026-04-02
6495971,baseball,D1,2026-04-02,2026-04-02
6496271,baseball,D1,2026-04-02,2026-04-02
6496890,baseball,D1,2026-04-02,2026-04-02
6497236,baseball,D1,2026-04-02,2026-04-02
6497361,baseball,D1,2026-04-02,2026-04-02
6497429,baseball,D1,2026-04-02,2026-04-02
6498110,baseball,D1,2026-04-02,2026-04-02
6498544,baseball,D1,2026-04-02,2026-04-02
6498752,baseball,D1,2026-04-02,2026-04-02
6498953,baseball,D1,2026-04-02,2026-04-02
6498960,baseball,D1,2026-04-02,2026-04-02
6499884,baseball,D1,2026-04-02,2026-04-02
6500091,baseball,D1,2026-04-02,2026-04-02
6500277,baseball,D1,2026-04-02,2026-04-02
6500438,baseball,D1,2026-02-14,2026-02-14
6500451,baseball,D1,2026-04-02,2026-04-02
6500495,baseball,D1,2026-04-02,2026-04-02
6500638,baseball,D1,2026-04-02,2026-04-02
6501288,baseball,D1,2026-04-02,2026-04-02
6501447,baseball,D1,2026-04-02,2026-04-02
6501621,baseball,D1,2026-04-02,2026-04-02
6502394,baseball,D1,2026-04-02,2026-04-02
6503411,baseball,D1,2026-04-02,2026-04-02
6504598,baseball,D1,2026-04-02,2026-04-02
6505609,baseball,D1,2026-04-02,2026-04-02
6506687,baseball,D1,2026-04-02,2026-04-02
6507251,baseball,D1,2026-04-02,2026-04-02
6508472,baseball,D1,2026-04-02,2026-04-02
6508866,baseball,D1,2026-02-14,2026-02-14
6508887,baseball,D1,2026-04-02,2026-04-02
6509809,baseball,D1,2026-04-02,2026-04-02
6509845,baseball,D1,2026-04-02,2026-04-02
6510194,baseball,D1,2026-02-14,2026-02-14
6510298,baseball,D1,2026-04-02,2026-04-02
6510400,baseball,D1,2026-04-02,2026-04-02
6511493,baseball,D1,2026-04-02,2026-04-02
6512466,baseball,D1,2026-04-02,2026-04-02
6512885,baseball,D1,2026-04-02,2026-04-02
6513196,baseball,D1,2026-04-02,2026-04-02
6513892,baseball,D1,2026-04-02,2026-04-02
6514191,baseball,D1,2026-03-16,2026-03-16
6515306,baseball,D1,2026-04-02,2026-04-02
6516281,baseball,D1,2026-04-02,2026-04-02
6516425,baseball,D1,2026-04-02,2026-04-02
6517631,baseball,D1,2026-04-02,2026-04-02
6518151,baseball,D1,2026-04-02,2026-04-02
6518799,baseball,D1,2026-03-06,2026-03-06
6518814,baseball,D1,2026-04-02,2026-04-02
6519045,baseball,D1,2026-04-02,2026-04-02
6519529,baseball,D1,2026-04-02,2026-04-02
6520108,baseball,D1,2026-04-02,2026-04-02
6521315,baseball,D1,2026-04-02,2026-04-02
6522012,baseball,D1,2026-04-02,2026-04-02
6522090,baseball,D1,2026-04-02,2026-04-02
6522151,baseball,D1,2026-03-06,2026-03-06
6522467,baseball,D1,2026-04-02,2026-04-02
6522688,baseball,D1,2026-04-02,2026-04-02
6522775,baseball,D1,2026-04-02,2026-04-02
6522870,baseball,D1,2026-04-02,2026-04-02
6523006,baseball,D1,2026-04-02,2026-04-02
6524171,baseball,D1,2026-04-02,2026-04-02
6524547,baseball,D1,2026-04-02,2026-04-02
6525652,baseball,D1,2026-04-02,2026-04-02
6525720,baseball,D1,2026-03-31,2026-03-31
6526551,baseball,D1,2026-04-02,2026-04-02
6526784,baseball,D1,2026-04-02,2026-04-02
6526926,baseball,D1,2026-04-02,2026-04-02
6526939,baseball,D1,2026-04-07,2026-04-07
6528984,baseball,D1,2026-04-02,2026-04-02
6529024,baseball,D1,2026-04-02,2026-04-02
6529963,baseball,D1,2026-04-02,2026-04-02
6530139,baseball,D1,2026-04-02,2026-04-02
6530639,baseball,D1,2026-04-02,2026-04-02
6531434,baseball,D1,2026-04-02,2026-04-02
6531766,baseball,D1,2026-04-02,2026-04-02
6532140,baseball,D1,2026-04-02,2026-04-02
6532547,baseball,D1,2026-04-02,2026-04-02
6532597,baseball,D1,2026-04-02,2026-04-02
6532693,baseball,D1,2026-04-02,2026-04-02
6533523,baseball,D1,2026-04-02,2026-04-02
6534769,baseball,D1,2026-04-02,2026-04-02
6535528,baseball,D1,2026-04-02,2026-04-02
6535583,baseball,D1,2026-04-02,2026-04-02
6535770,baseball,D1,2026-04-02,2026-04-02
6536104,baseball,D1,2026-04-07,2026-04-07
6536773,baseball,D1,2026-04-02,2026-04-02
6537283,baseball,D1,2026-04-02,2026-04-02
6537478,baseball,D1,2026-04-02,2026-04-02
6537765,baseball,D1,2026-04-02,2026-04-02
6537983,baseball,D1,2026-04-02,2026-04-02
6538080,baseball,D1,2026-04-07,2026-04-07
6538508,baseball,D1,2026-04-02,2026-04-02
6539070,baseball,D1,2026-04-07,2026-04-07
6539195,baseball,D1,2026-04-02,2026-04-02
6539211,baseball,D1,2026-04-02,2026-04-02
6539561,baseball,D1,2026-04-02,2026-04-02
6540017,baseball,D1,2026-04-17,2026-04-17
6540831,baseball,D1,2026-04-02,2026-04-02
6541865,baseball,D1,2026-04-02,2026-04-02
6542330,baseball,D1,2026-03-20,2026-03-20
6542334,baseball,D1,2026-04-02,2026-04-02
6543470,baseball,D1,2026-04-02,2026-04-02
6545394,baseball,D1,2026-03-20,2026-03-20
6545865,baseball,D1,2026-02-13,2026-02-13
6546310,baseball,D1,2026-04-02,2026-04-02
6546466,baseball,D1,2026-04-02,2026-04-02
6546616,baseball,D1,2026-03-20,2026-03-20
6548660,baseball,D1,2026-04-02,2026-04-02
6548841,baseball,D1,2026-03-06,2026-03-06
6549419,baseball,D1,2026-04-02,2026-04-02
6553378,baseball,D1,2026-04-02,2026-04-02
6553575,baseball,D1,2026-04-02,2026-04-02
6568083,baseball,D1,2026-04-02,2026-04-02
6568099,baseball,D1,2026-04-02,2026-04-02
6568401,baseball,D1,2026-04-02,2026-04-02
6507133,baseball,D2,2026-04-03,2026-04-03
6519368,baseball,D2,2026-04-03,2026-04-03
6526134,baseball,D2,2026-04-03,2026-04-03
6527843,baseball,D2,2026-04-04,2026-04-04
6530419,baseball,D2,2026-04-03,2026-04-03
6537026,baseball,D2,2026-02-21,2026-02-21
6538101,baseball,D2,2026-04-03,2026-04-03
6565656,baseball,D2,2026-03-09,2026-03-09
6565657,baseball,D2,2026-03-09,2026-03-09
6565704,baseball,D2,2026-03-13,2026-03-13
6568454,baseball,D2,2026-04-04,2026-04-04
6568466,baseball,D2,2026-04-04,2026-04-04
6568492,baseball,D2,2026-04-04,2026-04-04
6568508,baseball,D2,2026-04-04,2026-04-04
6568523,baseball,D2,2026-04-04,2026-04-04
6568532,baseball,D2,2026-04-04,2026-04-04
6568535,baseball,D2,2026-04-04,2026-04-04
6568544,baseball,D2,2026-04-04,2026-04-04
6568548,baseball,D2,2026-04-04,2026-04-04
6568555,baseball,D2,2026-04-04,2026-04-04
6568568,baseball,D2,2026-04-04,2026-04-04
6568573,baseball,D2,2026-04-04,2026-04-04
6568641,baseball,D2,2026-04-05,2026-04-05
6568642,baseball,D2,2026-04-03,2026-04-03
6568698,baseball,D2,2026-04-04,2026-04-04
6568715,baseball,D2,2026-04-04,2026-04-04
6568716,baseball,D2,2026-04-04,2026-04-04
6568773,baseball,D2,2026-04-06,2026-04-06
6568781,baseball,D2,2026-04-03,2026-04-03
6568789,baseball,D2,2026-04-06,2026-04-06
6568796,baseball,D2,2026-04-06,2026-04-06
6573042,baseball,D2,2026-04-06,2026-04-06
6573050,baseball,D2,2026-04-11,2026-04-11
6459251,baseball,D3,2026-04-05,2026-04-05
6459297,baseball,D3,2026-04-12,2026-04-12
6459314,baseball,D3,2026-04-17,2026-04-17
6459322,baseball,D3,2026-04-17,2026-04-17
6467730,baseball,D3,2026-04-16,2026-04-16
6480299,baseball,D3,2026-04-06,2026-04-06
6480320,baseball,D3,2026-04-17,2026-04-17
6481671,baseball,D3,2026-04-04,2026-04-04
6481672,baseball,D3,2026-04-04,2026-04-04
6481794,baseball,D3,2026-04-05,2026-04-05
6481802,baseball,D3,2026-04-12,2026-04-12
6483031,baseball,D3,2026-04-04,2026-04-04
6483032,baseball,D3,2026-04-04,2026-04-04
6483874,baseball,D3,2026-04-04,2026-04-04
6483875,baseball,D3,2026-04-04,2026-04-04
6483882,baseball,D3,2026-04-17,2026-04-17
6485455,baseball,D3,2026-04-04,2026-04-04
6485456,baseball,D3,2026-04-04,2026-04-04
6486141,baseball,D3,2026-04-15,2026-04-15
6486724,baseball,D3,2026-04-04,2026-04-04
6486725,baseball,D3,2026-04-04,2026-04-04
6489784,baseball,D3,2026-04-02,2026-04-02
6489785,baseball,D3,2026-04-02,2026-04-02
6490596,baseball,D3,2026-04-02,2026-04-02
6490597,baseball,D3,2026-04-04,2026-04-04
6490599,baseball,D3,2026-04-04,2026-04-04
6490607,baseball,D3,2026-04-17,2026-04-17
6491238,baseball,D3,2026-04-04,2026-04-04
6491239,baseball,D3,2026-04-04,2026-04-04
6491240,baseball,D3,2026-04-08,2026-04-08
6491302,baseball,D3,2026-04-04,2026-04-04
6491303,baseball,D3,2026-04-04,2026-04-04
6491309,baseball,D3,2026-04-17,2026-04-17
6492058,baseball,D3,2026-04-04,2026-04-04
6492062,baseball,D3,2026-04-04,2026-04-04
6492286,baseball,D3,2026-04-02,2026-04-02
6492297,baseball,D3,2026-04-04,2026-04-04
6493296,baseball,D3,2026-04-04,2026-04-04
6493327,baseball,D3,2026-04-17,2026-04-17
6493492,baseball,D3,2026-04-04,2026-04-04
6493495,baseball,D3,2026-04-04,2026-04-04
6493498,baseball,D3,2026-04-07,2026-04-07
6493503,baseball,D3,2026-04-08,2026-04-08
6494181,baseball,D3,2026-04-04,2026-04-04
6494185,baseball,D3,2026-04-04,2026-04-04
6494211,baseball,D3,2026-04-17,2026-04-17
6495258,baseball,D3,2026-04-02,2026-04-02
6495260,baseball,D3,2026-04-17,2026-04-17
6495620,baseball,D3,2026-04-04,2026-04-04
6495622,baseball,D3,2026-04-04,2026-04-04
6495908,baseball,D3,2026-04-02,2026-04-02
6495911,baseball,D3,2026-04-02,2026-04-02
6495958,baseball,D3,2026-04-04,2026-04-04
6495963,baseball,D3,2026-04-04,2026-04-04
6496350,baseball,D3,2026-04-05,2026-04-05
6496351,baseball,D3,2026-04-05,2026-04-05
6496352,baseball,D3,2026-04-04,2026-04-04
6496704,baseball,D3,2026-04-04,2026-04-04
6496712,baseball,D3,2026-04-04,2026-04-04
6496759,baseball,D3,2026-04-12,2026-04-12
6496773,baseball,D3,2026-04-04,2026-04-04
6496936,baseball,D3,2026-04-04,2026-04-04
6496940,baseball,D3,2026-04-04,2026-04-04
6497150,baseball,D3,2026-04-02,2026-04-02
6497152,baseball,D3,2026-04-04,2026-04-04
6497522,baseball,D3,2026-04-02,2026-04-02
6497526,baseball,D3,2026-04-07,2026-04-07
6497530,baseball,D3,2026-04-02,2026-04-02
6498512,baseball,D3,2026-04-12,2026-04-12
6498644,baseball,D3,2026-04-13,2026-04-13
6499217,baseball,D3,2026-04-02,2026-04-02
6499492,baseball,D3,2026-04-04,2026-04-04
6499494,baseball,D3,2026-04-04,2026-04-04
6500155,baseball,D3,2026-04-02,2026-04-02
6500745,baseball,D3,2026-04-04,2026-04-04
6501376,baseball,D3,2026-04-04,2026-04-04
6501691,baseball,D3,2026-04-04,2026-04-04
6501692,baseball,D3,2026-04-04,2026-04-04
6502534,baseball,D3,2026-04-04,2026-04-04
6502535,baseball,D3,2026-04-04,2026-04-04
6503257,baseball,D3,2026-04-04,2026-04-04
6503260,baseball,D3,2026-04-04,2026-04-04
6503271,baseball,D3,2026-04-17,2026-04-17
6503314,baseball,D3,2026-04-04,2026-04-04
6503316,baseball,D3,2026-04-04,2026-04-04
6503516,baseball,D3,2026-04-04,2026-04-04
6503893,baseball,D3,2026-04-04,2026-04-04
6503894,baseball,D3,2026-04-04,2026-04-04
6504097,baseball,D3,2026-04-04,2026-04-04
6504099,baseball,D3,2026-04-04,2026-04-04
6504125,baseball,D3,2026-04-17,2026-04-17
6504151,baseball,D3,2026-04-04,2026-04-04
6504153,baseball,D3,2026-04-04,2026-04-04
6504332,baseball,D3,2026-04-05,2026-04-05
6504451,baseball,D3,2026-04-04,2026-04-04
6504550,baseball,D3,2026-04-02,2026-04-02
6504557,baseball,D3,2026-04-17,2026-04-17
6504674,baseball,D3,2026-04-02,2026-04-02
6504677,baseball,D3,2026-04-04,2026-04-04
6504681,baseball,D3,2026-04-04,2026-04-04
6504695,baseball,D3,2026-04-17,2026-04-17
6504993,baseball,D3,2026-04-04,2026-04-04
6504994,baseball,D3,2026-04-04,2026-04-04
6505116,baseball,D3,2026-04-17,2026-04-17
6505308,baseball,D3,2026-04-04,2026-04-04
6505310,baseball,D3,2026-04-04,2026-04-04
6506014,baseball,D3,2026-04-02,2026-04-02
6506321,baseball,D3,2026-04-04,2026-04-04
6506324,baseball,D3,2026-04-04,2026-04-04
6506327,baseball,D3,2026-04-07,2026-04-07
6507610,baseball,D3,2026-04-04,2026-04-04
6507612,baseball,D3,2026-04-04,2026-04-04
6507676,baseball,D3,2026-04-04,2026-04-04
6507679,baseball,D3,2026-04-04,2026-04-04
6508249,baseball,D3,2026-04-04,2026-04-04
6508252,baseball,D3,2026-04-04,2026-04-04
6508264,baseball,D3,2026-04-12,2026-04-12
6508497,baseball,D3,2026-04-12,2026-04-12
6508583,baseball,D3,2026-04-04,2026-04-04
6508584,baseball,D3,2026-04-04,2026-04-04
6508585,baseball,D3,2026-04-07,2026-04-07
6508592,baseball,D3,2026-04-17,2026-04-17
6508768,baseball,D3,2026-04-04,2026-04-04
6508769,baseball,D3,2026-04-04,2026-04-04
6508772,baseball,D3,2026-04-08,2026-04-08
6508845,baseball,D3,2026-04-04,2026-04-04
6508846,baseball,D3,2026-04-04,2026-04-04
6508851,baseball,D3,2026-04-17,2026-04-17
6508946,baseball,D3,2026-04-04,2026-04-04
6508948,baseball,D3,2026-04-04,2026-04-04
6508961,baseball,D3,2026-04-04,2026-04-04
6509119,baseball,D3,2026-04-04,2026-04-04
6509120,baseball,D3,2026-04-04,2026-04-04
6509126,baseball,D3,2026-04-17,2026-04-17
6509352,baseball,D3,2026-04-04,2026-04-04
6509354,baseball,D3,2026-04-04,2026-04-04
6509356,baseball,D3,2026-04-08,2026-04-08
6510094,baseball,D3,2026-04-06,2026-04-06
6510096,baseball,D3,2026-04-04,2026-04-04
6510097,baseball,D3,2026-04-04,2026-04-04
6510473,baseball,D3,2026-04-04,2026-04-04
6510877,baseball,D3,2026-04-04,2026-04-04
6510878,baseball,D3,2026-04-04,2026-04-04
6510879,baseball,D3,2026-04-07,2026-04-07
6510884,baseball,D3,2026-04-17,2026-04-17
6511177,baseball,D3,2026-04-04,2026-04-04
6511178,baseball,D3,2026-04-04,2026-04-04
6511843,baseball,D3,2026-04-04,2026-04-04
6511844,baseball,D3,2026-04-04,2026-04-04
6512316,baseball,D3,2026-04-02,2026-04-02
6512326,baseball,D3,2026-04-04,2026-04-04
6513288,baseball,D3,2026-04-09,2026-04-09
6513492,baseball,D3,2026-04-04,2026-04-04
6513493,baseball,D3,2026-04-04,2026-04-04
6513751,baseball,D3,2026-04-04,2026-04-04
6513752,baseball,D3,2026-04-04,2026-04-04
6513754,baseball,D3,2026-04-11,2026-04-11
6513874,baseball,D3,2026-04-04,2026-04-04
6513875,baseball,D3,2026-04-04,2026-04-04
6514258,baseball,D3,2026-04-04,2026-04-04
6514259,baseball,D3,2026-04-04,2026-04-04
6514432,baseball,D3,2026-04-04,2026-04-04
6514433,baseball,D3,2026-04-04,2026-04-04
6514436,baseball,D3,2026-04-12,2026-04-12
6514593,baseball,D3,2026-04-02,2026-04-02
6514595,baseball,D3,2026-04-02,2026-04-02
6514602,baseball,D3,2026-04-17,2026-04-17
6514603,baseball,D3,2026-04-17,2026-04-17
6514676,baseball,D3,2026-04-04,2026-04-04
6514678,baseball,D3,2026-04-04,2026-04-04
6514782,baseball,D3,2026-04-17,2026-04-17
6515048,baseball,D3,2026-04-04,2026-04-04
6515049,baseball,D3,2026-04-04,2026-04-04
6515687,baseball,D3,2026-04-17,2026-04-17
6515710,baseball,D3,2026-04-04,2026-04-04
6515711,baseball,D3,2026-04-04,2026-04-04
6515717,baseball,D3,2026-04-17,2026-04-17
6516859,baseball,D3,2026-04-17,2026-04-17
6516860,baseball,D3,2026-04-17,2026-04-17
6517973,baseball,D3,2026-04-04,2026-04-04
6517980,baseball,D3,2026-04-04,2026-04-04
6518087,baseball,D3,2026-04-02,2026-04-02
6518110,baseball,D3,2026-04-08,2026-04-08
6518491,baseball,D3,2026-04-02,2026-04-02
6518529,baseball,D3,2026-04-08,2026-04-08
6518741,baseball,D3,2026-04-04,2026-04-04
6518840,baseball,D3,2026-04-04,2026-04-04
6518842,baseball,D3,2026-04-04,2026-04-04
6518856,baseball,D3,2026-04-08,2026-04-08
6518905,baseball,D3,2026-04-17,2026-04-17
6518908,baseball,D3,2026-04-17,2026-04-17
6519187,baseball,D3,2026-04-17,2026-04-17
6519802,baseball,D3,2026-04-04,2026-04-04
6519808,baseball,D3,2026-04-04,2026-04-04
6519928,baseball,D3,2026-04-02,2026-04-02
6519930,baseball,D3,2026-04-02,2026-04-02
6519935,baseball,D3,2026-04-07,2026-04-07
6519971,baseball,D3,2026-04-17,2026-04-17
6520151,baseball,D3,2026-04-02,2026-04-02
6520179,baseball,D3,2026-04-04,2026-04-04
6520457,baseball,D3,2026-04-17,2026-04-17
6520572,baseball,D3,2026-04-02,2026-04-02
6520575,baseball,D3,2026-04-04,2026-04-04
6520599,baseball,D3,2026-04-04,2026-04-04
6520741,baseball,D3,2026-04-07,2026-04-07
6520756,baseball,D3,2026-04-17,2026-04-17
6521052,baseball,D3,2026-04-04,2026-04-04
6521055,baseball,D3,2026-04-04,2026-04-04
6521082,baseball,D3,2026-04-17,2026-04-17
6521991,baseball,D3,2026-04-17,2026-04-17
6523587,baseball,D3,2026-04-17,2026-04-17
6524685,baseball,D3,2026-04-17,2026-04-17
6524696,baseball,D3,2026-04-17,2026-04-17
6524931,baseball,D3,2026-04-02,2026-04-02
6524935,baseball,D3,2026-04-02,2026-04-02
6525343,baseball,D3,2026-04-02,2026-04-02
6525345,baseball,D3,2026-04-02,2026-04-02
6525374,baseball,D3,2026-04-17,2026-04-17
6526047,baseball,D3,2026-04-02,2026-04-02
6526051,baseball,D3,2026-04-09,2026-04-09
6526056,baseball,D3,2026-04-17,2026-04-17
6526097,baseball,D3,2026-04-04,2026-04-04
6526099,baseball,D3,2026-04-04,2026-04-04
6526655,baseball,D3,2026-04-12,2026-04-12
6527204,baseball,D3,2026-04-11,2026-04-11
6527292,baseball,D3,2026-04-04,2026-04-04
6527295,baseball,D3,2026-04-04,2026-04-04
6527640,baseball,D3,2026-04-04,2026-04-04
6527641,baseball,D3,2026-04-04,2026-04-04
6527646,baseball,D3,2026-04-17,2026-04-17
6527889,baseball,D3,2026-04-17,2026-04-17
6527892,baseball,D3,2026-04-17,2026-04-17
6527983,baseball,D3,2026-04-04,2026-04-04
6527989,baseball,D3,2026-04-04,2026-04-04
6528066,baseball,D3,2026-04-04,2026-04-04
6528067,baseball,D3,2026-04-04,2026-04-04
6528144,baseball,D3,2026-04-04,2026-04-04
6528146,baseball,D3,2026-04-04,2026-04-04
6528937,baseball,D3,2026-04-04,2026-04-04
6528938,baseball,D3,2026-04-04,2026-04-04
6529449,baseball,D3,2026-04-04,2026-04-04
6529453,baseball,D3,2026-04-04,2026-04-04
6529455,baseball,D3,2026-04-02,2026-04-02
6529458,baseball,D3,2026-04-04,2026-04-04
6529461,baseball,D3,2026-04-04,2026-04-04
6529725,baseball,D3,2026-04-04,2026-04-04
6529727,baseball,D3,2026-04-04,2026-04-04
6529728,baseball,D3,2026-04-04,2026-04-04
6529730,baseball,D3,2026-04-04,2026-04-04
6529734,baseball,D3,2026-04-17,2026-04-17
6529736,baseball,D3,2026-04-17,2026-04-17
6529889,baseball,D3,2026-04-06,2026-04-06
6530978,baseball,D3,2026-04-17,2026-04-17
6532031,baseball,D3,2026-04-04,2026-04-04
6532032,baseball,D3,2026-04-04,2026-04-04
6532311,baseball,D3,2026-04-04,2026-04-04
6532317,baseball,D3,2026-04-04,2026-04-04
6532442,baseball,D3,2026-04-04,2026-04-04
6532452,baseball,D3,2026-04-17,2026-04-17
6533056,baseball,D3,2026-04-02,2026-04-02
6533057,baseball,D3,2026-04-04,2026-04-04
6533058,baseball,D3,2026-04-04,2026-04-04
6533659,baseball,D3,2026-04-17,2026-04-17
6533938,baseball,D3,2026-04-04,2026-04-04
6533941,baseball,D3,2026-04-04,2026-04-04
6534153,baseball,D3,2026-04-05,2026-04-05
6534157,baseball,D3,2026-04-05,2026-04-05
6534158,baseball,D3,2026-04-04,2026-04-04
6534160,baseball,D3,2026-04-04,2026-04-04
6534177,baseball,D3,2026-04-17,2026-04-17
6534479,baseball,D3,2026-04-04,2026-04-04
6534493,baseball,D3,2026-04-04,2026-04-04
6535006,baseball,D3,2026-04-17,2026-04-17
6535007,baseball,D3,2026-04-17,2026-04-17
6535339,baseball,D3,2026-04-06,2026-04-06
6535992,baseball,D3,2026-04-04,2026-04-04
6535997,baseball,D3,2026-04-04,2026-04-04
6536361,baseball,D3,2026-04-04,2026-04-04
6536367,baseball,D3,2026-04-04,2026-04-04
6536382,baseball,D3,2026-04-14,2026-04-14
6536542,baseball,D3,2026-04-04,2026-04-04
6536545,baseball,D3,2026-04-04,2026-04-04
6536871,baseball,D3,2026-04-17,2026-04-17
6536970,baseball,D3,2026-04-02,2026-04-02
6536984,baseball,D3,2026-04-04,2026-04-04
6537000,baseball,D3,2026-04-04,2026-04-04
6537064,baseball,D3,2026-04-17,2026-04-17
6537220,baseball,D3,2026-04-04,2026-04-04
6537228,baseball,D3,2026-04-04,2026-04-04
6537270,baseball,D3,2026-04-04,2026-04-04
6537274,baseball,D3,2026-04-04,2026-04-04
6537636,baseball,D3,2026-04-02,2026-04-02
6538503,baseball,D3,2026-04-12,2026-04-12
6538771,baseball,D3,2026-04-15,2026-04-15
6539793,baseball,D3,2026-04-04,2026-04-04
6539794,baseball,D3,2026-04-04,2026-04-04
6540758,baseball,D3,2026-04-04,2026-04-04
6540759,baseball,D3,2026-04-04,2026-04-04
6540764,baseball,D3,2026-04-04,2026-04-04
6540766,baseball,D3,2026-04-04,2026-04-04
6540767,baseball,D3,2026-04-12,2026-04-12
6540816,baseball,D3,2026-04-02,2026-04-02
6540818,baseball,D3,2026-04-04,2026-04-04
6540819,baseball,D3,2026-04-04,2026-04-04
6541228,baseball,D3,2026-04-02,2026-04-02
6541254,baseball,D3,2026-04-17,2026-04-17
6541322,baseball,D3,2026-04-02,2026-04-02
6541324,baseball,D3,2026-04-04,2026-04-04
6541328,baseball,D3,2026-04-04,2026-04-04
6541481,baseball,D3,2026-04-04,2026-04-04
6541483,baseball,D3,2026-04-04,2026-04-04
6541784,baseball,D3,2026-02-28,2026-02-28
6541949,baseball,D3,2026-04-17,2026-04-17
6541992,baseball,D3,2026-04-04,2026-04-04
6541994,baseball,D3,2026-04-04,2026-04-04
6542037,baseball,D3,2026-04-17,2026-04-17
6542105,baseball,D3,2026-04-04,2026-04-04
6542107,baseball,D3,2026-04-04,2026-04-04
6542146,baseball,D3,2026-04-12,2026-04-12
6542252,baseball,D3,2026-04-06,2026-04-06
6542357,baseball,D3,2026-04-04,2026-04-04
6542358,baseball,D3,2026-04-04,2026-04-04
6542445,baseball,D3,2026-04-04,2026-04-04
6542446,baseball,D3,2026-04-04,2026-04-04
6542563,baseball,D3,2026-04-16,2026-04-16
6542565,baseball,D3,2026-04-17,2026-04-17
6542568,baseball,D3,2026-04-17,2026-04-17
6542587,baseball,D3,2026-04-04,2026-04-04
6542589,baseball,D3,2026-04-04,2026-04-04
6542649,baseball,D3,2026-04-04,2026-04-04
6542692,baseball,D3,2026-04-04,2026-04-04
6542693,baseball,D3,2026-04-04,2026-04-04
6542696,baseball,D3,2026-04-17,2026-04-17
6542707,baseball,D3,2026-04-17,2026-04-17
6542708,baseball,D3,2026-04-17,2026-04-17
6542723,baseball,D3,2026-04-17,2026-04-17
6542811,baseball,D3,2026-04-04,2026-04-04
6542813,baseball,D3,2026-04-04,2026-04-04
6542818,baseball,D3,2026-04-12,2026-04-12
6542942,baseball,D3,2026-04-04,2026-04-04
6542944,baseball,D3,2026-04-17,2026-04-17
6543043,baseball,D3,2026-04-17,2026-04-17
6543251,baseball,D3,2026-04-17,2026-04-17
6543278,baseball,D3,2026-04-04,2026-04-04
6543282,baseball,D3,2026-04-04,2026-04-04
6543770,baseball,D3,2026-04-02,2026-04-02
6543772,baseball,D3,2026-04-04,2026-04-04
6543773,baseball,D3,2026-04-04,2026-04-04
6543798,baseball,D3,2026-04-13,2026-04-13
6543967,baseball,D3,2026-04-12,2026-04-12
6544042,baseball,D3,2026-04-08,2026-04-08
6544117,baseball,D3,2026-04-04,2026-04-04
6544118,baseball,D3,2026-04-04,2026-04-04
6544767,baseball,D3,2026-04-05,2026-04-05
6544769,baseball,D3,2026-04-05,2026-04-05
6544771,baseball,D3,2026-04-04,2026-04-04
6544772,baseball,D3,2026-04-04,2026-04-04
6544886,baseball,D3,2026-04-04,2026-04-04
6544890,baseball,D3,2026-04-04,2026-04-04
6545019,baseball,D3,2026-04-03,2026-04-03
6545021,baseball,D3,2026-04-03,2026-04-03
6545039,baseball,D3,2026-04-04,2026-04-04
6545306,baseball,D3,2026-04-04,2026-04-04
6545699,baseball,D3,2026-02-24,2026-02-24
6545932,baseball,D3,2026-04-06,2026-04-06
6546822,baseball,D3,2026-04-12,2026-04-12
6546905,baseball,D3,2026-04-02,2026-04-02
6546958,baseball,D3,2026-04-17,2026-04-17
6546961,baseball,D3,2026-04-17,2026-04-17
6547467,baseball,D3,2026-04-17,2026-04-17
6547566,baseball,D3,2026-04-04,2026-04-04
6547568,baseball,D3,2026-04-04,2026-04-04
6548972,baseball,D3,2026-02-28,2026-02-28
6549288,baseball,D3,2026-04-04,2026-04-04
6549289,baseball,D3,2026-04-04,2026-04-04
6551744,baseball,D3,2026-04-04,2026-04-04
6551746,baseball,D3,2026-04-04,2026-04-04
6551922,baseball,D3,2026-04-04,2026-04-04
6551923,baseball,D3,2026-04-04,2026-04-04
6556848,baseball,D3,2026-04-17,2026-04-17
6564607,baseball,D3,2026-03-14,2026-03-14
6565317,baseball,D3,2026-04-02,2026-04-02
6565362,baseball,D3,2026-03-17,2026-03-17
6565631,baseball,D3,2026-03-15,2026-03-15
6566703,baseball,D3,2026-04-04,2026-04-04
6566704,baseball,D3,2026-04-04,2026-04-04
6567464,baseball,D3,2026-04-04,2026-04-04
6567465,baseball,D3,2026-04-04,2026-04-04
6568058,baseball,D3,2026-04-02,2026-04-02
6568085,baseball,D3,2026-04-02,2026-04-02
6568101,baseball,D3,2026-04-02,2026-04-02
6568103,baseball,D3,2026-04-02,2026-04-02
6568117,baseball,D3,2026-04-02,2026-04-02
6568456,baseball,D3,2026-04-05,2026-04-05
6568467,baseball,D3,2026-04-04,2026-04-04
6568468,baseball,D3,2026-04-04,2026-04-04
6568512,baseball,D3,2026-04-04,2026-04-04
6568547,baseball,D3,2026-04-04,2026-04-04
6568549,baseball,D3,2026-04-04,2026-04-04
6568552,baseball,D3,2026-04-04,2026-04-04
6568556,baseball,D3,2026-04-04,2026-04-04
6572545,baseball,D3,2026-04-08,2026-04-08
6572565,baseball,D3,2026-03-31,2026-03-31
6572574,baseball,D3,2026-04-09,2026-04-09
6572581,baseball,D3,2026-04-09,2026-04-09
6572587,baseball,D3,2026-04-09,2026-04-09
6573322,baseball,D3,2026-04-13,2026-04-13
6573902,baseball,D3,2026-04-16,2026-04-16
6573931,baseball,D3,2026-04-16,2026-04-16
6573991,baseball,D3,2026-04-15,2026-04-15
6574002,baseball,D3,2026-04-17,2026-04-17
6574065,baseball,D3,2026-04-17,2026-04-17
6574075,baseball,D3,2026-04-17,2026-04-17
6574097,baseball,D3,2026-04-17,2026-04-17
6574108,baseball,D3,2026-04-17,2026-04-17
6574114,baseball,D3,2026-04-17,2026-04-17
6574115,baseball,D3,2026-04-17,2026-04-17
6574116,baseball,D3,2026-04-17,2026-04-17
6574119,baseball,D3,2026-04-17,2026-04-17
6574121,baseball,D3,2026-04-17,2026-04-17
6574122,baseball,D3,2026-04-17,2026-04-17
6574128,baseball,D3,2026-04-17,2026-04-17
6574129,baseball,D3,2026-04-17,2026-04-17
6574152,baseball,D3,2026-04-17,2026-04-17
6574164,baseball,D3,2026-04-17,2026-04-17
6574168,baseball,D3,2026-04-17,2026-04-17
6574182,baseball,D3,2026-04-17,2026-04-17
6574187,baseball,D3,2026-04-17,2026-04-17
6574197,baseball,D3,2026-04-17,2026-04-17
6574199,baseball,D3,2026-04-17,2026-04-17
6574201,baseball,D3,2026-04-17,2026-04-17
6574203,baseball,D3,2026-04-17,2026-04-17
6574207,baseball,D3,2026-04-17,2026-04-17
6574218,baseball,D3,2026-04-17,2026-04-17
6574228,baseball,D3,2026-04-17,2026-04-17
6574231,baseball,D3,2026-04-17,2026-04-17
6574238,baseball,D3,2026-04-17,2026-04-17
6574244,baseball,D3,2026-04-17,2026-04-17
6574245,baseball,D3,2026-04-17,2026-04-17
6574257,baseball,D3,2026-04-17,2026-04-17
6574258,baseball,D3,2026-04-17,2026-04-17
6574264,baseball,D3,2026-04-17,2026-04-17
6574281,baseball,D3,2026-04-17,2026-04-17
6492622,softball,D1,2026-04-12,2026-04-12
6494234,softball,D1,2026-04-11,2026-04-11
6495047,softball,D1,2026-04-06,2026-04-06
6499584,softball,D1,2026-04-05,2026-04-05
6499716,softball,D1,2026-02-13,2026-02-13
6499728,softball,D1,2026-02-14,2026-02-14
6503298,softball,D1,2026-02-21,2026-02-21
6504331,softball,D1,2026-04-06,2026-04-06
6504861,softball,D1,2026-03-26,2026-03-26
6504863,softball,D1,2026-03-26,2026-03-26
6506443,softball,D1,2026-03-09,2026-03-09
6506453,softball,D1,2026-03-09,2026-03-09
6511005,softball,D1,2026-03-29,2026-03-29
6512733,softball,D1,2026-02-17,2026-02-17
6512740,softball,D1,2026-02-17,2026-02-17
6515013,softball,D1,2026-02-13,2026-02-13
6515398,softball,D1,2026-04-11,2026-04-11
6515399,softball,D1,2026-04-12,2026-04-12
6515528,softball,D1,2026-04-12,2026-04-12
6515796,softball,D1,2026-02-21,2026-02-21
6515797,softball,D1,2026-02-21,2026-02-21
6518848,softball,D1,2026-03-04,2026-03-04
6518853,softball,D1,2026-03-04,2026-03-04
6519278,softball,D1,2026-02-20,2026-02-20
6519282,softball,D1,2026-02-20,2026-02-20
6519287,softball,D1,2026-02-21,2026-02-21
6520052,softball,D1,2026-04-12,2026-04-12
6520230,softball,D1,2026-04-12,2026-04-12
6523159,softball,D1,2026-04-12,2026-04-12
6525728,softball,D1,2026-02-11,2026-02-11
6525744,softball,D1,2026-02-22,2026-02-22
6528462,softball,D1,2026-04-12,2026-04-12
6529946,softball,D1,2026-04-11,2026-04-11
6531437,softball,D1,2026-03-10,2026-03-10
6531446,softball,D1,2026-03-10,2026-03-10
6531654,softball,D1,2026-02-22,2026-02-22
6532497,softball,D1,2026-04-12,2026-04-12
6540535,softball,D1,2026-02-13,2026-02-13
6542425,softball,D1,2026-02-22,2026-02-22
6542671,softball,D1,2026-04-12,2026-04-12
6543351,softball,D1,2026-03-29,2026-03-29
6548874,softball,D1,2026-02-14,2026-02-14
6550989,softball,D1,2026-03-25,2026-03-25
6550990,softball,D1,2026-03-25,2026-03-25
6555887,softball,D1,2026-02-22,2026-02-22
6556034,softball,D1,2026-02-22,2026-02-22
6573074,softball,D1,2026-04-11,2026-04-11
6573075,softball,D1,2026-04-11,2026-04-11
6492380,softball,D2,2026-03-28,2026-03-28
6492382,softball,D2,2026-03-28,2026-03-28
6492850,softball,D2,2026-03-28,2026-03-28
6492852,softball,D2,2026-03-28,2026-03-28
6492881,softball,D2,2026-04-12,2026-04-12
6492894,softball,D2,2026-03-28,2026-03-28
6492895,softball,D2,2026-03-28,2026-03-28
6493469,softball,D2,2026-03-28,2026-03-28
6493471,softball,D2,2026-03-28,2026-03-28
6493480,softball,D2,2026-03-28,2026-03-28
6493484,softball,D2,2026-03-28,2026-03-28
6493621,softball,D2,2026-03-28,2026-03-28
6493624,softball,D2,2026-03-28,2026-03-28
6493748,softball,D2,2026-03-28,2026-03-28
6493749,softball,D2,2026-03-28,2026-03-28
6494527,softball,D2,2026-03-28,2026-03-28
6494531,softball,D2,2026-03-28,2026-03-28
6494991,softball,D2,2026-03-28,2026-03-28
6494997,softball,D2,2026-03-28,2026-03-28
6495106,softball,D2,2026-03-28,2026-03-28
6495109,softball,D2,2026-03-28,2026-03-28
6495188,softball,D2,2026-03-28,2026-03-28
6495190,softball,D2,2026-03-28,2026-03-28
6495593,softball,D2,2026-03-28,2026-03-28
6495595,softball,D2,2026-03-28,2026-03-28
6495845,softball,D2,2026-03-28,2026-03-28
6495849,softball,D2,2026-03-28,2026-03-28
6496257,softball,D2,2026-03-28,2026-03-28
6496259,softball,D2,2026-03-28,2026-03-28
6496316,softball,D2,2026-04-12,2026-04-12
6497479,softball,D2,2026-03-28,2026-03-28
6497481,softball,D2,2026-03-28,2026-03-28
6497558,softball,D2,2026-03-28,2026-03-28
6497564,softball,D2,2026-03-28,2026-03-28
6497749,softball,D2,2026-03-28,2026-03-28
6497753,softball,D2,2026-03-28,2026-03-28
6498038,softball,D2,2026-03-28,2026-03-28
6498039,softball,D2,2026-03-28,2026-03-28
6498706,softball,D2,2026-03-28,2026-03-28
6498707,softball,D2,2026-03-28,2026-03-28
6499218,softball,D2,2026-03-28,2026-03-28
6499226,softball,D2,2026-03-28,2026-03-28
6499759,softball,D2,2026-03-28,2026-03-28
6499760,softball,D2,2026-03-28,2026-03-28
6500108,softball,D2,2026-03-28,2026-03-28
6500112,softball,D2,2026-03-28,2026-03-28
6501295,softball,D2,2026-03-28,2026-03-28
6501298,softball,D2,2026-03-28,2026-03-28
6502685,softball,D2,2026-03-28,2026-03-28
6502686,softball,D2,2026-03-28,2026-03-28
6503199,softball,D2,2026-03-28,2026-03-28
6503201,softball,D2,2026-03-28,2026-03-28
6503684,softball,D2,2026-03-28,2026-03-28
6503685,softball,D2,2026-03-28,2026-03-28
6504003,softball,D2,2026-03-28,2026-03-28
6505488,softball,D2,2026-03-28,2026-03-28
6505489,softball,D2,2026-03-28,2026-03-28
6506045,softball,D2,2026-03-28,2026-03-28
6506046,softball,D2,2026-03-28,2026-03-28
6506548,softball,D2,2026-03-28,2026-03-28
6506555,softball,D2,2026-03-28,2026-03-28
6506630,softball,D2,2026-03-28,2026-03-28
6506634,softball,D2,2026-03-28,2026-03-28
6507354,softball,D2,2026-03-28,2026-03-28
6507355,softball,D2,2026-03-28,2026-03-28
6507700,softball,D2,2026-03-28,2026-03-28
6507701,softball,D2,2026-03-28,2026-03-28
6507841,softball,D2,2026-03-28,2026-03-28
6507843,softball,D2,2026-03-28,2026-03-28
6508091,softball,D2,2026-03-28,2026-03-28
6508092,softball,D2,2026-03-28,2026-03-28
6508170,softball,D2,2026-04-12,2026-04-12
6508272,softball,D2,2026-03-28,2026-03-28
6508275,softball,D2,2026-03-28,2026-03-28
6508303,softball,D2,2026-03-28,2026-03-28
6509164,softball,D2,2026-03-28,2026-03-28
6509167,softball,D2,2026-03-28,2026-03-28
6510700,softball,D2,2026-03-28,2026-03-28
6510702,softball,D2,2026-03-28,2026-03-28
6511045,softball,D2,2026-03-28,2026-03-28
6511580,softball,D2,2026-03-28,2026-03-28
6511582,softball,D2,2026-03-28,2026-03-28
6512186,softball,D2,2026-04-12,2026-04-12
6512385,softball,D2,2026-03-28,2026-03-28
6512387,softball,D2,2026-03-28,2026-03-28
6513029,softball,D2,2026-03-28,2026-03-28
6513030,softball,D2,2026-03-28,2026-03-28
6513348,softball,D2,2026-03-28,2026-03-28
6513349,softball,D2,2026-03-28,2026-03-28
6513526,softball,D2,2026-03-28,2026-03-28
6513527,softball,D2,2026-03-28,2026-03-28
6513969,softball,D2,2026-03-28,2026-03-28
6513970,softball,D2,2026-03-28,2026-03-28
6514145,softball,D2,2026-03-28,2026-03-28
6514146,softball,D2,2026-03-28,2026-03-28
6514501,softball,D2,2026-03-28,2026-03-28
6514502,softball,D2,2026-03-28,2026-03-28
6514936,softball,D2,2026-03-28,2026-03-28
6514938,softball,D2,2026-03-28,2026-03-28
6515351,softball,D2,2026-03-28,2026-03-28
6515352,softball,D2,2026-03-28,2026-03-28
6516173,softball,D2,2026-03-29,2026-03-29
6516539,softball,D2,2026-04-12,2026-04-12
6517106,softball,D2,2026-03-29,2026-03-29
6517138,softball,D2,2026-04-12,2026-04-12
6518868,softball,D2,2026-03-28,2026-03-28
6518869,softball,D2,2026-03-28,2026-03-28
6519219,softball,D2,2026-03-28,2026-03-28
6519220,softball,D2,2026-03-28,2026-03-28
6519662,softball,D2,2026-03-28,2026-03-28
6520253,softball,D2,2026-03-28,2026-03-28
6520257,softball,D2,2026-03-28,2026-03-28
6520926,softball,D2,2026-03-28,2026-03-28
6520937,softball,D2,2026-03-28,2026-03-28
6520939,softball,D2,2026-03-28,2026-03-28
6520942,softball,D2,2026-03-28,2026-03-28
6521428,softball,D2,2026-03-28,2026-03-28
6521430,softball,D2,2026-03-28,2026-03-28
6521946,softball,D2,2026-03-28,2026-03-28
6521948,softball,D2,2026-03-28,2026-03-28
6522270,softball,D2,2026-03-28,2026-03-28
6522272,softball,D2,2026-03-28,2026-03-28
6523472,softball,D2,2026-03-28,2026-03-28
6523478,softball,D2,2026-03-28,2026-03-28
6524331,softball,D2,2026-03-28,2026-03-28
6524337,softball,D2,2026-03-28,2026-03-28
6524731,softball,D2,2026-03-28,2026-03-28
6524736,softball,D2,2026-03-28,2026-03-28
6524794,softball,D2,2026-04-12,2026-04-12
6524801,softball,D2,2026-03-28,2026-03-28
6524814,softball,D2,2026-03-28,2026-03-28
6524928,softball,D2,2026-03-28,2026-03-28
6524934,softball,D2,2026-03-28,2026-03-28
6524985,softball,D2,2026-04-12,2026-04-12
6525584,softball,D2,2026-03-28,2026-03-28
6525586,softball,D2,2026-03-28,2026-03-28
6525632,softball,D2,2026-03-28,2026-03-28
6525637,softball,D2,2026-03-28,2026-03-28
6525643,softball,D2,2026-03-29,2026-03-29
6525815,softball,D2,2026-03-28,2026-03-28
6525817,softball,D2,2026-03-28,2026-03-28
6525861,softball,D2,2026-03-28,2026-03-28
6525862,softball,D2,2026-03-28,2026-03-28
6525955,softball,D2,2026-04-12,2026-04-12
6525956,softball,D2,2026-04-12,2026-04-12
6526222,softball,D2,2026-03-28,2026-03-28
6526223,softball,D2,2026-03-28,2026-03-28
6526240,softball,D2,2026-04-12,2026-04-12
6526483,softball,D2,2026-03-28,2026-03-28
6526492,softball,D2,2026-03-28,2026-03-28
6526554,softball,D2,2026-03-28,2026-03-28
6526557,softball,D2,2026-03-28,2026-03-28
6526574,softball,D2,2026-03-28,2026-03-28
6526577,softball,D2,2026-03-28,2026-03-28
6526687,softball,D2,2026-03-29,2026-03-29
6527617,softball,D2,2026-03-28,2026-03-28
6527619,softball,D2,2026-03-28,2026-03-28
6527704,softball,D2,2026-03-28,2026-03-28
6527706,softball,D2,2026-03-28,2026-03-28
6527793,softball,D2,2026-03-28,2026-03-28
6527796,softball,D2,2026-03-28,2026-03-28
6528394,softball,D2,2026-03-28,2026-03-28
6528397,softball,D2,2026-03-28,2026-03-28
6528879,softball,D2,2026-03-28,2026-03-28
6528881,softball,D2,2026-03-28,2026-03-28
6529095,softball,D2,2026-03-28,2026-03-28
6529098,softball,D2,2026-03-28,2026-03-28
6529123,softball,D2,2026-03-28,2026-03-28
6529128,softball,D2,2026-03-28,2026-03-28
6530285,softball,D2,2026-03-28,2026-03-28
6530286,softball,D2,2026-03-28,2026-03-28
6530444,softball,D2,2026-03-28,2026-03-28
6530445,softball,D2,2026-03-28,2026-03-28
6530815,softball,D2,2026-03-28,2026-03-28
6530824,softball,D2,2026-03-28,2026-03-28
6531335,softball,D2,2026-03-28,2026-03-28
6531337,softball,D2,2026-03-28,2026-03-28
6531582,softball,D2,2026-03-28,2026-03-28
6531586,softball,D2,2026-03-28,2026-03-28
6531780,softball,D2,2026-03-28,2026-03-28
6531929,softball,D2,2026-03-28,2026-03-28
6531930,softball,D2,2026-03-28,2026-03-28
6532687,softball,D2,2026-03-28,2026-03-28
6532690,softball,D2,2026-03-28,2026-03-28
6534060,softball,D2,2026-03-28,2026-03-28
6534067,softball,D2,2026-03-28,2026-03-28
6535652,softball,D2,2026-03-28,2026-03-28
6535653,softball,D2,2026-03-28,2026-03-28
6536541,softball,D2,2026-03-28,2026-03-28
6536548,softball,D2,2026-03-28,2026-03-28
6538049,softball,D2,2026-03-28,2026-03-28
6538052,softball,D2,2026-03-28,2026-03-28
6541148,softball,D2,2026-03-28,2026-03-28
6541149,softball,D2,2026-03-28,2026-03-28
6541574,softball,D2,2026-03-28,2026-03-28
6541577,softball,D2,2026-03-28,2026-03-28
6549825,softball,D2,2026-03-28,2026-03-28
6549826,softball,D2,2026-03-28,2026-03-28
6550100,softball,D2,2026-03-28,2026-03-28
6550101,softball,D2,2026-03-28,2026-03-28
6562754,softball,D2,2026-03-29,2026-03-29
6566332,softball,D2,2026-03-28,2026-03-28
6566333,softball,D2,2026-03-28,2026-03-28
6566397,softball,D2,2026-03-28,2026-03-28
6566398,softball,D2,2026-03-28,2026-03-28
6566802,softball,D2,2026-03-28,2026-03-28
6566803,softball,D2,2026-03-28,2026-03-28
6566828,softball,D2,2026-03-28,2026-03-28
6566830,softball,D2,2026-03-28,2026-03-28
6566840,softball,D2,2026-03-28,2026-03-28
6566871,softball,D2,2026-03-28,2026-03-28
6566901,softball,D2,2026-03-28,2026-03-28
6566943,softball,D2,2026-03-28,2026-03-28
6567173,softball,D2,2026-03-28,2026-03-28
6567177,softball,D2,2026-03-28,2026-03-28
6568759,softball,D2,2026-04-17,2026-04-17
6568760,softball,D2,2026-04-17,2026-04-17
6572557,softball,D2,2026-04-01,2026-04-01
6572576,softball,D2,2026-04-01,2026-04-01
6573192,softball,D2,2026-04-11,2026-04-11
6573379,softball,D2,2026-04-11,2026-04-11
6491510,softball,D3,2026-04-06,2026-04-06
6492074,softball,D3,2026-03-31,2026-03-31
6492463,softball,D3,2026-04-01,2026-04-01
6492607,softball,D3,2026-03-31,2026-03-31
6492611,softball,D3,2026-03-31,2026-03-31
6495171,softball,D3,2026-03-31,2026-03-31
6495173,softball,D3,2026-03-31,2026-03-31
6495451,softball,D3,2026-03-31,2026-03-31
6495580,softball,D3,2026-03-31,2026-03-31
6495687,softball,D3,2026-03-31,2026-03-31
6495689,softball,D3,2026-03-31,2026-03-31
6496060,softball,D3,2026-03-31,2026-03-31
6496061,softball,D3,2026-03-31,2026-03-31
6497857,softball,D3,2026-03-31,2026-03-31
6497859,softball,D3,2026-03-31,2026-03-31
6499313,softball,D3,2026-04-06,2026-04-06
6499521,softball,D3,2026-03-31,2026-03-31
6501540,softball,D3,2026-04-06,2026-04-06
6502807,softball,D3,2026-04-11,2026-04-11
6503382,softball,D3,2026-03-31,2026-03-31
6504067,softball,D3,2026-03-31,2026-03-31
6504069,softball,D3,2026-03-31,2026-03-31
6504459,softball,D3,2026-04-01,2026-04-01
6504968,softball,D3,2026-03-31,2026-03-31
6504969,softball,D3,2026-03-31,2026-03-31
6504978,softball,D3,2026-04-11,2026-04-11
6504982,softball,D3,2026-04-16,2026-04-16
6505447,softball,D3,2026-04-04,2026-04-04
6506096,softball,D3,2026-03-31,2026-03-31
6506097,softball,D3,2026-03-31,2026-03-31
6506729,softball,D3,2026-03-31,2026-03-31
6506745,softball,D3,2026-03-31,2026-03-31
6508604,softball,D3,2026-03-31,2026-03-31
6508605,softball,D3,2026-03-31,2026-03-31
6509456,softball,D3,2026-03-31,2026-03-31
6509459,softball,D3,2026-03-31,2026-03-31
6510220,softball,D3,2026-04-11,2026-04-11
6510544,softball,D3,2026-03-31,2026-03-31
6510547,softball,D3,2026-03-31,2026-03-31
6511268,softball,D3,2026-03-31,2026-03-31
6511271,softball,D3,2026-03-31,2026-03-31
6511862,softball,D3,2026-04-01,2026-04-01
6511871,softball,D3,2026-04-06,2026-04-06
6511903,softball,D3,2026-03-31,2026-03-31
6511904,softball,D3,2026-03-31,2026-03-31
6513655,softball,D3,2026-03-31,2026-03-31
6513656,softball,D3,2026-03-31,2026-03-31
6516781,softball,D3,2026-03-31,2026-03-31
6516782,softball,D3,2026-03-31,2026-03-31
6518005,softball,D3,2026-03-31,2026-03-31
6518006,softball,D3,2026-03-31,2026-03-31
6518223,softball,D3,2026-03-31,2026-03-31
6518226,softball,D3,2026-03-31,2026-03-31
6519392,softball,D3,2026-04-01,2026-04-01
6522098,softball,D3,2026-03-31,2026-03-31
6522102,softball,D3,2026-03-31,2026-03-31
6522159,softball,D3,2026-03-31,2026-03-31
6522161,softball,D3,2026-03-31,2026-03-31
6522623,softball,D3,2026-03-31,2026-03-31
6522624,softball,D3,2026-03-31,2026-03-31
6523168,softball,D3,2026-03-31,2026-03-31
6523169,softball,D3,2026-03-31,2026-03-31
6525212,softball,D3,2026-03-31,2026-03-31
6525216,softball,D3,2026-03-31,2026-03-31
6525915,softball,D3,2026-04-04,2026-04-04
6526497,softball,D3,2026-03-31,2026-03-31
6526501,softball,D3,2026-03-31,2026-03-31
6527008,softball,D3,2026-03-31,2026-03-31
6527012,softball,D3,2026-03-31,2026-03-31
6529657,softball,D3,2026-03-31,2026-03-31
6529658,softball,D3,2026-03-31,2026-03-31
6529762,softball,D3,2026-03-31,2026-03-31
6529871,softball,D3,2026-03-31,2026-03-31
6530510,softball,D3,2026-03-31,2026-03-31
6530511,softball,D3,2026-03-31,2026-03-31
6532466,softball,D3,2026-03-31,2026-03-31
6532468,softball,D3,2026-03-31,2026-03-31
6534252,softball,D3,2026-03-31,2026-03-31
6534255,softball,D3,2026-03-31,2026-03-31
6535057,softball,D3,2026-03-31,2026-03-31
6535060,softball,D3,2026-03-31,2026-03-31
6536228,softball,D3,2026-03-31,2026-03-31
6536238,softball,D3,2026-03-31,2026-03-31
6539431,softball,D3,2026-04-01,2026-04-01
6540797,softball,D3,2026-04-06,2026-04-06
6541704,softball,D3,2026-04-04,2026-04-04
6542205,softball,D3,2026-04-01,2026-04-01
6542872,softball,D3,2026-03-31,2026-03-31
6542873,softball,D3,2026-03-31,2026-03-31
6542914,softball,D3,2026-04-04,2026-04-04
6543332,softball,D3,2026-03-31,2026-03-31
6543333,softball,D3,2026-03-31,2026-03-31
6543780,softball,D3,2026-03-31,2026-03-31
6543781,softball,D3,2026-03-31,2026-03-31
6544015,softball,D3,2026-03-31,2026-03-31
6544016,softball,D3,2026-03-31,2026-03-31
6544569,softball,D3,2026-03-31,2026-03-31
6544570,softball,D3,2026-03-31,2026-03-31
6545343,softball,D3,2026-03-31,2026-03-31
6545344,softball,D3,2026-03-31,2026-03-31
6545438,softball,D3,2026-03-31,2026-03-31
6545439,softball,D3,2026-03-31,2026-03-31
6545809,softball,D3,2026-04-04,2026-04-04
6546107,softball,D3,2026-03-31,2026-03-31
6546108,softball,D3,2026-03-31,2026-03-31
6546842,softball,D3,2026-03-31,2026-03-31
6546843,softball,D3,2026-03-31,2026-03-31
6546882,softball,D3,2026-03-31,2026-03-31
6546883,softball,D3,2026-03-31,2026-03-31
6546922,softball,D3,2026-03-31,2026-03-31
6546923,softball,D3,2026-03-31,2026-03-31
6547236,softball,D3,2026-03-31,2026-03-31
6547238,softball,D3,2026-03-31,2026-03-31
6547956,softball,D3,2026-03-31,2026-03-31
6547957,softball,D3,2026-03-31,2026-03-31
6547962,softball,D3,2026-04-07,2026-04-07
6549353,softball,D3,2026-04-06,2026-04-06
6549391,softball,D3,2026-03-31,2026-03-31
6549392,softball,D3,2026-03-31,2026-03-31
6549971,softball,D3,2026-03-31,2026-03-31
6557846,softball,D3,2026-03-31,2026-03-31
6557847,softball,D3,2026-03-31,2026-03-31
6567773,softball,D3,2026-03-31,2026-03-31
6567791,softball,D3,2026-03-31,2026-03-31
6567810,softball,D3,2026-03-31,2026-03-31
6567813,softball,D3,2026-03-31,2026-03-31
6567815,softball,D3,2026-03-31,2026-03-31
6567829,softball,D3,2026-03-31,2026-03-31
6567948,softball,D3,2026-04-01,2026-04-01
6568220,softball,D3,2026-04-03,2026-04-03
6568222,softball,D3,2026-04-03,2026-04-03
6568229,softball,D3,2026-03-30,2026-03-30
6568294,softball,D3,2026-04-03,2026-04-03
6568335,softball,D3,2026-04-03,2026-04-03
6568342,softball,D3,2026-04-03,2026-04-03
6568343,softball,D3,2026-04-03,2026-04-03
6568358,softball,D3,2026-04-03,2026-04-03
6568373,softball,D3,2026-04-03,2026-04-03
6568381,softball,D3,2026-04-03,2026-04-03
6568389,softball,D3,2026-04-03,2026-04-03
6568412,softball,D3,2026-04-03,2026-04-03
6568438,softball,D3,2026-04-04,2026-04-04
6568442,softball,D3,2026-04-04,2026-04-04
6568446,softball,D3,2026-04-04,2026-04-04
6568462,softball,D3,2026-04-04,2026-04-04
6568470,softball,D3,2026-04-04,2026-04-04
6568495,softball,D3,2026-04-04,2026-04-04
6568506,softball,D3,2026-04-04,2026-04-04
6568542,softball,D3,2026-04-04,2026-04-04
6568557,softball,D3,2026-04-04,2026-04-04
6568558,softball,D3,2026-04-04,2026-04-04
6568562,softball,D3,2026-04-04,2026-04-04
6572677,softball,D3,2026-04-08,2026-04-08
6572697,softball,D3,2026-04-10,2026-04-10
6572703,softball,D3,2026-04-10,2026-04-10
6572741,softball,D3,2026-04-10,2026-04-10
6572813,softball,D3,2026-04-11,2026-04-11
6572923,softball,D3,2026-04-11,2026-04-11
6573552,softball,D3,2026-04-02,2026-04-02
6573657,softball,D3,2026-04-15,2026-04-15
6573664,softball,D3,2026-04-15,2026-04-15
6573665,softball,D3,2026-04-15,2026-04-15
6573669,softball,D3,2026-04-15,2026-04-15
6573671,softball,D3,2026-04-15,2026-04-15
6573674,softball,D3,2026-04-15,2026-04-15
6573676,softball,D3,2026-04-15,2026-04-15
6573682,softball,D3,2026-04-15,2026-04-15
6573691,softball,D3,2026-04-15,2026-04-15
6573693,softball,D3,2026-04-15,2026-04-15
6573695,softball,D3,2026-04-15,2026-04-15
6573696,softball,D3,2026-04-11,2026-04-11
6573697,softball,D3,2026-04-15,2026-04-15
6573701,softball,D3,2026-04-15,2026-04-15
6573704,softball,D3,2026-04-15,2026-04-15
6573706,softball,D3,2026-04-15,2026-04-15
6573707,softball,D3,2026-04-15,2026-04-15
6573709,softball,D3,2026-04-15,2026-04-15
6573710,softball,D3,2026-04-15,2026-04-15
6573711,softball,D3,2026-04-15,2026-04-15
6573712,softball,D3,2026-04-15,2026-04-15
6573713,softball,D3,2026-04-15,2026-04-15
6573714,softball,D3,2026-04-15,2026-04-15
6573715,softball,D3,2026-04-15,2026-04-15
6573717,softball,D3,2026-04-15,2026-04-15
6573726,softball,D3,2026-04-15,2026-04-15
6573731,softball,D3,2026-04-15,2026-04-15
6573733,softball,D3,2026-04-15,2026-04-15
6573734,softball,D3,2026-04-15,2026-04-15
6573738,softball,D3,2026-04-15,2026-04-15
6573742,softball,D3,2026-04-15,2026-04-15
6573743,softball,D3,2026-04-15,2026-04-15
6573745,softball,D3,2026-04-15,2026-04-15
6573826,softball,D3,2026-04-16,2026-04-16
6573843,softball,D3,2026-04-16,2026-04-16
6573852,softball,D3,2026-04-16,2026-04-16
6573875,softball,D3,2026-04-16,2026-04-16
