source,gameId,sport,division,date,team,opponent
pbp_gap,6537026,baseball,D2,,,
pbp_gap,6565656,baseball,D2,,,
pbp_gap,6565657,baseball,D2,,,
pbp_gap,6565704,baseball,D2,,,
pbp_gap,6568454,baseball,D2,,,
pbp_gap,6568466,baseball,D2,,,
pbp_gap,6568492,baseball,D2,,,
pbp_gap,6568508,baseball,D2,,,
pbp_gap,6568523,baseball,D2,,,
pbp_gap,6568532,baseball,D2,,,
pbp_gap,6568535,baseball,D2,,,
pbp_gap,6568544,baseball,D2,,,
pbp_gap,6568548,baseball,D2,,,
pbp_gap,6568555,baseball,D2,,,
pbp_gap,6568568,baseball,D2,,,
pbp_gap,6568573,baseball,D2,,,
pbp_gap,6568641,baseball,D2,,,
pbp_gap,6568642,baseball,D2,,,
pbp_gap,6568698,baseball,D2,,,
pbp_gap,6568715,baseball,D2,,,
pbp_gap,6568716,baseball,D2,,,
pbp_gap,6568773,baseball,D2,,,
pbp_gap,6568781,baseball,D2,,,
pbp_gap,6568789,baseball,D2,,,
pbp_gap,6568796,baseball,D2,,,
pbp_gap,6573042,baseball,D2,,,
pbp_gap,6573050,baseball,D2,,,
pbp_gap,6526051,baseball,D3,,,
pbp_gap,6538771,baseball,D3,,,
pbp_gap,6548972,baseball,D3,,,
pbp_gap,6564607,baseball,D3,,,
pbp_gap,6565362,baseball,D3,,,
pbp_gap,6565631,baseball,D3,,,
pbp_gap,6572545,baseball,D3,,,
pbp_gap,6572565,baseball,D3,,,
pbp_gap,6572574,baseball,D3,,,
pbp_gap,6572581,baseball,D3,,,
pbp_gap,6572587,baseball,D3,,,
pbp_gap,6574002,baseball,D3,,,
pbp_gap,6574075,baseball,D3,,,
pbp_gap,6574097,baseball,D3,,,
pbp_gap,6574108,baseball,D3,,,
pbp_gap,6574114,baseball,D3,,,
pbp_gap,6574119,baseball,D3,,,
pbp_gap,6574128,baseball,D3,,,
pbp_gap,6574129,baseball,D3,,,
pbp_gap,6574152,baseball,D3,,,
pbp_gap,6574182,baseball,D3,,,
pbp_gap,6574187,baseball,D3,,,
pbp_gap,6574207,baseball,D3,,,
pbp_gap,6574218,baseball,D3,,,
pbp_gap,6574257,baseball,D3,,,
pbp_gap,6573074,softball,D1,,,
pbp_gap,6573075,softball,D1,,,
pbp_gap,6525637,softball,D2,,,
pbp_gap,6525643,softball,D2,,,
pbp_gap,6525815,softball,D2,,,
pbp_gap,6525817,softball,D2,,,
pbp_gap,6525861,softball,D2,,,
pbp_gap,6525862,softball,D2,,,
pbp_gap,6525955,softball,D2,,,
pbp_gap,6525956,softball,D2,,,
pbp_gap,6526222,softball,D2,,,
pbp_gap,6526223,softball,D2,,,
pbp_gap,6526240,softball,D2,,,
pbp_gap,6526483,softball,D2,,,
pbp_gap,6526492,softball,D2,,,
pbp_gap,6526554,softball,D2,,,
pbp_gap,6526557,softball,D2,,,
pbp_gap,6526574,softball,D2,,,
pbp_gap,6526577,softball,D2,,,
pbp_gap,6526687,softball,D2,,,
pbp_gap,6527617,softball,D2,,,
pbp_gap,6527619,softball,D2,,,
pbp_gap,6527704,softball,D2,,,
pbp_gap,6527706,softball,D2,,,
pbp_gap,6527793,softball,D2,,,
pbp_gap,6527796,softball,D2,,,
pbp_gap,6528394,softball,D2,,,
pbp_gap,6528397,softball,D2,,,
pbp_gap,6528879,softball,D2,,,
pbp_gap,6528881,softball,D2,,,
pbp_gap,6529095,softball,D2,,,
pbp_gap,6529098,softball,D2,,,
pbp_gap,6529123,softball,D2,,,
pbp_gap,6529128,softball,D2,,,
pbp_gap,6530285,softball,D2,,,
pbp_gap,6530286,softball,D2,,,
pbp_gap,6530444,softball,D2,,,
pbp_gap,6530445,softball,D2,,,
pbp_gap,6530815,softball,D2,,,
pbp_gap,6530824,softball,D2,,,
pbp_gap,6531335,softball,D2,,,
pbp_gap,6531337,softball,D2,,,
pbp_gap,6531582,softball,D2,,,
pbp_gap,6531586,softball,D2,,,
pbp_gap,6531780,softball,D2,,,
pbp_gap,6531929,softball,D2,,,
pbp_gap,6531930,softball,D2,,,
pbp_gap,6532687,softball,D2,,,
pbp_gap,6532690,softball,D2,,,
pbp_gap,6534060,softball,D2,,,
pbp_gap,6534067,softball,D2,,,
pbp_gap,6535652,softball,D2,,,
pbp_gap,6535653,softball,D2,,,
pbp_gap,6536541,softball,D2,,,
pbp_gap,6536548,softball,D2,,,
pbp_gap,6538049,softball,D2,,,
pbp_gap,6538052,softball,D2,,,
pbp_gap,6541148,softball,D2,,,
pbp_gap,6541149,softball,D2,,,
pbp_gap,6541574,softball,D2,,,
pbp_gap,6541577,softball,D2,,,
pbp_gap,6549825,softball,D2,,,
pbp_gap,6549826,softball,D2,,,
pbp_gap,6550100,softball,D2,,,
pbp_gap,6550101,softball,D2,,,
pbp_gap,6562754,softball,D2,,,
pbp_gap,6566332,softball,D2,,,
pbp_gap,6566333,softball,D2,,,
pbp_gap,6566397,softball,D2,,,
pbp_gap,6566398,softball,D2,,,
pbp_gap,6566802,softball,D2,,,
pbp_gap,6566803,softball,D2,,,
pbp_gap,6566828,softball,D2,,,
pbp_gap,6566830,softball,D2,,,
pbp_gap,6566840,softball,D2,,,
pbp_gap,6566871,softball,D2,,,
pbp_gap,6566901,softball,D2,,,
pbp_gap,6566943,softball,D2,,,
pbp_gap,6567173,softball,D2,,,
pbp_gap,6567177,softball,D2,,,
pbp_gap,6568759,softball,D2,,,
pbp_gap,6568760,softball,D2,,,
pbp_gap,6572557,softball,D2,,,
pbp_gap,6572576,softball,D2,,,
pbp_gap,6573192,softball,D2,,,
pbp_gap,6573379,softball,D2,,,
pbp_gap,6491510,softball,D3,,,
pbp_gap,6492074,softball,D3,,,
pbp_gap,6492463,softball,D3,,,
pbp_gap,6492607,softball,D3,,,
pbp_gap,6492611,softball,D3,,,
pbp_gap,6495171,softball,D3,,,
pbp_gap,6495173,softball,D3,,,
pbp_gap,6495451,softball,D3,,,
pbp_gap,6495580,softball,D3,,,
pbp_gap,6495687,softball,D3,,,
pbp_gap,6495689,softball,D3,,,
pbp_gap,6496060,softball,D3,,,
pbp_gap,6496061,softball,D3,,,
pbp_gap,6497857,softball,D3,,,
pbp_gap,6497859,softball,D3,,,
pbp_gap,6499313,softball,D3,,,
pbp_gap,6499521,softball,D3,,,
pbp_gap,6501540,softball,D3,,,
pbp_gap,6502807,softball,D3,,,
pbp_gap,6503382,softball,D3,,,
pbp_gap,6504067,softball,D3,,,
pbp_gap,6504069,softball,D3,,,
pbp_gap,6504459,softball,D3,,,
pbp_gap,6504968,softball,D3,,,
pbp_gap,6504969,softball,D3,,,
pbp_gap,6504978,softball,D3,,,
pbp_gap,6504982,softball,D3,,,
pbp_gap,6505447,softball,D3,,,
pbp_gap,6506096,softball,D3,,,
pbp_gap,6506097,softball,D3,,,
pbp_gap,6506729,softball,D3,,,
pbp_gap,6506745,softball,D3,,,
pbp_gap,6508604,softball,D3,,,
pbp_gap,6508605,softball,D3,,,
pbp_gap,6509456,softball,D3,,,
pbp_gap,6509459,softball,D3,,,
pbp_gap,6510220,softball,D3,,,
pbp_gap,6510544,softball,D3,,,
pbp_gap,6510547,softball,D3,,,
pbp_gap,6511268,softball,D3,,,
pbp_gap,6511271,softball,D3,,,
pbp_gap,6511862,softball,D3,,,
pbp_gap,6511871,softball,D3,,,
pbp_gap,6511903,softball,D3,,,
pbp_gap,6511904,softball,D3,,,
pbp_gap,6513655,softball,D3,,,
pbp_gap,6513656,softball,D3,,,
pbp_gap,6516781,softball,D3,,,
pbp_gap,6516782,softball,D3,,,
pbp_gap,6518005,softball,D3,,,
pbp_gap,6518006,softball,D3,,,
pbp_gap,6518223,softball,D3,,,
pbp_gap,6518226,softball,D3,,,
pbp_gap,6519392,softball,D3,,,
pbp_gap,6522098,softball,D3,,,
pbp_gap,6522102,softball,D3,,,
pbp_gap,6522159,softball,D3,,,
pbp_gap,6522161,softball,D3,,,
pbp_gap,6522623,softball,D3,,,
pbp_gap,6522624,softball,D3,,,
pbp_gap,6523168,softball,D3,,,
pbp_gap,6523169,softball,D3,,,
pbp_gap,6525212,softball,D3,,,
pbp_gap,6525216,softball,D3,,,
pbp_gap,6525915,softball,D3,,,
pbp_gap,6526497,softball,D3,,,
pbp_gap,6526501,softball,D3,,,
pbp_gap,6527008,softball,D3,,,
pbp_gap,6527012,softball,D3,,,
pbp_gap,6529657,softball,D3,,,
pbp_gap,6529658,softball,D3,,,
pbp_gap,6529762,softball,D3,,,
pbp_gap,6529871,softball,D3,,,
pbp_gap,6530510,softball,D3,,,
pbp_gap,6530511,softball,D3,,,
pbp_gap,6532466,softball,D3,,,
pbp_gap,6532468,softball,D3,,,
pbp_gap,6534252,softball,D3,,,
pbp_gap,6534255,softball,D3,,,
pbp_gap,6535057,softball,D3,,,
pbp_gap,6535060,softball,D3,,,
pbp_gap,6536228,softball,D3,,,
pbp_gap,6536238,softball,D3,,,
pbp_gap,6539431,softball,D3,,,
pbp_gap,6540797,softball,D3,,,
pbp_gap,6541704,softball,D3,,,
pbp_gap,6542205,softball,D3,,,
pbp_gap,6542872,softball,D3,,,
pbp_gap,6542873,softball,D3,,,
pbp_gap,6542914,softball,D3,,,
pbp_gap,6543332,softball,D3,,,
pbp_gap,6543333,softball,D3,,,
pbp_gap,6543780,softball,D3,,,
pbp_gap,6543781,softball,D3,,,
pbp_gap,6544015,softball,D3,,,
pbp_gap,6544016,softball,D3,,,
pbp_gap,6544569,softball,D3,,,
pbp_gap,6544570,softball,D3,,,
pbp_gap,6545343,softball,D3,,,
pbp_gap,6545344,softball,D3,,,
pbp_gap,6545438,softball,D3,,,
pbp_gap,6545439,softball,D3,,,
pbp_gap,6545809,softball,D3,,,
pbp_gap,6546107,softball,D3,,,
pbp_gap,6546108,softball,D3,,,
pbp_gap,6546842,softball,D3,,,
pbp_gap,6546843,softball,D3,,,
pbp_gap,6546882,softball,D3,,,
pbp_gap,6546883,softball,D3,,,
pbp_gap,6546922,softball,D3,,,
pbp_gap,6546923,softball,D3,,,
pbp_gap,6547236,softball,D3,,,
pbp_gap,6547238,softball,D3,,,
pbp_gap,6547956,softball,D3,,,
pbp_gap,6547957,softball,D3,,,
pbp_gap,6547962,softball,D3,,,
pbp_gap,6549353,softball,D3,,,
pbp_gap,6549391,softball,D3,,,
pbp_gap,6549392,softball,D3,,,
pbp_gap,6549971,softball,D3,,,
pbp_gap,6557846,softball,D3,,,
pbp_gap,6557847,softball,D3,,,
pbp_gap,6567773,softball,D3,,,
pbp_gap,6567791,softball,D3,,,
pbp_gap,6567810,softball,D3,,,
pbp_gap,6567813,softball,D3,,,
pbp_gap,6567815,softball,D3,,,
pbp_gap,6567829,softball,D3,,,
pbp_gap,6567948,softball,D3,,,
pbp_gap,6568220,softball,D3,,,
pbp_gap,6568222,softball,D3,,,
pbp_gap,6568229,softball,D3,,,
pbp_gap,6568294,softball,D3,,,
pbp_gap,6568335,softball,D3,,,
pbp_gap,6568342,softball,D3,,,
pbp_gap,6568343,softball,D3,,,
pbp_gap,6568358,softball,D3,,,
pbp_gap,6568373,softball,D3,,,
pbp_gap,6568381,softball,D3,,,
pbp_gap,6568389,softball,D3,,,
pbp_gap,6568412,softball,D3,,,
pbp_gap,6568438,softball,D3,,,
pbp_gap,6568442,softball,D3,,,
pbp_gap,6568446,softball,D3,,,
pbp_gap,6568462,softball,D3,,,
pbp_gap,6568470,softball,D3,,,
pbp_gap,6568495,softball,D3,,,
pbp_gap,6568506,softball,D3,,,
pbp_gap,6568542,softball,D3,,,
pbp_gap,6568557,softball,D3,,,
pbp_gap,6568558,softball,D3,,,
pbp_gap,6568562,softball,D3,,,
pbp_gap,6572677,softball,D3,,,
pbp_gap,6572697,softball,D3,,,
pbp_gap,6572703,softball,D3,,,
pbp_gap,6572741,softball,D3,,,
pbp_gap,6572813,softball,D3,,,
pbp_gap,6572923,softball,D3,,,
pbp_gap,6573552,softball,D3,,,
pbp_gap,6573657,softball,D3,,,
pbp_gap,6573664,softball,D3,,,
pbp_gap,6573665,softball,D3,,,
pbp_gap,6573669,softball,D3,,,
pbp_gap,6573671,softball,D3,,,
pbp_gap,6573674,softball,D3,,,
pbp_gap,6573676,softball,D3,,,
pbp_gap,6573682,softball,D3,,,
pbp_gap,6573691,softball,D3,,,
pbp_gap,6573693,softball,D3,,,
pbp_gap,6573695,softball,D3,,,
pbp_gap,6573696,softball,D3,,,
pbp_gap,6573697,softball,D3,,,
pbp_gap,6573701,softball,D3,,,
pbp_gap,6573704,softball,D3,,,
pbp_gap,6573706,softball,D3,,,
pbp_gap,6573707,softball,D3,,,
pbp_gap,6573709,softball,D3,,,
pbp_gap,6573710,softball,D3,,,
pbp_gap,6573711,softball,D3,,,
pbp_gap,6573712,softball,D3,,,
pbp_gap,6573713,softball,D3,,,
pbp_gap,6573714,softball,D3,,,
pbp_gap,6573715,softball,D3,,,
pbp_gap,6573717,softball,D3,,,
pbp_gap,6573726,softball,D3,,,
pbp_gap,6573731,softball,D3,,,
pbp_gap,6573733,softball,D3,,,
pbp_gap,6573734,softball,D3,,,
pbp_gap,6573738,softball,D3,,,
pbp_gap,6573742,softball,D3,,,
pbp_gap,6573743,softball,D3,,,
pbp_gap,6573745,softball,D3,,,
pbp_gap,6573826,softball,D3,,,
pbp_gap,6573843,softball,D3,,,
pbp_gap,6573852,softball,D3,,,
pbp_gap,6573875,softball,D3,,,
